alpha,w_r,w_c,action,intimacy,reward,density,model
2,2,1,0,0.0,low,0.00990099273622036,vanilla
2,2,1,0,0.0,high,0.00990099273622036,vanilla
2,2,1,0,0.9999999776482582,low,0.00990099273622036,vanilla
2,2,1,0,0.9999999776482582,high,0.00990099273622036,vanilla
2,2,1,0,1.9999999552965164,low,0.00990099273622036,vanilla
2,2,1,0,1.9999999552965164,high,0.00990099273622036,vanilla
2,2,1,0,2.9999999329447746,low,0.00990099273622036,vanilla
2,2,1,0,2.9999999329447746,high,0.00990099273622036,vanilla
2,2,1,0,3.999999910593033,low,0.00990099273622036,vanilla
2,2,1,0,3.999999910593033,high,0.00990099273622036,vanilla
2,2,1,0,4.999999701976776,low,0.00990099273622036,vanilla
2,2,1,0,4.999999701976776,high,0.00990099273622036,vanilla
2,2,1,0,5.999999865889549,low,0.00990099273622036,vanilla
2,2,1,0,5.999999865889549,high,0.00990099273622036,vanilla
2,2,1,0,7.000000029802322,low,0.00990099273622036,vanilla
2,2,1,0,7.000000029802322,high,0.00990099273622036,vanilla
2,2,1,0,7.999999821186066,low,0.00990099273622036,vanilla
2,2,1,0,7.999999821186066,high,0.00990099273622036,vanilla
2,2,1,0,8.999999612569809,low,0.00990099273622036,vanilla
2,2,1,0,8.999999612569809,high,0.00990099273622036,vanilla
2,2,1,0,9.999999403953552,low,0.00990099273622036,vanilla
2,2,1,0,9.999999403953552,high,0.00990099273622036,vanilla
2,2,1,0,10.999999940395355,low,0.00990099273622036,vanilla
2,2,1,0,10.999999940395355,high,0.00990099273622036,vanilla
2,2,1,0,11.999999731779099,low,0.00990099273622036,vanilla
2,2,1,0,11.999999731779099,high,0.00990099273622036,vanilla
2,2,1,0,12.999999523162842,low,0.00990099273622036,vanilla
2,2,1,0,12.999999523162842,high,0.00990099273622036,vanilla
2,2,1,0,14.000000059604645,low,0.00990099273622036,vanilla
2,2,1,0,14.000000059604645,high,0.00990099273622036,vanilla
2,2,1,0,14.999999105930328,low,0.00990099273622036,vanilla
2,2,1,0,14.999999105930328,high,0.00990099273622036,vanilla
2,2,1,0,15.999999642372131,low,0.00990099273622036,vanilla
2,2,1,0,15.999999642372131,high,0.00990099273622036,vanilla
2,2,1,0,17.000000178813934,low,0.00990099273622036,vanilla
2,2,1,0,17.000000178813934,high,0.00990099273622036,vanilla
2,2,1,0,17.999999225139618,low,0.00990099273622036,vanilla
2,2,1,0,17.999999225139618,high,0.00990099273622036,vanilla
2,2,1,0,18.99999976158142,low,0.00990099273622036,vanilla
2,2,1,0,18.99999976158142,high,0.00990099273622036,vanilla
2,2,1,0,19.999998807907104,low,0.00990099273622036,vanilla
2,2,1,0,19.999998807907104,high,0.00990099273622036,vanilla
2,2,1,0,20.999999344348907,low,0.00990099273622036,vanilla
2,2,1,0,20.999999344348907,high,0.00990099273622036,vanilla
2,2,1,0,21.99999988079071,low,0.00990099273622036,vanilla
2,2,1,0,21.99999988079071,high,0.00990099273622036,vanilla
2,2,1,0,22.999998927116394,low,0.00990099273622036,vanilla
2,2,1,0,22.999998927116394,high,0.00990099273622036,vanilla
2,2,1,0,23.999999463558197,low,0.00990099273622036,vanilla
2,2,1,0,23.999999463558197,high,0.00990099273622036,vanilla
2,2,1,0,25.0,low,0.00990099273622036,vanilla
2,2,1,0,25.0,high,0.00990099273622036,vanilla
2,2,1,0,25.999999046325684,low,0.00990099273622036,vanilla
2,2,1,0,25.999999046325684,high,0.00990099273622036,vanilla
2,2,1,0,26.999998092651367,low,0.00990099273622036,vanilla
2,2,1,0,26.999998092651367,high,0.00990099273622036,vanilla
2,2,1,0,28.00000011920929,low,0.00990099273622036,vanilla
2,2,1,0,28.00000011920929,high,0.00990099273622036,vanilla
2,2,1,0,28.999999165534973,low,0.00990099273622036,vanilla
2,2,1,0,28.999999165534973,high,0.00990099273622036,vanilla
2,2,1,0,29.999998211860657,low,0.00990099273622036,vanilla
2,2,1,0,29.999998211860657,high,0.00990099273622036,vanilla
2,2,1,0,31.00000023841858,low,0.00990099273622036,vanilla
2,2,1,0,31.00000023841858,high,0.00990099273622036,vanilla
2,2,1,0,31.999999284744263,low,0.00990099273622036,vanilla
2,2,1,0,31.999999284744263,high,0.00990099273622036,vanilla
2,2,1,0,32.999998331069946,low,0.00990099273622036,vanilla
2,2,1,0,32.999998331069946,high,0.00990099273622036,vanilla
2,2,1,0,34.00000035762787,low,0.00990099273622036,vanilla
2,2,1,0,34.00000035762787,high,0.00990099273622036,vanilla
2,2,1,0,34.99999940395355,low,0.00990099273622036,vanilla
2,2,1,0,34.99999940395355,high,0.00990099273622036,vanilla
2,2,1,0,35.999998450279236,low,0.00990099273622036,vanilla
2,2,1,0,35.999998450279236,high,0.00990099273622036,vanilla
2,2,1,0,37.00000047683716,low,0.00990099273622036,vanilla
2,2,1,0,37.00000047683716,high,0.00990099273622036,vanilla
2,2,1,0,37.99999952316284,low,0.00990099273622036,vanilla
2,2,1,0,37.99999952316284,high,0.00990099273622036,vanilla
2,2,1,0,38.999998569488525,low,0.00990099273622036,vanilla
2,2,1,0,38.999998569488525,high,0.00990099273622036,vanilla
2,2,1,0,39.99999761581421,low,0.00990099273622036,vanilla
2,2,1,0,39.99999761581421,high,0.00990099273622036,vanilla
2,2,1,0,40.99999964237213,low,0.00990099273622036,vanilla
2,2,1,0,40.99999964237213,high,0.00990099273622036,vanilla
2,2,1,0,41.999998688697815,low,0.00990099273622036,vanilla
2,2,1,0,41.999998688697815,high,0.00990099273622036,vanilla
2,2,1,0,42.9999977350235,low,0.00990099273622036,vanilla
2,2,1,0,42.9999977350235,high,0.00990099273622036,vanilla
2,2,1,0,43.99999976158142,low,0.00990099273622036,vanilla
2,2,1,0,43.99999976158142,high,0.00990099273622036,vanilla
2,2,1,0,44.999998807907104,low,0.00990099273622036,vanilla
2,2,1,0,44.999998807907104,high,0.00990099273622036,vanilla
2,2,1,0,45.99999785423279,low,0.00990099273622036,vanilla
2,2,1,0,45.99999785423279,high,0.00990099273622036,vanilla
2,2,1,0,46.99999988079071,low,0.00990099273622036,vanilla
2,2,1,0,46.99999988079071,high,0.00990099273622036,vanilla
2,2,1,0,47.999998927116394,low,0.00990099273622036,vanilla
2,2,1,0,47.999998927116394,high,0.00990099273622036,vanilla
2,2,1,0,48.99999797344208,low,0.00990099273622036,vanilla
2,2,1,0,48.99999797344208,high,0.00990099273622036,vanilla
2,2,1,0,50.0,low,0.00990099273622036,vanilla
2,2,1,0,50.0,high,0.00990099273622036,vanilla
2,2,1,0,50.999999046325684,low,0.00990099273622036,vanilla
2,2,1,0,50.999999046325684,high,0.00990099273622036,vanilla
2,2,1,0,51.99999809265137,low,0.00990099273622036,vanilla
2,2,1,0,51.99999809265137,high,0.00990099273622036,vanilla
2,2,1,0,52.99999713897705,low,0.00990099273622036,vanilla
2,2,1,0,52.99999713897705,high,0.00990099273622036,vanilla
2,2,1,0,53.999996185302734,low,0.00990099273622036,vanilla
2,2,1,0,53.999996185302734,high,0.00990099273622036,vanilla
2,2,1,0,55.000001192092896,low,0.00990099273622036,vanilla
2,2,1,0,55.000001192092896,high,0.00990099273622036,vanilla
2,2,1,0,56.00000023841858,low,0.00990099273622036,vanilla
2,2,1,0,56.00000023841858,high,0.00990099273622036,vanilla
2,2,1,0,56.99999928474426,low,0.00990099273622036,vanilla
2,2,1,0,56.99999928474426,high,0.00990099273622036,vanilla
2,2,1,0,57.999998331069946,low,0.00990099273622036,vanilla
2,2,1,0,57.999998331069946,high,0.00990099273622036,vanilla
2,2,1,0,58.99999737739563,low,0.00990099273622036,vanilla
2,2,1,0,58.99999737739563,high,0.00990099273622036,vanilla
2,2,1,0,59.99999642372131,low,0.00990099273622036,vanilla
2,2,1,0,59.99999642372131,high,0.00990099273622036,vanilla
2,2,1,0,61.000001430511475,low,0.00990099273622036,vanilla
2,2,1,0,61.000001430511475,high,0.00990099273622036,vanilla
2,2,1,0,62.00000047683716,low,0.00990099273622036,vanilla
2,2,1,0,62.00000047683716,high,0.00990099273622036,vanilla
2,2,1,0,62.99999952316284,low,0.00990099273622036,vanilla
2,2,1,0,62.99999952316284,high,0.00990099273622036,vanilla
2,2,1,0,63.999998569488525,low,0.00990099273622036,vanilla
2,2,1,0,63.999998569488525,high,0.00990099273622036,vanilla
2,2,1,0,64.99999761581421,low,0.00990099273622036,vanilla
2,2,1,0,64.99999761581421,high,0.00990099273622036,vanilla
2,2,1,0,65.99999666213989,low,0.00990099273622036,vanilla
2,2,1,0,65.99999666213989,high,0.00990099273622036,vanilla
2,2,1,0,66.99999570846558,low,0.00990099273622036,vanilla
2,2,1,0,66.99999570846558,high,0.00990099273622036,vanilla
2,2,1,0,68.00000071525574,low,0.00990099273622036,vanilla
2,2,1,0,68.00000071525574,high,0.00990099273622036,vanilla
2,2,1,0,68.99999976158142,low,0.00990099273622036,vanilla
2,2,1,0,68.99999976158142,high,0.00990099273622036,vanilla
2,2,1,0,69.9999988079071,low,0.00990099273622036,vanilla
2,2,1,0,69.9999988079071,high,0.00990099273622036,vanilla
2,2,1,0,70.99999785423279,low,0.00990099273622036,vanilla
2,2,1,0,70.99999785423279,high,0.00990099273622036,vanilla
2,2,1,0,71.99999690055847,low,0.00990099273622036,vanilla
2,2,1,0,71.99999690055847,high,0.00990099273622036,vanilla
2,2,1,0,72.99999594688416,low,0.00990099273622036,vanilla
2,2,1,0,72.99999594688416,high,0.00990099273622036,vanilla
2,2,1,0,74.00000095367432,low,0.00990099273622036,vanilla
2,2,1,0,74.00000095367432,high,0.00990099273622036,vanilla
2,2,1,0,75.0,low,0.00990099273622036,vanilla
2,2,1,0,75.0,high,0.00990099273622036,vanilla
2,2,1,0,75.99999904632568,low,0.00990099273622036,vanilla
2,2,1,0,75.99999904632568,high,0.00990099273622036,vanilla
2,2,1,0,76.99999809265137,low,0.00990099273622036,vanilla
2,2,1,0,76.99999809265137,high,0.00990099273622036,vanilla
2,2,1,0,77.99999713897705,low,0.00990099273622036,vanilla
2,2,1,0,77.99999713897705,high,0.00990099273622036,vanilla
2,2,1,0,78.99999618530273,low,0.00990099273622036,vanilla
2,2,1,0,78.99999618530273,high,0.00990099273622036,vanilla
2,2,1,0,79.99999523162842,low,0.00990099273622036,vanilla
2,2,1,0,79.99999523162842,high,0.00990099273622036,vanilla
2,2,1,0,81.00000023841858,low,0.00990099273622036,vanilla
2,2,1,0,81.00000023841858,high,0.00990099273622036,vanilla
2,2,1,0,81.99999928474426,low,0.00990099273622036,vanilla
2,2,1,0,81.99999928474426,high,0.00990099273622036,vanilla
2,2,1,0,82.99999833106995,low,0.00990099273622036,vanilla
2,2,1,0,82.99999833106995,high,0.00990099273622036,vanilla
2,2,1,0,83.99999737739563,low,0.00990099273622036,vanilla
2,2,1,0,83.99999737739563,high,0.00990099273622036,vanilla
2,2,1,0,84.99999642372131,low,0.00990099273622036,vanilla
2,2,1,0,84.99999642372131,high,0.00990099273622036,vanilla
2,2,1,0,85.999995470047,low,0.00990099273622036,vanilla
2,2,1,0,85.999995470047,high,0.00990099273622036,vanilla
2,2,1,0,87.00000047683716,low,0.00990099273622036,vanilla
2,2,1,0,87.00000047683716,high,0.00990099273622036,vanilla
2,2,1,0,87.99999952316284,low,0.00990099273622036,vanilla
2,2,1,0,87.99999952316284,high,0.00990099273622036,vanilla
2,2,1,0,88.99999856948853,low,0.00990099273622036,vanilla
2,2,1,0,88.99999856948853,high,0.00990099273622036,vanilla
2,2,1,0,89.99999761581421,low,0.00990099273622036,vanilla
2,2,1,0,89.99999761581421,high,0.00990099273622036,vanilla
2,2,1,0,90.99999666213989,low,0.00990099273622036,vanilla
2,2,1,0,90.99999666213989,high,0.00990099273622036,vanilla
2,2,1,0,91.99999570846558,low,0.00990099273622036,vanilla
2,2,1,0,91.99999570846558,high,0.00990099273622036,vanilla
2,2,1,0,93.00000071525574,low,0.00990099273622036,vanilla
2,2,1,0,93.00000071525574,high,0.00990099273622036,vanilla
2,2,1,0,93.99999976158142,low,0.00990099273622036,vanilla
2,2,1,0,93.99999976158142,high,0.00990099273622036,vanilla
2,2,1,0,94.9999988079071,low,0.00990099273622036,vanilla
2,2,1,0,94.9999988079071,high,0.00990099273622036,vanilla
2,2,1,0,95.99999785423279,low,0.00990099273622036,vanilla
2,2,1,0,95.99999785423279,high,0.00990099273622036,vanilla
2,2,1,0,96.99999690055847,low,0.00990099273622036,vanilla
2,2,1,0,96.99999690055847,high,0.00990099273622036,vanilla
2,2,1,0,97.99999594688416,low,0.00990099273622036,vanilla
2,2,1,0,97.99999594688416,high,0.00990099273622036,vanilla
2,2,1,0,98.99999499320984,low,0.00990099273622036,vanilla
2,2,1,0,98.99999499320984,high,0.00990099273622036,vanilla
2,2,1,0,100.0,low,0.00990099273622036,vanilla
2,2,1,0,100.0,high,0.00990099273622036,vanilla
2,2,1,1,0.0,low,0.00990099273622036,vanilla
2,2,1,1,0.0,high,0.00990099273622036,vanilla
2,2,1,1,0.9999999776482582,low,0.00990099273622036,vanilla
2,2,1,1,0.9999999776482582,high,0.00990099273622036,vanilla
2,2,1,1,1.9999999552965164,low,0.00990099273622036,vanilla
2,2,1,1,1.9999999552965164,high,0.00990099273622036,vanilla
2,2,1,1,2.9999999329447746,low,0.00990099273622036,vanilla
2,2,1,1,2.9999999329447746,high,0.00990099273622036,vanilla
2,2,1,1,3.999999910593033,low,0.00990099273622036,vanilla
2,2,1,1,3.999999910593033,high,0.00990099273622036,vanilla
2,2,1,1,4.999999701976776,low,0.00990099273622036,vanilla
2,2,1,1,4.999999701976776,high,0.00990099273622036,vanilla
2,2,1,1,5.999999865889549,low,0.00990099273622036,vanilla
2,2,1,1,5.999999865889549,high,0.00990099273622036,vanilla
2,2,1,1,7.000000029802322,low,0.00990099273622036,vanilla
2,2,1,1,7.000000029802322,high,0.00990099273622036,vanilla
2,2,1,1,7.999999821186066,low,0.00990099273622036,vanilla
2,2,1,1,7.999999821186066,high,0.00990099273622036,vanilla
2,2,1,1,8.999999612569809,low,0.00990099273622036,vanilla
2,2,1,1,8.999999612569809,high,0.00990099273622036,vanilla
2,2,1,1,9.999999403953552,low,0.00990099273622036,vanilla
2,2,1,1,9.999999403953552,high,0.00990099273622036,vanilla
2,2,1,1,10.999999940395355,low,0.00990099273622036,vanilla
2,2,1,1,10.999999940395355,high,0.00990099273622036,vanilla
2,2,1,1,11.999999731779099,low,0.00990099273622036,vanilla
2,2,1,1,11.999999731779099,high,0.00990099273622036,vanilla
2,2,1,1,12.999999523162842,low,0.00990099273622036,vanilla
2,2,1,1,12.999999523162842,high,0.00990099273622036,vanilla
2,2,1,1,14.000000059604645,low,0.00990099273622036,vanilla
2,2,1,1,14.000000059604645,high,0.00990099273622036,vanilla
2,2,1,1,14.999999105930328,low,0.00990099273622036,vanilla
2,2,1,1,14.999999105930328,high,0.00990099273622036,vanilla
2,2,1,1,15.999999642372131,low,0.00990099273622036,vanilla
2,2,1,1,15.999999642372131,high,0.00990099273622036,vanilla
2,2,1,1,17.000000178813934,low,0.00990099273622036,vanilla
2,2,1,1,17.000000178813934,high,0.00990099273622036,vanilla
2,2,1,1,17.999999225139618,low,0.00990099273622036,vanilla
2,2,1,1,17.999999225139618,high,0.00990099273622036,vanilla
2,2,1,1,18.99999976158142,low,0.00990099273622036,vanilla
2,2,1,1,18.99999976158142,high,0.00990099273622036,vanilla
2,2,1,1,19.999998807907104,low,0.00990099273622036,vanilla
2,2,1,1,19.999998807907104,high,0.00990099273622036,vanilla
2,2,1,1,20.999999344348907,low,0.00990099273622036,vanilla
2,2,1,1,20.999999344348907,high,0.00990099273622036,vanilla
2,2,1,1,21.99999988079071,low,0.00990099273622036,vanilla
2,2,1,1,21.99999988079071,high,0.00990099273622036,vanilla
2,2,1,1,22.999998927116394,low,0.00990099273622036,vanilla
2,2,1,1,22.999998927116394,high,0.00990099273622036,vanilla
2,2,1,1,23.999999463558197,low,0.00990099273622036,vanilla
2,2,1,1,23.999999463558197,high,0.00990099273622036,vanilla
2,2,1,1,25.0,low,0.00990099273622036,vanilla
2,2,1,1,25.0,high,0.00990099273622036,vanilla
2,2,1,1,25.999999046325684,low,0.00990099273622036,vanilla
2,2,1,1,25.999999046325684,high,0.00990099273622036,vanilla
2,2,1,1,26.999998092651367,low,0.00990099273622036,vanilla
2,2,1,1,26.999998092651367,high,0.00990099273622036,vanilla
2,2,1,1,28.00000011920929,low,0.00990099273622036,vanilla
2,2,1,1,28.00000011920929,high,0.00990099273622036,vanilla
2,2,1,1,28.999999165534973,low,0.00990099273622036,vanilla
2,2,1,1,28.999999165534973,high,0.00990099273622036,vanilla
2,2,1,1,29.999998211860657,low,0.00990099273622036,vanilla
2,2,1,1,29.999998211860657,high,0.00990099273622036,vanilla
2,2,1,1,31.00000023841858,low,0.00990099273622036,vanilla
2,2,1,1,31.00000023841858,high,0.00990099273622036,vanilla
2,2,1,1,31.999999284744263,low,0.00990099273622036,vanilla
2,2,1,1,31.999999284744263,high,0.00990099273622036,vanilla
2,2,1,1,32.999998331069946,low,0.00990099273622036,vanilla
2,2,1,1,32.999998331069946,high,0.00990099273622036,vanilla
2,2,1,1,34.00000035762787,low,0.00990099273622036,vanilla
2,2,1,1,34.00000035762787,high,0.00990099273622036,vanilla
2,2,1,1,34.99999940395355,low,0.00990099273622036,vanilla
2,2,1,1,34.99999940395355,high,0.00990099273622036,vanilla
2,2,1,1,35.999998450279236,low,0.00990099273622036,vanilla
2,2,1,1,35.999998450279236,high,0.00990099273622036,vanilla
2,2,1,1,37.00000047683716,low,0.00990099273622036,vanilla
2,2,1,1,37.00000047683716,high,0.00990099273622036,vanilla
2,2,1,1,37.99999952316284,low,0.00990099273622036,vanilla
2,2,1,1,37.99999952316284,high,0.00990099273622036,vanilla
2,2,1,1,38.999998569488525,low,0.00990099273622036,vanilla
2,2,1,1,38.999998569488525,high,0.00990099273622036,vanilla
2,2,1,1,39.99999761581421,low,0.00990099273622036,vanilla
2,2,1,1,39.99999761581421,high,0.00990099273622036,vanilla
2,2,1,1,40.99999964237213,low,0.00990099273622036,vanilla
2,2,1,1,40.99999964237213,high,0.00990099273622036,vanilla
2,2,1,1,41.999998688697815,low,0.00990099273622036,vanilla
2,2,1,1,41.999998688697815,high,0.00990099273622036,vanilla
2,2,1,1,42.9999977350235,low,0.00990099273622036,vanilla
2,2,1,1,42.9999977350235,high,0.00990099273622036,vanilla
2,2,1,1,43.99999976158142,low,0.00990099273622036,vanilla
2,2,1,1,43.99999976158142,high,0.00990099273622036,vanilla
2,2,1,1,44.999998807907104,low,0.00990099273622036,vanilla
2,2,1,1,44.999998807907104,high,0.00990099273622036,vanilla
2,2,1,1,45.99999785423279,low,0.00990099273622036,vanilla
2,2,1,1,45.99999785423279,high,0.00990099273622036,vanilla
2,2,1,1,46.99999988079071,low,0.00990099273622036,vanilla
2,2,1,1,46.99999988079071,high,0.00990099273622036,vanilla
2,2,1,1,47.999998927116394,low,0.00990099273622036,vanilla
2,2,1,1,47.999998927116394,high,0.00990099273622036,vanilla
2,2,1,1,48.99999797344208,low,0.00990099273622036,vanilla
2,2,1,1,48.99999797344208,high,0.00990099273622036,vanilla
2,2,1,1,50.0,low,0.00990099273622036,vanilla
2,2,1,1,50.0,high,0.00990099273622036,vanilla
2,2,1,1,50.999999046325684,low,0.00990099273622036,vanilla
2,2,1,1,50.999999046325684,high,0.00990099273622036,vanilla
2,2,1,1,51.99999809265137,low,0.00990099273622036,vanilla
2,2,1,1,51.99999809265137,high,0.00990099273622036,vanilla
2,2,1,1,52.99999713897705,low,0.00990099273622036,vanilla
2,2,1,1,52.99999713897705,high,0.00990099273622036,vanilla
2,2,1,1,53.999996185302734,low,0.00990099273622036,vanilla
2,2,1,1,53.999996185302734,high,0.00990099273622036,vanilla
2,2,1,1,55.000001192092896,low,0.00990099273622036,vanilla
2,2,1,1,55.000001192092896,high,0.00990099273622036,vanilla
2,2,1,1,56.00000023841858,low,0.00990099273622036,vanilla
2,2,1,1,56.00000023841858,high,0.00990099273622036,vanilla
2,2,1,1,56.99999928474426,low,0.00990099273622036,vanilla
2,2,1,1,56.99999928474426,high,0.00990099273622036,vanilla
2,2,1,1,57.999998331069946,low,0.00990099273622036,vanilla
2,2,1,1,57.999998331069946,high,0.00990099273622036,vanilla
2,2,1,1,58.99999737739563,low,0.00990099273622036,vanilla
2,2,1,1,58.99999737739563,high,0.00990099273622036,vanilla
2,2,1,1,59.99999642372131,low,0.00990099273622036,vanilla
2,2,1,1,59.99999642372131,high,0.00990099273622036,vanilla
2,2,1,1,61.000001430511475,low,0.00990099273622036,vanilla
2,2,1,1,61.000001430511475,high,0.00990099273622036,vanilla
2,2,1,1,62.00000047683716,low,0.00990099273622036,vanilla
2,2,1,1,62.00000047683716,high,0.00990099273622036,vanilla
2,2,1,1,62.99999952316284,low,0.00990099273622036,vanilla
2,2,1,1,62.99999952316284,high,0.00990099273622036,vanilla
2,2,1,1,63.999998569488525,low,0.00990099273622036,vanilla
2,2,1,1,63.999998569488525,high,0.00990099273622036,vanilla
2,2,1,1,64.99999761581421,low,0.00990099273622036,vanilla
2,2,1,1,64.99999761581421,high,0.00990099273622036,vanilla
2,2,1,1,65.99999666213989,low,0.00990099273622036,vanilla
2,2,1,1,65.99999666213989,high,0.00990099273622036,vanilla
2,2,1,1,66.99999570846558,low,0.00990099273622036,vanilla
2,2,1,1,66.99999570846558,high,0.00990099273622036,vanilla
2,2,1,1,68.00000071525574,low,0.00990099273622036,vanilla
2,2,1,1,68.00000071525574,high,0.00990099273622036,vanilla
2,2,1,1,68.99999976158142,low,0.00990099273622036,vanilla
2,2,1,1,68.99999976158142,high,0.00990099273622036,vanilla
2,2,1,1,69.9999988079071,low,0.00990099273622036,vanilla
2,2,1,1,69.9999988079071,high,0.00990099273622036,vanilla
2,2,1,1,70.99999785423279,low,0.00990099273622036,vanilla
2,2,1,1,70.99999785423279,high,0.00990099273622036,vanilla
2,2,1,1,71.99999690055847,low,0.00990099273622036,vanilla
2,2,1,1,71.99999690055847,high,0.00990099273622036,vanilla
2,2,1,1,72.99999594688416,low,0.00990099273622036,vanilla
2,2,1,1,72.99999594688416,high,0.00990099273622036,vanilla
2,2,1,1,74.00000095367432,low,0.00990099273622036,vanilla
2,2,1,1,74.00000095367432,high,0.00990099273622036,vanilla
2,2,1,1,75.0,low,0.00990099273622036,vanilla
2,2,1,1,75.0,high,0.00990099273622036,vanilla
2,2,1,1,75.99999904632568,low,0.00990099273622036,vanilla
2,2,1,1,75.99999904632568,high,0.00990099273622036,vanilla
2,2,1,1,76.99999809265137,low,0.00990099273622036,vanilla
2,2,1,1,76.99999809265137,high,0.00990099273622036,vanilla
2,2,1,1,77.99999713897705,low,0.00990099273622036,vanilla
2,2,1,1,77.99999713897705,high,0.00990099273622036,vanilla
2,2,1,1,78.99999618530273,low,0.00990099273622036,vanilla
2,2,1,1,78.99999618530273,high,0.00990099273622036,vanilla
2,2,1,1,79.99999523162842,low,0.00990099273622036,vanilla
2,2,1,1,79.99999523162842,high,0.00990099273622036,vanilla
2,2,1,1,81.00000023841858,low,0.00990099273622036,vanilla
2,2,1,1,81.00000023841858,high,0.00990099273622036,vanilla
2,2,1,1,81.99999928474426,low,0.00990099273622036,vanilla
2,2,1,1,81.99999928474426,high,0.00990099273622036,vanilla
2,2,1,1,82.99999833106995,low,0.00990099273622036,vanilla
2,2,1,1,82.99999833106995,high,0.00990099273622036,vanilla
2,2,1,1,83.99999737739563,low,0.00990099273622036,vanilla
2,2,1,1,83.99999737739563,high,0.00990099273622036,vanilla
2,2,1,1,84.99999642372131,low,0.00990099273622036,vanilla
2,2,1,1,84.99999642372131,high,0.00990099273622036,vanilla
2,2,1,1,85.999995470047,low,0.00990099273622036,vanilla
2,2,1,1,85.999995470047,high,0.00990099273622036,vanilla
2,2,1,1,87.00000047683716,low,0.00990099273622036,vanilla
2,2,1,1,87.00000047683716,high,0.00990099273622036,vanilla
2,2,1,1,87.99999952316284,low,0.00990099273622036,vanilla
2,2,1,1,87.99999952316284,high,0.00990099273622036,vanilla
2,2,1,1,88.99999856948853,low,0.00990099273622036,vanilla
2,2,1,1,88.99999856948853,high,0.00990099273622036,vanilla
2,2,1,1,89.99999761581421,low,0.00990099273622036,vanilla
2,2,1,1,89.99999761581421,high,0.00990099273622036,vanilla
2,2,1,1,90.99999666213989,low,0.00990099273622036,vanilla
2,2,1,1,90.99999666213989,high,0.00990099273622036,vanilla
2,2,1,1,91.99999570846558,low,0.00990099273622036,vanilla
2,2,1,1,91.99999570846558,high,0.00990099273622036,vanilla
2,2,1,1,93.00000071525574,low,0.00990099273622036,vanilla
2,2,1,1,93.00000071525574,high,0.00990099273622036,vanilla
2,2,1,1,93.99999976158142,low,0.00990099273622036,vanilla
2,2,1,1,93.99999976158142,high,0.00990099273622036,vanilla
2,2,1,1,94.9999988079071,low,0.00990099273622036,vanilla
2,2,1,1,94.9999988079071,high,0.00990099273622036,vanilla
2,2,1,1,95.99999785423279,low,0.00990099273622036,vanilla
2,2,1,1,95.99999785423279,high,0.00990099273622036,vanilla
2,2,1,1,96.99999690055847,low,0.00990099273622036,vanilla
2,2,1,1,96.99999690055847,high,0.00990099273622036,vanilla
2,2,1,1,97.99999594688416,low,0.00990099273622036,vanilla
2,2,1,1,97.99999594688416,high,0.00990099273622036,vanilla
2,2,1,1,98.99999499320984,low,0.00990099273622036,vanilla
2,2,1,1,98.99999499320984,high,0.00990099273622036,vanilla
2,2,1,1,100.0,low,0.00990099273622036,vanilla
2,2,1,1,100.0,high,0.00990099273622036,vanilla
2,2,1,2,0.0,low,0.00990099273622036,vanilla
2,2,1,2,0.0,high,0.00990099273622036,vanilla
2,2,1,2,0.9999999776482582,low,0.00990099273622036,vanilla
2,2,1,2,0.9999999776482582,high,0.00990099273622036,vanilla
2,2,1,2,1.9999999552965164,low,0.00990099273622036,vanilla
2,2,1,2,1.9999999552965164,high,0.00990099273622036,vanilla
2,2,1,2,2.9999999329447746,low,0.00990099273622036,vanilla
2,2,1,2,2.9999999329447746,high,0.00990099273622036,vanilla
2,2,1,2,3.999999910593033,low,0.00990099273622036,vanilla
2,2,1,2,3.999999910593033,high,0.00990099273622036,vanilla
2,2,1,2,4.999999701976776,low,0.00990099273622036,vanilla
2,2,1,2,4.999999701976776,high,0.00990099273622036,vanilla
2,2,1,2,5.999999865889549,low,0.00990099273622036,vanilla
2,2,1,2,5.999999865889549,high,0.00990099273622036,vanilla
2,2,1,2,7.000000029802322,low,0.00990099273622036,vanilla
2,2,1,2,7.000000029802322,high,0.00990099273622036,vanilla
2,2,1,2,7.999999821186066,low,0.00990099273622036,vanilla
2,2,1,2,7.999999821186066,high,0.00990099273622036,vanilla
2,2,1,2,8.999999612569809,low,0.00990099273622036,vanilla
2,2,1,2,8.999999612569809,high,0.00990099273622036,vanilla
2,2,1,2,9.999999403953552,low,0.00990099273622036,vanilla
2,2,1,2,9.999999403953552,high,0.00990099273622036,vanilla
2,2,1,2,10.999999940395355,low,0.00990099273622036,vanilla
2,2,1,2,10.999999940395355,high,0.00990099273622036,vanilla
2,2,1,2,11.999999731779099,low,0.00990099273622036,vanilla
2,2,1,2,11.999999731779099,high,0.00990099273622036,vanilla
2,2,1,2,12.999999523162842,low,0.00990099273622036,vanilla
2,2,1,2,12.999999523162842,high,0.00990099273622036,vanilla
2,2,1,2,14.000000059604645,low,0.00990099273622036,vanilla
2,2,1,2,14.000000059604645,high,0.00990099273622036,vanilla
2,2,1,2,14.999999105930328,low,0.00990099273622036,vanilla
2,2,1,2,14.999999105930328,high,0.00990099273622036,vanilla
2,2,1,2,15.999999642372131,low,0.00990099273622036,vanilla
2,2,1,2,15.999999642372131,high,0.00990099273622036,vanilla
2,2,1,2,17.000000178813934,low,0.00990099273622036,vanilla
2,2,1,2,17.000000178813934,high,0.00990099273622036,vanilla
2,2,1,2,17.999999225139618,low,0.00990099273622036,vanilla
2,2,1,2,17.999999225139618,high,0.00990099273622036,vanilla
2,2,1,2,18.99999976158142,low,0.00990099273622036,vanilla
2,2,1,2,18.99999976158142,high,0.00990099273622036,vanilla
2,2,1,2,19.999998807907104,low,0.00990099273622036,vanilla
2,2,1,2,19.999998807907104,high,0.00990099273622036,vanilla
2,2,1,2,20.999999344348907,low,0.00990099273622036,vanilla
2,2,1,2,20.999999344348907,high,0.00990099273622036,vanilla
2,2,1,2,21.99999988079071,low,0.00990099273622036,vanilla
2,2,1,2,21.99999988079071,high,0.00990099273622036,vanilla
2,2,1,2,22.999998927116394,low,0.00990099273622036,vanilla
2,2,1,2,22.999998927116394,high,0.00990099273622036,vanilla
2,2,1,2,23.999999463558197,low,0.00990099273622036,vanilla
2,2,1,2,23.999999463558197,high,0.00990099273622036,vanilla
2,2,1,2,25.0,low,0.00990099273622036,vanilla
2,2,1,2,25.0,high,0.00990099273622036,vanilla
2,2,1,2,25.999999046325684,low,0.00990099273622036,vanilla
2,2,1,2,25.999999046325684,high,0.00990099273622036,vanilla
2,2,1,2,26.999998092651367,low,0.00990099273622036,vanilla
2,2,1,2,26.999998092651367,high,0.00990099273622036,vanilla
2,2,1,2,28.00000011920929,low,0.00990099273622036,vanilla
2,2,1,2,28.00000011920929,high,0.00990099273622036,vanilla
2,2,1,2,28.999999165534973,low,0.00990099273622036,vanilla
2,2,1,2,28.999999165534973,high,0.00990099273622036,vanilla
2,2,1,2,29.999998211860657,low,0.00990099273622036,vanilla
2,2,1,2,29.999998211860657,high,0.00990099273622036,vanilla
2,2,1,2,31.00000023841858,low,0.00990099273622036,vanilla
2,2,1,2,31.00000023841858,high,0.00990099273622036,vanilla
2,2,1,2,31.999999284744263,low,0.00990099273622036,vanilla
2,2,1,2,31.999999284744263,high,0.00990099273622036,vanilla
2,2,1,2,32.999998331069946,low,0.00990099273622036,vanilla
2,2,1,2,32.999998331069946,high,0.00990099273622036,vanilla
2,2,1,2,34.00000035762787,low,0.00990099273622036,vanilla
2,2,1,2,34.00000035762787,high,0.00990099273622036,vanilla
2,2,1,2,34.99999940395355,low,0.00990099273622036,vanilla
2,2,1,2,34.99999940395355,high,0.00990099273622036,vanilla
2,2,1,2,35.999998450279236,low,0.00990099273622036,vanilla
2,2,1,2,35.999998450279236,high,0.00990099273622036,vanilla
2,2,1,2,37.00000047683716,low,0.00990099273622036,vanilla
2,2,1,2,37.00000047683716,high,0.00990099273622036,vanilla
2,2,1,2,37.99999952316284,low,0.00990099273622036,vanilla
2,2,1,2,37.99999952316284,high,0.00990099273622036,vanilla
2,2,1,2,38.999998569488525,low,0.00990099273622036,vanilla
2,2,1,2,38.999998569488525,high,0.00990099273622036,vanilla
2,2,1,2,39.99999761581421,low,0.00990099273622036,vanilla
2,2,1,2,39.99999761581421,high,0.00990099273622036,vanilla
2,2,1,2,40.99999964237213,low,0.00990099273622036,vanilla
2,2,1,2,40.99999964237213,high,0.00990099273622036,vanilla
2,2,1,2,41.999998688697815,low,0.00990099273622036,vanilla
2,2,1,2,41.999998688697815,high,0.00990099273622036,vanilla
2,2,1,2,42.9999977350235,low,0.00990099273622036,vanilla
2,2,1,2,42.9999977350235,high,0.00990099273622036,vanilla
2,2,1,2,43.99999976158142,low,0.00990099273622036,vanilla
2,2,1,2,43.99999976158142,high,0.00990099273622036,vanilla
2,2,1,2,44.999998807907104,low,0.00990099273622036,vanilla
2,2,1,2,44.999998807907104,high,0.00990099273622036,vanilla
2,2,1,2,45.99999785423279,low,0.00990099273622036,vanilla
2,2,1,2,45.99999785423279,high,0.00990099273622036,vanilla
2,2,1,2,46.99999988079071,low,0.00990099273622036,vanilla
2,2,1,2,46.99999988079071,high,0.00990099273622036,vanilla
2,2,1,2,47.999998927116394,low,0.00990099273622036,vanilla
2,2,1,2,47.999998927116394,high,0.00990099273622036,vanilla
2,2,1,2,48.99999797344208,low,0.00990099273622036,vanilla
2,2,1,2,48.99999797344208,high,0.00990099273622036,vanilla
2,2,1,2,50.0,low,0.00990099273622036,vanilla
2,2,1,2,50.0,high,0.00990099273622036,vanilla
2,2,1,2,50.999999046325684,low,0.00990099273622036,vanilla
2,2,1,2,50.999999046325684,high,0.00990099273622036,vanilla
2,2,1,2,51.99999809265137,low,0.00990099273622036,vanilla
2,2,1,2,51.99999809265137,high,0.00990099273622036,vanilla
2,2,1,2,52.99999713897705,low,0.00990099273622036,vanilla
2,2,1,2,52.99999713897705,high,0.00990099273622036,vanilla
2,2,1,2,53.999996185302734,low,0.00990099273622036,vanilla
2,2,1,2,53.999996185302734,high,0.00990099273622036,vanilla
2,2,1,2,55.000001192092896,low,0.00990099273622036,vanilla
2,2,1,2,55.000001192092896,high,0.00990099273622036,vanilla
2,2,1,2,56.00000023841858,low,0.00990099273622036,vanilla
2,2,1,2,56.00000023841858,high,0.00990099273622036,vanilla
2,2,1,2,56.99999928474426,low,0.00990099273622036,vanilla
2,2,1,2,56.99999928474426,high,0.00990099273622036,vanilla
2,2,1,2,57.999998331069946,low,0.00990099273622036,vanilla
2,2,1,2,57.999998331069946,high,0.00990099273622036,vanilla
2,2,1,2,58.99999737739563,low,0.00990099273622036,vanilla
2,2,1,2,58.99999737739563,high,0.00990099273622036,vanilla
2,2,1,2,59.99999642372131,low,0.00990099273622036,vanilla
2,2,1,2,59.99999642372131,high,0.00990099273622036,vanilla
2,2,1,2,61.000001430511475,low,0.00990099273622036,vanilla
2,2,1,2,61.000001430511475,high,0.00990099273622036,vanilla
2,2,1,2,62.00000047683716,low,0.00990099273622036,vanilla
2,2,1,2,62.00000047683716,high,0.00990099273622036,vanilla
2,2,1,2,62.99999952316284,low,0.00990099273622036,vanilla
2,2,1,2,62.99999952316284,high,0.00990099273622036,vanilla
2,2,1,2,63.999998569488525,low,0.00990099273622036,vanilla
2,2,1,2,63.999998569488525,high,0.00990099273622036,vanilla
2,2,1,2,64.99999761581421,low,0.00990099273622036,vanilla
2,2,1,2,64.99999761581421,high,0.00990099273622036,vanilla
2,2,1,2,65.99999666213989,low,0.00990099273622036,vanilla
2,2,1,2,65.99999666213989,high,0.00990099273622036,vanilla
2,2,1,2,66.99999570846558,low,0.00990099273622036,vanilla
2,2,1,2,66.99999570846558,high,0.00990099273622036,vanilla
2,2,1,2,68.00000071525574,low,0.00990099273622036,vanilla
2,2,1,2,68.00000071525574,high,0.00990099273622036,vanilla
2,2,1,2,68.99999976158142,low,0.00990099273622036,vanilla
2,2,1,2,68.99999976158142,high,0.00990099273622036,vanilla
2,2,1,2,69.9999988079071,low,0.00990099273622036,vanilla
2,2,1,2,69.9999988079071,high,0.00990099273622036,vanilla
2,2,1,2,70.99999785423279,low,0.00990099273622036,vanilla
2,2,1,2,70.99999785423279,high,0.00990099273622036,vanilla
2,2,1,2,71.99999690055847,low,0.00990099273622036,vanilla
2,2,1,2,71.99999690055847,high,0.00990099273622036,vanilla
2,2,1,2,72.99999594688416,low,0.00990099273622036,vanilla
2,2,1,2,72.99999594688416,high,0.00990099273622036,vanilla
2,2,1,2,74.00000095367432,low,0.00990099273622036,vanilla
2,2,1,2,74.00000095367432,high,0.00990099273622036,vanilla
2,2,1,2,75.0,low,0.00990099273622036,vanilla
2,2,1,2,75.0,high,0.00990099273622036,vanilla
2,2,1,2,75.99999904632568,low,0.00990099273622036,vanilla
2,2,1,2,75.99999904632568,high,0.00990099273622036,vanilla
2,2,1,2,76.99999809265137,low,0.00990099273622036,vanilla
2,2,1,2,76.99999809265137,high,0.00990099273622036,vanilla
2,2,1,2,77.99999713897705,low,0.00990099273622036,vanilla
2,2,1,2,77.99999713897705,high,0.00990099273622036,vanilla
2,2,1,2,78.99999618530273,low,0.00990099273622036,vanilla
2,2,1,2,78.99999618530273,high,0.00990099273622036,vanilla
2,2,1,2,79.99999523162842,low,0.00990099273622036,vanilla
2,2,1,2,79.99999523162842,high,0.00990099273622036,vanilla
2,2,1,2,81.00000023841858,low,0.00990099273622036,vanilla
2,2,1,2,81.00000023841858,high,0.00990099273622036,vanilla
2,2,1,2,81.99999928474426,low,0.00990099273622036,vanilla
2,2,1,2,81.99999928474426,high,0.00990099273622036,vanilla
2,2,1,2,82.99999833106995,low,0.00990099273622036,vanilla
2,2,1,2,82.99999833106995,high,0.00990099273622036,vanilla
2,2,1,2,83.99999737739563,low,0.00990099273622036,vanilla
2,2,1,2,83.99999737739563,high,0.00990099273622036,vanilla
2,2,1,2,84.99999642372131,low,0.00990099273622036,vanilla
2,2,1,2,84.99999642372131,high,0.00990099273622036,vanilla
2,2,1,2,85.999995470047,low,0.00990099273622036,vanilla
2,2,1,2,85.999995470047,high,0.00990099273622036,vanilla
2,2,1,2,87.00000047683716,low,0.00990099273622036,vanilla
2,2,1,2,87.00000047683716,high,0.00990099273622036,vanilla
2,2,1,2,87.99999952316284,low,0.00990099273622036,vanilla
2,2,1,2,87.99999952316284,high,0.00990099273622036,vanilla
2,2,1,2,88.99999856948853,low,0.00990099273622036,vanilla
2,2,1,2,88.99999856948853,high,0.00990099273622036,vanilla
2,2,1,2,89.99999761581421,low,0.00990099273622036,vanilla
2,2,1,2,89.99999761581421,high,0.00990099273622036,vanilla
2,2,1,2,90.99999666213989,low,0.00990099273622036,vanilla
2,2,1,2,90.99999666213989,high,0.00990099273622036,vanilla
2,2,1,2,91.99999570846558,low,0.00990099273622036,vanilla
2,2,1,2,91.99999570846558,high,0.00990099273622036,vanilla
2,2,1,2,93.00000071525574,low,0.00990099273622036,vanilla
2,2,1,2,93.00000071525574,high,0.00990099273622036,vanilla
2,2,1,2,93.99999976158142,low,0.00990099273622036,vanilla
2,2,1,2,93.99999976158142,high,0.00990099273622036,vanilla
2,2,1,2,94.9999988079071,low,0.00990099273622036,vanilla
2,2,1,2,94.9999988079071,high,0.00990099273622036,vanilla
2,2,1,2,95.99999785423279,low,0.00990099273622036,vanilla
2,2,1,2,95.99999785423279,high,0.00990099273622036,vanilla
2,2,1,2,96.99999690055847,low,0.00990099273622036,vanilla
2,2,1,2,96.99999690055847,high,0.00990099273622036,vanilla
2,2,1,2,97.99999594688416,low,0.00990099273622036,vanilla
2,2,1,2,97.99999594688416,high,0.00990099273622036,vanilla
2,2,1,2,98.99999499320984,low,0.00990099273622036,vanilla
2,2,1,2,98.99999499320984,high,0.00990099273622036,vanilla
2,2,1,2,100.0,low,0.00990099273622036,vanilla
2,2,1,2,100.0,high,0.00990099273622036,vanilla
2,2,1,3,0.0,low,0.00990099273622036,vanilla
2,2,1,3,0.0,high,0.00990099273622036,vanilla
2,2,1,3,0.9999999776482582,low,0.00990099273622036,vanilla
2,2,1,3,0.9999999776482582,high,0.00990099273622036,vanilla
2,2,1,3,1.9999999552965164,low,0.00990099273622036,vanilla
2,2,1,3,1.9999999552965164,high,0.00990099273622036,vanilla
2,2,1,3,2.9999999329447746,low,0.00990099273622036,vanilla
2,2,1,3,2.9999999329447746,high,0.00990099273622036,vanilla
2,2,1,3,3.999999910593033,low,0.00990099273622036,vanilla
2,2,1,3,3.999999910593033,high,0.00990099273622036,vanilla
2,2,1,3,4.999999701976776,low,0.00990099273622036,vanilla
2,2,1,3,4.999999701976776,high,0.00990099273622036,vanilla
2,2,1,3,5.999999865889549,low,0.00990099273622036,vanilla
2,2,1,3,5.999999865889549,high,0.00990099273622036,vanilla
2,2,1,3,7.000000029802322,low,0.00990099273622036,vanilla
2,2,1,3,7.000000029802322,high,0.00990099273622036,vanilla
2,2,1,3,7.999999821186066,low,0.00990099273622036,vanilla
2,2,1,3,7.999999821186066,high,0.00990099273622036,vanilla
2,2,1,3,8.999999612569809,low,0.00990099273622036,vanilla
2,2,1,3,8.999999612569809,high,0.00990099273622036,vanilla
2,2,1,3,9.999999403953552,low,0.00990099273622036,vanilla
2,2,1,3,9.999999403953552,high,0.00990099273622036,vanilla
2,2,1,3,10.999999940395355,low,0.00990099273622036,vanilla
2,2,1,3,10.999999940395355,high,0.00990099273622036,vanilla
2,2,1,3,11.999999731779099,low,0.00990099273622036,vanilla
2,2,1,3,11.999999731779099,high,0.00990099273622036,vanilla
2,2,1,3,12.999999523162842,low,0.00990099273622036,vanilla
2,2,1,3,12.999999523162842,high,0.00990099273622036,vanilla
2,2,1,3,14.000000059604645,low,0.00990099273622036,vanilla
2,2,1,3,14.000000059604645,high,0.00990099273622036,vanilla
2,2,1,3,14.999999105930328,low,0.00990099273622036,vanilla
2,2,1,3,14.999999105930328,high,0.00990099273622036,vanilla
2,2,1,3,15.999999642372131,low,0.00990099273622036,vanilla
2,2,1,3,15.999999642372131,high,0.00990099273622036,vanilla
2,2,1,3,17.000000178813934,low,0.00990099273622036,vanilla
2,2,1,3,17.000000178813934,high,0.00990099273622036,vanilla
2,2,1,3,17.999999225139618,low,0.00990099273622036,vanilla
2,2,1,3,17.999999225139618,high,0.00990099273622036,vanilla
2,2,1,3,18.99999976158142,low,0.00990099273622036,vanilla
2,2,1,3,18.99999976158142,high,0.00990099273622036,vanilla
2,2,1,3,19.999998807907104,low,0.00990099273622036,vanilla
2,2,1,3,19.999998807907104,high,0.00990099273622036,vanilla
2,2,1,3,20.999999344348907,low,0.00990099273622036,vanilla
2,2,1,3,20.999999344348907,high,0.00990099273622036,vanilla
2,2,1,3,21.99999988079071,low,0.00990099273622036,vanilla
2,2,1,3,21.99999988079071,high,0.00990099273622036,vanilla
2,2,1,3,22.999998927116394,low,0.00990099273622036,vanilla
2,2,1,3,22.999998927116394,high,0.00990099273622036,vanilla
2,2,1,3,23.999999463558197,low,0.00990099273622036,vanilla
2,2,1,3,23.999999463558197,high,0.00990099273622036,vanilla
2,2,1,3,25.0,low,0.00990099273622036,vanilla
2,2,1,3,25.0,high,0.00990099273622036,vanilla
2,2,1,3,25.999999046325684,low,0.00990099273622036,vanilla
2,2,1,3,25.999999046325684,high,0.00990099273622036,vanilla
2,2,1,3,26.999998092651367,low,0.00990099273622036,vanilla
2,2,1,3,26.999998092651367,high,0.00990099273622036,vanilla
2,2,1,3,28.00000011920929,low,0.00990099273622036,vanilla
2,2,1,3,28.00000011920929,high,0.00990099273622036,vanilla
2,2,1,3,28.999999165534973,low,0.00990099273622036,vanilla
2,2,1,3,28.999999165534973,high,0.00990099273622036,vanilla
2,2,1,3,29.999998211860657,low,0.00990099273622036,vanilla
2,2,1,3,29.999998211860657,high,0.00990099273622036,vanilla
2,2,1,3,31.00000023841858,low,0.00990099273622036,vanilla
2,2,1,3,31.00000023841858,high,0.00990099273622036,vanilla
2,2,1,3,31.999999284744263,low,0.00990099273622036,vanilla
2,2,1,3,31.999999284744263,high,0.00990099273622036,vanilla
2,2,1,3,32.999998331069946,low,0.00990099273622036,vanilla
2,2,1,3,32.999998331069946,high,0.00990099273622036,vanilla
2,2,1,3,34.00000035762787,low,0.00990099273622036,vanilla
2,2,1,3,34.00000035762787,high,0.00990099273622036,vanilla
2,2,1,3,34.99999940395355,low,0.00990099273622036,vanilla
2,2,1,3,34.99999940395355,high,0.00990099273622036,vanilla
2,2,1,3,35.999998450279236,low,0.00990099273622036,vanilla
2,2,1,3,35.999998450279236,high,0.00990099273622036,vanilla
2,2,1,3,37.00000047683716,low,0.00990099273622036,vanilla
2,2,1,3,37.00000047683716,high,0.00990099273622036,vanilla
2,2,1,3,37.99999952316284,low,0.00990099273622036,vanilla
2,2,1,3,37.99999952316284,high,0.00990099273622036,vanilla
2,2,1,3,38.999998569488525,low,0.00990099273622036,vanilla
2,2,1,3,38.999998569488525,high,0.00990099273622036,vanilla
2,2,1,3,39.99999761581421,low,0.00990099273622036,vanilla
2,2,1,3,39.99999761581421,high,0.00990099273622036,vanilla
2,2,1,3,40.99999964237213,low,0.00990099273622036,vanilla
2,2,1,3,40.99999964237213,high,0.00990099273622036,vanilla
2,2,1,3,41.999998688697815,low,0.00990099273622036,vanilla
2,2,1,3,41.999998688697815,high,0.00990099273622036,vanilla
2,2,1,3,42.9999977350235,low,0.00990099273622036,vanilla
2,2,1,3,42.9999977350235,high,0.00990099273622036,vanilla
2,2,1,3,43.99999976158142,low,0.00990099273622036,vanilla
2,2,1,3,43.99999976158142,high,0.00990099273622036,vanilla
2,2,1,3,44.999998807907104,low,0.00990099273622036,vanilla
2,2,1,3,44.999998807907104,high,0.00990099273622036,vanilla
2,2,1,3,45.99999785423279,low,0.00990099273622036,vanilla
2,2,1,3,45.99999785423279,high,0.00990099273622036,vanilla
2,2,1,3,46.99999988079071,low,0.00990099273622036,vanilla
2,2,1,3,46.99999988079071,high,0.00990099273622036,vanilla
2,2,1,3,47.999998927116394,low,0.00990099273622036,vanilla
2,2,1,3,47.999998927116394,high,0.00990099273622036,vanilla
2,2,1,3,48.99999797344208,low,0.00990099273622036,vanilla
2,2,1,3,48.99999797344208,high,0.00990099273622036,vanilla
2,2,1,3,50.0,low,0.00990099273622036,vanilla
2,2,1,3,50.0,high,0.00990099273622036,vanilla
2,2,1,3,50.999999046325684,low,0.00990099273622036,vanilla
2,2,1,3,50.999999046325684,high,0.00990099273622036,vanilla
2,2,1,3,51.99999809265137,low,0.00990099273622036,vanilla
2,2,1,3,51.99999809265137,high,0.00990099273622036,vanilla
2,2,1,3,52.99999713897705,low,0.00990099273622036,vanilla
2,2,1,3,52.99999713897705,high,0.00990099273622036,vanilla
2,2,1,3,53.999996185302734,low,0.00990099273622036,vanilla
2,2,1,3,53.999996185302734,high,0.00990099273622036,vanilla
2,2,1,3,55.000001192092896,low,0.00990099273622036,vanilla
2,2,1,3,55.000001192092896,high,0.00990099273622036,vanilla
2,2,1,3,56.00000023841858,low,0.00990099273622036,vanilla
2,2,1,3,56.00000023841858,high,0.00990099273622036,vanilla
2,2,1,3,56.99999928474426,low,0.00990099273622036,vanilla
2,2,1,3,56.99999928474426,high,0.00990099273622036,vanilla
2,2,1,3,57.999998331069946,low,0.00990099273622036,vanilla
2,2,1,3,57.999998331069946,high,0.00990099273622036,vanilla
2,2,1,3,58.99999737739563,low,0.00990099273622036,vanilla
2,2,1,3,58.99999737739563,high,0.00990099273622036,vanilla
2,2,1,3,59.99999642372131,low,0.00990099273622036,vanilla
2,2,1,3,59.99999642372131,high,0.00990099273622036,vanilla
2,2,1,3,61.000001430511475,low,0.00990099273622036,vanilla
2,2,1,3,61.000001430511475,high,0.00990099273622036,vanilla
2,2,1,3,62.00000047683716,low,0.00990099273622036,vanilla
2,2,1,3,62.00000047683716,high,0.00990099273622036,vanilla
2,2,1,3,62.99999952316284,low,0.00990099273622036,vanilla
2,2,1,3,62.99999952316284,high,0.00990099273622036,vanilla
2,2,1,3,63.999998569488525,low,0.00990099273622036,vanilla
2,2,1,3,63.999998569488525,high,0.00990099273622036,vanilla
2,2,1,3,64.99999761581421,low,0.00990099273622036,vanilla
2,2,1,3,64.99999761581421,high,0.00990099273622036,vanilla
2,2,1,3,65.99999666213989,low,0.00990099273622036,vanilla
2,2,1,3,65.99999666213989,high,0.00990099273622036,vanilla
2,2,1,3,66.99999570846558,low,0.00990099273622036,vanilla
2,2,1,3,66.99999570846558,high,0.00990099273622036,vanilla
2,2,1,3,68.00000071525574,low,0.00990099273622036,vanilla
2,2,1,3,68.00000071525574,high,0.00990099273622036,vanilla
2,2,1,3,68.99999976158142,low,0.00990099273622036,vanilla
2,2,1,3,68.99999976158142,high,0.00990099273622036,vanilla
2,2,1,3,69.9999988079071,low,0.00990099273622036,vanilla
2,2,1,3,69.9999988079071,high,0.00990099273622036,vanilla
2,2,1,3,70.99999785423279,low,0.00990099273622036,vanilla
2,2,1,3,70.99999785423279,high,0.00990099273622036,vanilla
2,2,1,3,71.99999690055847,low,0.00990099273622036,vanilla
2,2,1,3,71.99999690055847,high,0.00990099273622036,vanilla
2,2,1,3,72.99999594688416,low,0.00990099273622036,vanilla
2,2,1,3,72.99999594688416,high,0.00990099273622036,vanilla
2,2,1,3,74.00000095367432,low,0.00990099273622036,vanilla
2,2,1,3,74.00000095367432,high,0.00990099273622036,vanilla
2,2,1,3,75.0,low,0.00990099273622036,vanilla
2,2,1,3,75.0,high,0.00990099273622036,vanilla
2,2,1,3,75.99999904632568,low,0.00990099273622036,vanilla
2,2,1,3,75.99999904632568,high,0.00990099273622036,vanilla
2,2,1,3,76.99999809265137,low,0.00990099273622036,vanilla
2,2,1,3,76.99999809265137,high,0.00990099273622036,vanilla
2,2,1,3,77.99999713897705,low,0.00990099273622036,vanilla
2,2,1,3,77.99999713897705,high,0.00990099273622036,vanilla
2,2,1,3,78.99999618530273,low,0.00990099273622036,vanilla
2,2,1,3,78.99999618530273,high,0.00990099273622036,vanilla
2,2,1,3,79.99999523162842,low,0.00990099273622036,vanilla
2,2,1,3,79.99999523162842,high,0.00990099273622036,vanilla
2,2,1,3,81.00000023841858,low,0.00990099273622036,vanilla
2,2,1,3,81.00000023841858,high,0.00990099273622036,vanilla
2,2,1,3,81.99999928474426,low,0.00990099273622036,vanilla
2,2,1,3,81.99999928474426,high,0.00990099273622036,vanilla
2,2,1,3,82.99999833106995,low,0.00990099273622036,vanilla
2,2,1,3,82.99999833106995,high,0.00990099273622036,vanilla
2,2,1,3,83.99999737739563,low,0.00990099273622036,vanilla
2,2,1,3,83.99999737739563,high,0.00990099273622036,vanilla
2,2,1,3,84.99999642372131,low,0.00990099273622036,vanilla
2,2,1,3,84.99999642372131,high,0.00990099273622036,vanilla
2,2,1,3,85.999995470047,low,0.00990099273622036,vanilla
2,2,1,3,85.999995470047,high,0.00990099273622036,vanilla
2,2,1,3,87.00000047683716,low,0.00990099273622036,vanilla
2,2,1,3,87.00000047683716,high,0.00990099273622036,vanilla
2,2,1,3,87.99999952316284,low,0.00990099273622036,vanilla
2,2,1,3,87.99999952316284,high,0.00990099273622036,vanilla
2,2,1,3,88.99999856948853,low,0.00990099273622036,vanilla
2,2,1,3,88.99999856948853,high,0.00990099273622036,vanilla
2,2,1,3,89.99999761581421,low,0.00990099273622036,vanilla
2,2,1,3,89.99999761581421,high,0.00990099273622036,vanilla
2,2,1,3,90.99999666213989,low,0.00990099273622036,vanilla
2,2,1,3,90.99999666213989,high,0.00990099273622036,vanilla
2,2,1,3,91.99999570846558,low,0.00990099273622036,vanilla
2,2,1,3,91.99999570846558,high,0.00990099273622036,vanilla
2,2,1,3,93.00000071525574,low,0.00990099273622036,vanilla
2,2,1,3,93.00000071525574,high,0.00990099273622036,vanilla
2,2,1,3,93.99999976158142,low,0.00990099273622036,vanilla
2,2,1,3,93.99999976158142,high,0.00990099273622036,vanilla
2,2,1,3,94.9999988079071,low,0.00990099273622036,vanilla
2,2,1,3,94.9999988079071,high,0.00990099273622036,vanilla
2,2,1,3,95.99999785423279,low,0.00990099273622036,vanilla
2,2,1,3,95.99999785423279,high,0.00990099273622036,vanilla
2,2,1,3,96.99999690055847,low,0.00990099273622036,vanilla
2,2,1,3,96.99999690055847,high,0.00990099273622036,vanilla
2,2,1,3,97.99999594688416,low,0.00990099273622036,vanilla
2,2,1,3,97.99999594688416,high,0.00990099273622036,vanilla
2,2,1,3,98.99999499320984,low,0.00990099273622036,vanilla
2,2,1,3,98.99999499320984,high,0.00990099273622036,vanilla
2,2,1,3,100.0,low,0.00990099273622036,vanilla
2,2,1,3,100.0,high,0.00990099273622036,vanilla
2,2,1,0,0.0,low,0.011956398375332355,relationship
2,2,1,0,0.0,high,0.013386446051299572,relationship
2,2,1,0,0.9999999776482582,low,0.011937101371586323,relationship
2,2,1,0,0.9999999776482582,high,0.01334618404507637,relationship
2,2,1,0,1.9999999552965164,low,0.01191739458590746,relationship
2,2,1,0,1.9999999552965164,high,0.013305176049470901,relationship
2,2,1,0,2.9999999329447746,low,0.011897267773747444,relationship
2,2,1,0,2.9999999329447746,high,0.013263421133160591,relationship
2,2,1,0,3.999999910593033,low,0.01187671348452568,relationship
2,2,1,0,3.999999910593033,high,0.013220899738371372,relationship
2,2,1,0,4.999999701976776,low,0.011855721473693848,relationship
2,2,1,0,4.999999701976776,high,0.013177605345845222,relationship
2,2,1,0,5.999999865889549,low,0.011834284290671349,relationship
2,2,1,0,5.999999865889549,high,0.013133526779711246,relationship
2,2,1,0,7.000000029802322,low,0.011812390759587288,relationship
2,2,1,0,7.000000029802322,high,0.0130886510014534,relationship
2,2,1,0,7.999999821186066,low,0.011790032498538494,relationship
2,2,1,0,7.999999821186066,high,0.013042966835200787,relationship
2,2,1,0,8.999999612569809,low,0.01176720205694437,relationship
2,2,1,0,8.999999612569809,high,0.012996469624340534,relationship
2,2,1,0,9.999999403953552,low,0.011743885464966297,relationship
2,2,1,0,9.999999403953552,high,0.012949136085808277,relationship
2,2,1,0,10.999999940395355,low,0.011720076203346252,relationship
2,2,1,0,10.999999940395355,high,0.012900964356958866,relationship
2,2,1,0,11.999999731779099,low,0.01169576309621334,relationship
2,2,1,0,11.999999731779099,high,0.012851945124566555,relationship
2,2,1,0,12.999999523162842,low,0.011670934967696667,relationship
2,2,1,0,12.999999523162842,high,0.012802058830857277,relationship
2,2,1,0,14.000000059604645,low,0.011645584367215633,relationship
2,2,1,0,14.000000059604645,high,0.012751306407153606,relationship
2,2,1,0,14.999999105930328,low,0.011619697324931622,relationship
2,2,1,0,14.999999105930328,high,0.012699666433036327,relationship
2,2,1,0,15.999999642372131,low,0.011593266390264034,relationship
2,2,1,0,15.999999642372131,high,0.012647135183215141,relationship
2,2,1,0,17.000000178813934,low,0.011566277593374252,relationship
2,2,1,0,17.000000178813934,high,0.012593700550496578,relationship
2,2,1,0,17.999999225139618,low,0.011538723483681679,relationship
2,2,1,0,17.999999225139618,high,0.012539352290332317,relationship
2,2,1,0,18.99999976158142,low,0.01151058916002512,relationship
2,2,1,0,18.99999976158142,high,0.012484080158174038,relationship
2,2,1,0,19.999998807907104,low,0.011481867171823978,relationship
2,2,1,0,19.999998807907104,high,0.012427874840795994,relationship
2,2,1,0,20.999999344348907,low,0.01145254448056221,relationship
2,2,1,0,20.999999344348907,high,0.012370727024972439,relationship
2,2,1,0,21.99999988079071,low,0.011422608979046345,relationship
2,2,1,0,21.99999988079071,high,0.012312626466155052,relationship
2,2,1,0,22.999998927116394,low,0.011392050422728062,relationship
2,2,1,0,22.999998927116394,high,0.01225356850773096,relationship
2,2,1,0,23.999999463558197,low,0.011360855773091316,relationship
2,2,1,0,23.999999463558197,high,0.012193536385893822,relationship
2,2,1,0,25.0,low,0.011329012922942638,relationship
2,2,1,0,25.0,high,0.01213253103196621,relationship
2,2,1,0,25.999999046325684,low,0.011296511627733707,relationship
2,2,1,0,25.999999046325684,high,0.01207053568214178,relationship
2,2,1,0,26.999998092651367,low,0.011263340711593628,relationship
2,2,1,0,26.999998092651367,high,0.012007548473775387,relationship
2,2,1,0,28.00000011920929,low,0.011229484342038631,relationship
2,2,1,0,28.00000011920929,high,0.011943560093641281,relationship
2,2,1,0,28.999999165534973,low,0.011194934137165546,relationship
2,2,1,0,28.999999165534973,high,0.011878563091158867,relationship
2,2,1,0,29.999998211860657,low,0.01115967333316803,relationship
2,2,1,0,29.999998211860657,high,0.011812552809715271,relationship
2,2,1,0,31.00000023841858,low,0.01112369541078806,relationship
2,2,1,0,31.00000023841858,high,0.011745521798729897,relationship
2,2,1,0,31.999999284744263,low,0.011086981743574142,relationship
2,2,1,0,31.999999284744263,high,0.011677463538944721,relationship
2,2,1,0,32.999998331069946,low,0.011049524880945683,relationship
2,2,1,0,32.999998331069946,high,0.011608374305069447,relationship
2,2,1,0,34.00000035762787,low,0.011011308059096336,relationship
2,2,1,0,34.00000035762787,high,0.011538246646523476,relationship
2,2,1,0,34.99999940395355,low,0.010972324758768082,relationship
2,2,1,0,34.99999940395355,high,0.011467083357274532,relationship
2,2,1,0,35.999998450279236,low,0.010932556353509426,relationship
2,2,1,0,35.999998450279236,high,0.011394874192774296,relationship
2,2,1,0,37.00000047683716,low,0.010891993530094624,relationship
2,2,1,0,37.00000047683716,high,0.011321622878313065,relationship
2,2,1,0,37.99999952316284,low,0.010850622318685055,relationship
2,2,1,0,37.99999952316284,high,0.011247320100665092,relationship
2,2,1,0,38.999998569488525,low,0.010808432474732399,relationship
2,2,1,0,38.999998569488525,high,0.011171969585120678,relationship
2,2,1,0,39.99999761581421,low,0.010765408165752888,relationship
2,2,1,0,39.99999761581421,high,0.011095565743744373,relationship
2,2,1,0,40.99999964237213,low,0.0107215391471982,relationship
2,2,1,0,40.99999964237213,high,0.011018116027116776,relationship
2,2,1,0,41.999998688697815,low,0.010676813311874866,relationship
2,2,1,0,41.999998688697815,high,0.010939612053334713,relationship
2,2,1,0,42.9999977350235,low,0.010631219483911991,relationship
2,2,1,0,42.9999977350235,high,0.010860064998269081,relationship
2,2,1,0,43.99999976158142,low,0.01058474276214838,relationship
2,2,1,0,43.99999976158142,high,0.010779470205307007,relationship
2,2,1,0,44.999998807907104,low,0.010537373833358288,relationship
2,2,1,0,44.999998807907104,high,0.010697833262383938,relationship
2,2,1,0,45.99999785423279,low,0.010489101521670818,relationship
2,2,1,0,45.99999785423279,high,0.010615160688757896,relationship
2,2,1,0,46.99999988079071,low,0.010439910925924778,relationship
2,2,1,0,46.99999988079071,high,0.010531453415751457,relationship
2,2,1,0,47.999998927116394,low,0.010389793664216995,relationship
2,2,1,0,47.999998927116394,high,0.010446719825267792,relationship
2,2,1,0,48.99999797344208,low,0.010338738560676575,relationship
2,2,1,0,48.99999797344208,high,0.010360966436564922,relationship
2,2,1,0,50.0,low,0.01028673630207777,relationship
2,2,1,0,50.0,high,0.010274200700223446,relationship
2,2,1,0,50.999999046325684,low,0.010233773849904537,relationship
2,2,1,0,50.999999046325684,high,0.010186431929469109,relationship
2,2,1,0,51.99999809265137,low,0.010179842822253704,relationship
2,2,1,0,51.99999809265137,high,0.01009767223149538,relationship
2,2,1,0,52.99999713897705,low,0.01012493297457695,relationship
2,2,1,0,52.99999713897705,high,0.010007930919528008,relationship
2,2,1,0,53.999996185302734,low,0.010069034993648529,relationship
2,2,1,0,53.999996185302734,high,0.009917221032083035,relationship
2,2,1,0,55.000001192092896,low,0.01001214049756527,relationship
2,2,1,0,55.000001192092896,high,0.009825555607676506,relationship
2,2,1,0,56.00000023841858,low,0.009954242035746574,relationship
2,2,1,0,56.00000023841858,high,0.009732947684824467,relationship
2,2,1,0,56.99999928474426,low,0.009895330294966698,relationship
2,2,1,0,56.99999928474426,high,0.009639414958655834,relationship
2,2,1,0,57.999998331069946,low,0.009835401549935341,relationship
2,2,1,0,57.999998331069946,high,0.009544974192976952,relationship
2,2,1,0,58.99999737739563,low,0.009774443693459034,relationship
2,2,1,0,58.99999737739563,high,0.009449643082916737,relationship
2,2,1,0,59.99999642372131,low,0.009712456725537777,relationship
2,2,1,0,59.99999642372131,high,0.009353441186249256,relationship
2,2,1,0,61.000001430511475,low,0.009649430401623249,relationship
2,2,1,0,61.000001430511475,high,0.009256386198103428,relationship
2,2,1,0,62.00000047683716,low,0.009585361927747726,relationship
2,2,1,0,62.00000047683716,high,0.009158505126833916,relationship
2,2,1,0,62.99999952316284,low,0.009520250372588634,relationship
2,2,1,0,62.99999952316284,high,0.009059816598892212,relationship
2,2,1,0,63.999998569488525,low,0.009454088285565376,relationship
2,2,1,0,63.999998569488525,high,0.00896034762263298,relationship
2,2,1,0,64.99999761581421,low,0.009386875666677952,relationship
2,2,1,0,64.99999761581421,high,0.008860120549798012,relationship
2,2,1,0,65.99999666213989,low,0.009318611584603786,relationship
2,2,1,0,65.99999666213989,high,0.008759165182709694,relationship
2,2,1,0,66.99999570846558,low,0.009249294176697731,relationship
2,2,1,0,66.99999570846558,high,0.008657503873109818,relationship
2,2,1,0,68.00000071525574,low,0.00917892437428236,relationship
2,2,1,0,68.00000071525574,high,0.008555170148611069,relationship
2,2,1,0,68.99999976158142,low,0.009107504971325397,relationship
2,2,1,0,68.99999976158142,high,0.008452196605503559,relationship
2,2,1,0,69.9999988079071,low,0.009035037830471992,relationship
2,2,1,0,69.9999988079071,high,0.008348608389496803,relationship
2,2,1,0,70.99999785423279,low,0.008961525745689869,relationship
2,2,1,0,70.99999785423279,high,0.008244441822171211,relationship
2,2,1,0,71.99999690055847,low,0.008886975236237049,relationship
2,2,1,0,71.99999690055847,high,0.008139729499816895,relationship
2,2,1,0,72.99999594688416,low,0.008811390027403831,relationship
2,2,1,0,72.99999594688416,high,0.00803450495004654,relationship
2,2,1,0,74.00000095367432,low,0.008734777569770813,relationship
2,2,1,0,74.00000095367432,high,0.00792880542576313,relationship
2,2,1,0,75.0,low,0.008657149039208889,relationship
2,2,1,0,75.0,high,0.007822667248547077,relationship
2,2,1,0,75.99999904632568,low,0.008578510023653507,relationship
2,2,1,0,75.99999904632568,high,0.007716127205640078,relationship
2,2,1,0,76.99999809265137,low,0.008498874492943287,relationship
2,2,1,0,76.99999809265137,high,0.007609223946928978,relationship
2,2,1,0,77.99999713897705,low,0.0084182508289814,relationship
2,2,1,0,77.99999713897705,high,0.007501998916268349,relationship
2,2,1,0,78.99999618530273,low,0.008336655795574188,relationship
2,2,1,0,78.99999618530273,high,0.007394490763545036,relationship
2,2,1,0,79.99999523162842,low,0.008254104293882847,relationship
2,2,1,0,79.99999523162842,high,0.007286740466952324,relationship
2,2,1,0,81.00000023841858,low,0.00817061122506857,relationship
2,2,1,0,81.00000023841858,high,0.007178792264312506,relationship
2,2,1,0,81.99999928474426,low,0.008086195215582848,relationship
2,2,1,0,81.99999928474426,high,0.007070684339851141,relationship
2,2,1,0,82.99999833106995,low,0.008000873029232025,relationship
2,2,1,0,82.99999833106995,high,0.00696246512234211,relationship
2,2,1,0,83.99999737739563,low,0.007914667949080467,relationship
2,2,1,0,83.99999737739563,high,0.006854174192994833,relationship
2,2,1,0,84.99999642372131,low,0.00782760139554739,relationship
2,2,1,0,84.99999642372131,high,0.006745857186615467,relationship
2,2,1,0,85.999995470047,low,0.007739695720374584,relationship
2,2,1,0,85.999995470047,high,0.006637559738010168,relationship
2,2,1,0,87.00000047683716,low,0.00765097513794899,relationship
2,2,1,0,87.00000047683716,high,0.006529323756694794,relationship
2,2,1,0,87.99999952316284,low,0.00756146851927042,relationship
2,2,1,0,87.99999952316284,high,0.006421197205781937,relationship
2,2,1,0,88.99999856948853,low,0.0074712010100483894,relationship
2,2,1,0,88.99999856948853,high,0.00631322804838419,relationship
2,2,1,0,89.99999761581421,low,0.007380204740911722,relationship
2,2,1,0,89.99999761581421,high,0.006205455400049686,relationship
2,2,1,0,90.99999666213989,low,0.007288508582860231,relationship
2,2,1,0,90.99999666213989,high,0.006097930949181318,relationship
2,2,1,0,91.99999570846558,low,0.007196144200861454,relationship
2,2,1,0,91.99999570846558,high,0.005990695208311081,relationship
2,2,1,0,93.00000071525574,low,0.007103144656866789,relationship
2,2,1,0,93.00000071525574,high,0.005883796606212854,relationship
2,2,1,0,93.99999976158142,low,0.007009546272456646,relationship
2,2,1,0,93.99999976158142,high,0.00577727984637022,relationship
2,2,1,0,94.9999988079071,low,0.006915385369211435,relationship
2,2,1,0,94.9999988079071,high,0.00567118963226676,relationship
2,2,1,0,95.99999785423279,low,0.00682069780305028,relationship
2,2,1,0,95.99999785423279,high,0.00556557159870863,relationship
2,2,1,0,96.99999690055847,low,0.0067255231551826,relationship
2,2,1,0,96.99999690055847,high,0.0054604671895504,relationship
2,2,1,0,97.99999594688416,low,0.00662990054115653,relationship
2,2,1,0,97.99999594688416,high,0.005355922970920801,relationship
2,2,1,0,98.99999499320984,low,0.006533871870487928,relationship
2,2,1,0,98.99999499320984,high,0.005251981317996979,relationship
2,2,1,0,100.0,low,0.0064374771900475025,relationship
2,2,1,0,100.0,high,0.005148683208972216,relationship
2,2,1,1,0.0,low,0.011956398375332355,relationship
2,2,1,1,0.0,high,0.013386445119976997,relationship
2,2,1,1,0.9999999776482582,low,0.011937101371586323,relationship
2,2,1,1,0.9999999776482582,high,0.013346183113753796,relationship
2,2,1,1,1.9999999552965164,low,0.01191739458590746,relationship
2,2,1,1,1.9999999552965164,high,0.013305176049470901,relationship
2,2,1,1,2.9999999329447746,low,0.011897267773747444,relationship
2,2,1,1,2.9999999329447746,high,0.013263420201838017,relationship
2,2,1,1,3.999999910593033,low,0.01187671348452568,relationship
2,2,1,1,3.999999910593033,high,0.013220898807048798,relationship
2,2,1,1,4.999999701976776,low,0.011855721473693848,relationship
2,2,1,1,4.999999701976776,high,0.013177606277167797,relationship
2,2,1,1,5.999999865889549,low,0.011834284290671349,relationship
2,2,1,1,5.999999865889549,high,0.013133525848388672,relationship
2,2,1,1,7.000000029802322,low,0.011812390759587288,relationship
2,2,1,1,7.000000029802322,high,0.0130886510014534,relationship
2,2,1,1,7.999999821186066,low,0.011790032498538494,relationship
2,2,1,1,7.999999821186066,high,0.013042967766523361,relationship
2,2,1,1,8.999999612569809,low,0.01176720205694437,relationship
2,2,1,1,8.999999612569809,high,0.012996467761695385,relationship
2,2,1,1,9.999999403953552,low,0.011743885464966297,relationship
2,2,1,1,9.999999403953552,high,0.012949137017130852,relationship
2,2,1,1,10.999999940395355,low,0.011720076203346252,relationship
2,2,1,1,10.999999940395355,high,0.012900964356958866,relationship
2,2,1,1,11.999999731779099,low,0.01169576309621334,relationship
2,2,1,1,11.999999731779099,high,0.012851945124566555,relationship
2,2,1,1,12.999999523162842,low,0.011670934967696667,relationship
2,2,1,1,12.999999523162842,high,0.012802059762179852,relationship
2,2,1,1,14.000000059604645,low,0.011645584367215633,relationship
2,2,1,1,14.000000059604645,high,0.012751305475831032,relationship
2,2,1,1,14.999999105930328,low,0.011619697324931622,relationship
2,2,1,1,14.999999105930328,high,0.012699665501713753,relationship
2,2,1,1,15.999999642372131,low,0.011593266390264034,relationship
2,2,1,1,15.999999642372131,high,0.012647136114537716,relationship
2,2,1,1,17.000000178813934,low,0.011566277593374252,relationship
2,2,1,1,17.000000178813934,high,0.012593700550496578,relationship
2,2,1,1,17.999999225139618,low,0.011538723483681679,relationship
2,2,1,1,17.999999225139618,high,0.012539351359009743,relationship
2,2,1,1,18.99999976158142,low,0.01151058916002512,relationship
2,2,1,1,18.99999976158142,high,0.012484081089496613,relationship
2,2,1,1,19.999998807907104,low,0.011481867171823978,relationship
2,2,1,1,19.999998807907104,high,0.012427874840795994,relationship
2,2,1,1,20.999999344348907,low,0.01145254448056221,relationship
2,2,1,1,20.999999344348907,high,0.012370727956295013,relationship
2,2,1,1,21.99999988079071,low,0.011422608979046345,relationship
2,2,1,1,21.99999988079071,high,0.012312625534832478,relationship
2,2,1,1,22.999998927116394,low,0.011392050422728062,relationship
2,2,1,1,22.999998927116394,high,0.01225356850773096,relationship
2,2,1,1,23.999999463558197,low,0.011360855773091316,relationship
2,2,1,1,23.999999463558197,high,0.012193535454571247,relationship
2,2,1,1,25.0,low,0.011329012922942638,relationship
2,2,1,1,25.0,high,0.012132530100643635,relationship
2,2,1,1,25.999999046325684,low,0.011296511627733707,relationship
2,2,1,1,25.999999046325684,high,0.01207053568214178,relationship
2,2,1,1,26.999998092651367,low,0.011263340711593628,relationship
2,2,1,1,26.999998092651367,high,0.012007548473775387,relationship
2,2,1,1,28.00000011920929,low,0.011229484342038631,relationship
2,2,1,1,28.00000011920929,high,0.011943561024963856,relationship
2,2,1,1,28.999999165534973,low,0.011194934137165546,relationship
2,2,1,1,28.999999165534973,high,0.011878563091158867,relationship
2,2,1,1,29.999998211860657,low,0.01115967333316803,relationship
2,2,1,1,29.999998211860657,high,0.011812552809715271,relationship
2,2,1,1,31.00000023841858,low,0.01112369541078806,relationship
2,2,1,1,31.00000023841858,high,0.011745521798729897,relationship
2,2,1,1,31.999999284744263,low,0.011086981743574142,relationship
2,2,1,1,31.999999284744263,high,0.011677463538944721,relationship
2,2,1,1,32.999998331069946,low,0.011049524880945683,relationship
2,2,1,1,32.999998331069946,high,0.011608373373746872,relationship
2,2,1,1,34.00000035762787,low,0.011011308059096336,relationship
2,2,1,1,34.00000035762787,high,0.011538246646523476,relationship
2,2,1,1,34.99999940395355,low,0.010972324758768082,relationship
2,2,1,1,34.99999940395355,high,0.011467083357274532,relationship
2,2,1,1,35.999998450279236,low,0.010932556353509426,relationship
2,2,1,1,35.999998450279236,high,0.011394874192774296,relationship
2,2,1,1,37.00000047683716,low,0.010891993530094624,relationship
2,2,1,1,37.00000047683716,high,0.01132162194699049,relationship
2,2,1,1,37.99999952316284,low,0.010850622318685055,relationship
2,2,1,1,37.99999952316284,high,0.011247319169342518,relationship
2,2,1,1,38.999998569488525,low,0.010808432474732399,relationship
2,2,1,1,38.999998569488525,high,0.011171968653798103,relationship
2,2,1,1,39.99999761581421,low,0.010765408165752888,relationship
2,2,1,1,39.99999761581421,high,0.011095565743744373,relationship
2,2,1,1,40.99999964237213,low,0.0107215391471982,relationship
2,2,1,1,40.99999964237213,high,0.011018116027116776,relationship
2,2,1,1,41.999998688697815,low,0.010676813311874866,relationship
2,2,1,1,41.999998688697815,high,0.010939612984657288,relationship
2,2,1,1,42.9999977350235,low,0.010631219483911991,relationship
2,2,1,1,42.9999977350235,high,0.010860064066946507,relationship
2,2,1,1,43.99999976158142,low,0.01058474276214838,relationship
2,2,1,1,43.99999976158142,high,0.010779470205307007,relationship
2,2,1,1,44.999998807907104,low,0.010537373833358288,relationship
2,2,1,1,44.999998807907104,high,0.010697833262383938,relationship
2,2,1,1,45.99999785423279,low,0.010489101521670818,relationship
2,2,1,1,45.99999785423279,high,0.010615160688757896,relationship
2,2,1,1,46.99999988079071,low,0.010439910925924778,relationship
2,2,1,1,46.99999988079071,high,0.010531453415751457,relationship
2,2,1,1,47.999998927116394,low,0.010389793664216995,relationship
2,2,1,1,47.999998927116394,high,0.010446719825267792,relationship
2,2,1,1,48.99999797344208,low,0.010338738560676575,relationship
2,2,1,1,48.99999797344208,high,0.010360966436564922,relationship
2,2,1,1,50.0,low,0.01028673630207777,relationship
2,2,1,1,50.0,high,0.01027420163154602,relationship
2,2,1,1,50.999999046325684,low,0.010233773849904537,relationship
2,2,1,1,50.999999046325684,high,0.010186432860791683,relationship
2,2,1,1,51.99999809265137,low,0.010179842822253704,relationship
2,2,1,1,51.99999809265137,high,0.01009767223149538,relationship
2,2,1,1,52.99999713897705,low,0.01012493297457695,relationship
2,2,1,1,52.99999713897705,high,0.010007931850850582,relationship
2,2,1,1,53.999996185302734,low,0.010069034993648529,relationship
2,2,1,1,53.999996185302734,high,0.009917221032083035,relationship
2,2,1,1,55.000001192092896,low,0.01001214049756527,relationship
2,2,1,1,55.000001192092896,high,0.009825554676353931,relationship
2,2,1,1,56.00000023841858,low,0.009954242035746574,relationship
2,2,1,1,56.00000023841858,high,0.009732947684824467,relationship
2,2,1,1,56.99999928474426,low,0.009895330294966698,relationship
2,2,1,1,56.99999928474426,high,0.009639415889978409,relationship
2,2,1,1,57.999998331069946,low,0.009835401549935341,relationship
2,2,1,1,57.999998331069946,high,0.009544973261654377,relationship
2,2,1,1,58.99999737739563,low,0.009774443693459034,relationship
2,2,1,1,58.99999737739563,high,0.009449643082916737,relationship
2,2,1,1,59.99999642372131,low,0.009712456725537777,relationship
2,2,1,1,59.99999642372131,high,0.009353441186249256,relationship
2,2,1,1,61.000001430511475,low,0.009649430401623249,relationship
2,2,1,1,61.000001430511475,high,0.009256386198103428,relationship
2,2,1,1,62.00000047683716,low,0.009585361927747726,relationship
2,2,1,1,62.00000047683716,high,0.00915850605815649,relationship
2,2,1,1,62.99999952316284,low,0.009520250372588634,relationship
2,2,1,1,62.99999952316284,high,0.009059816598892212,relationship
2,2,1,1,63.999998569488525,low,0.009454088285565376,relationship
2,2,1,1,63.999998569488525,high,0.008960346691310406,relationship
2,2,1,1,64.99999761581421,low,0.009386875666677952,relationship
2,2,1,1,64.99999761581421,high,0.008860119618475437,relationship
2,2,1,1,65.99999666213989,low,0.009318611584603786,relationship
2,2,1,1,65.99999666213989,high,0.008759165182709694,relationship
2,2,1,1,66.99999570846558,low,0.009249294176697731,relationship
2,2,1,1,66.99999570846558,high,0.008657503873109818,relationship
2,2,1,1,68.00000071525574,low,0.00917892437428236,relationship
2,2,1,1,68.00000071525574,high,0.008555171079933643,relationship
2,2,1,1,68.99999976158142,low,0.009107504971325397,relationship
2,2,1,1,68.99999976158142,high,0.008452196605503559,relationship
2,2,1,1,69.9999988079071,low,0.009035037830471992,relationship
2,2,1,1,69.9999988079071,high,0.008348608389496803,relationship
2,2,1,1,70.99999785423279,low,0.008961525745689869,relationship
2,2,1,1,70.99999785423279,high,0.008244440890848637,relationship
2,2,1,1,71.99999690055847,low,0.008886975236237049,relationship
2,2,1,1,71.99999690055847,high,0.008139729499816895,relationship
2,2,1,1,72.99999594688416,low,0.008811390027403831,relationship
2,2,1,1,72.99999594688416,high,0.00803450495004654,relationship
2,2,1,1,74.00000095367432,low,0.008734777569770813,relationship
2,2,1,1,74.00000095367432,high,0.007928804494440556,relationship
2,2,1,1,75.0,low,0.008657149039208889,relationship
2,2,1,1,75.0,high,0.007822667248547077,relationship
2,2,1,1,75.99999904632568,low,0.008578510023653507,relationship
2,2,1,1,75.99999904632568,high,0.007716127205640078,relationship
2,2,1,1,76.99999809265137,low,0.008498874492943287,relationship
2,2,1,1,76.99999809265137,high,0.007609223946928978,relationship
2,2,1,1,77.99999713897705,low,0.0084182508289814,relationship
2,2,1,1,77.99999713897705,high,0.007501998450607061,relationship
2,2,1,1,78.99999618530273,low,0.008336655795574188,relationship
2,2,1,1,78.99999618530273,high,0.007394490763545036,relationship
2,2,1,1,79.99999523162842,low,0.008254104293882847,relationship
2,2,1,1,79.99999523162842,high,0.007286740466952324,relationship
2,2,1,1,81.00000023841858,low,0.00817061122506857,relationship
2,2,1,1,81.00000023841858,high,0.007178791332989931,relationship
2,2,1,1,81.99999928474426,low,0.008086195215582848,relationship
2,2,1,1,81.99999928474426,high,0.007070684339851141,relationship
2,2,1,1,82.99999833106995,low,0.008000873029232025,relationship
2,2,1,1,82.99999833106995,high,0.006962464656680822,relationship
2,2,1,1,83.99999737739563,low,0.007914667949080467,relationship
2,2,1,1,83.99999737739563,high,0.006854173727333546,relationship
2,2,1,1,84.99999642372131,low,0.00782760139554739,relationship
2,2,1,1,84.99999642372131,high,0.006745857186615467,relationship
2,2,1,1,85.999995470047,low,0.007739695720374584,relationship
2,2,1,1,85.999995470047,high,0.0066375588066875935,relationship
2,2,1,1,87.00000047683716,low,0.00765097513794899,relationship
2,2,1,1,87.00000047683716,high,0.006529323756694794,relationship
2,2,1,1,87.99999952316284,low,0.00756146851927042,relationship
2,2,1,1,87.99999952316284,high,0.006421197671443224,relationship
2,2,1,1,88.99999856948853,low,0.0074712010100483894,relationship
2,2,1,1,88.99999856948853,high,0.00631322804838419,relationship
2,2,1,1,89.99999761581421,low,0.007380204740911722,relationship
2,2,1,1,89.99999761581421,high,0.006205455400049686,relationship
2,2,1,1,90.99999666213989,low,0.007288508582860231,relationship
2,2,1,1,90.99999666213989,high,0.006097930949181318,relationship
2,2,1,1,91.99999570846558,low,0.007196144200861454,relationship
2,2,1,1,91.99999570846558,high,0.005990695208311081,relationship
2,2,1,1,93.00000071525574,low,0.007103144656866789,relationship
2,2,1,1,93.00000071525574,high,0.005883796606212854,relationship
2,2,1,1,93.99999976158142,low,0.007009546272456646,relationship
2,2,1,1,93.99999976158142,high,0.00577727984637022,relationship
2,2,1,1,94.9999988079071,low,0.006915385369211435,relationship
2,2,1,1,94.9999988079071,high,0.00567118963226676,relationship
2,2,1,1,95.99999785423279,low,0.00682069780305028,relationship
2,2,1,1,95.99999785423279,high,0.005565571133047342,relationship
2,2,1,1,96.99999690055847,low,0.0067255231551826,relationship
2,2,1,1,96.99999690055847,high,0.005460467655211687,relationship
2,2,1,1,97.99999594688416,low,0.00662990054115653,relationship
2,2,1,1,97.99999594688416,high,0.0053559234365820885,relationship
2,2,1,1,98.99999499320984,low,0.006533871870487928,relationship
2,2,1,1,98.99999499320984,high,0.005251981317996979,relationship
2,2,1,1,100.0,low,0.0064374771900475025,relationship
2,2,1,1,100.0,high,0.005148682743310928,relationship
2,2,1,2,0.0,low,0.0041106091812253,relationship
2,2,1,2,0.0,high,0.004858635365962982,relationship
2,2,1,2,0.9999999776482582,low,0.004186880774796009,relationship
2,2,1,2,0.9999999776482582,high,0.004941877443343401,relationship
2,2,1,2,1.9999999552965164,low,0.004264409653842449,relationship
2,2,1,2,1.9999999552965164,high,0.005026218947023153,relationship
2,2,1,2,2.9999999329447746,low,0.0043432083912193775,relationship
2,2,1,2,2.9999999329447746,high,0.005111662670969963,relationship
2,2,1,2,3.999999910593033,low,0.0044232928194105625,relationship
2,2,1,2,3.999999910593033,high,0.005198206752538681,relationship
2,2,1,2,4.999999701976776,low,0.00450467225164175,relationship
2,2,1,2,4.999999701976776,high,0.0052858516573905945,relationship
2,2,1,2,5.999999865889549,low,0.004587363451719284,relationship
2,2,1,2,5.999999865889549,high,0.005374594125896692,relationship
2,2,1,2,7.000000029802322,low,0.00467137573286891,relationship
2,2,1,2,7.000000029802322,high,0.005464432295411825,relationship
2,2,1,2,7.999999821186066,low,0.004756723530590534,relationship
2,2,1,2,7.999999821186066,high,0.005555363837629557,relationship
2,2,1,2,8.999999612569809,low,0.004843418020755053,relationship
2,2,1,2,8.999999612569809,high,0.005647383164614439,relationship
2,2,1,2,9.999999403953552,low,0.004931471310555935,relationship
2,2,1,2,9.999999403953552,high,0.005740485619753599,relationship
2,2,1,2,10.999999940395355,low,0.005020894110202789,relationship
2,2,1,2,10.999999940395355,high,0.005834667477756739,relationship
2,2,1,2,11.999999731779099,low,0.0051116966642439365,relationship
2,2,1,2,11.999999731779099,high,0.005929914768785238,relationship
2,2,1,2,12.999999523162842,low,0.00520388875156641,relationship
2,2,1,2,12.999999523162842,high,0.006026227958500385,relationship
2,2,1,2,14.000000059604645,low,0.005297482013702393,relationship
2,2,1,2,14.000000059604645,high,0.006123588420450687,relationship
2,2,1,2,14.999999105930328,low,0.005392485298216343,relationship
2,2,1,2,14.999999105930328,high,0.006221996154636145,relationship
2,2,1,2,15.999999642372131,low,0.005488906521350145,relationship
2,2,1,2,15.999999642372131,high,0.006321429740637541,relationship
2,2,1,2,17.000000178813934,low,0.005586754996329546,relationship
2,2,1,2,17.000000178813934,high,0.0064218854531645775,relationship
2,2,1,2,17.999999225139618,low,0.0056860363110899925,relationship
2,2,1,2,17.999999225139618,high,0.006523342337459326,relationship
2,2,1,2,18.99999976158142,low,0.005786757450550795,relationship
2,2,1,2,18.99999976158142,high,0.006625787355005741,relationship
2,2,1,2,19.999998807907104,low,0.005888927262276411,relationship
2,2,1,2,19.999998807907104,high,0.00672920374199748,relationship
2,2,1,2,20.999999344348907,low,0.005992547608911991,relationship
2,2,1,2,20.999999344348907,high,0.006833575200289488,relationship
2,2,1,2,21.99999988079071,low,0.006097625009715557,relationship
2,2,1,2,21.99999988079071,high,0.006938878912478685,relationship
2,2,1,2,22.999998927116394,low,0.006204162258654833,relationship
2,2,1,2,22.999998927116394,high,0.00704509811475873,relationship
2,2,1,2,23.999999463558197,low,0.0063121626153588295,relationship
2,2,1,2,23.999999463558197,high,0.007152206730097532,relationship
2,2,1,2,25.0,low,0.006421627942472696,relationship
2,2,1,2,25.0,high,0.007260184735059738,relationship
2,2,1,2,25.999999046325684,low,0.006532557774335146,relationship
2,2,1,2,25.999999046325684,high,0.007369001396000385,relationship
2,2,1,2,26.999998092651367,low,0.006644954439252615,relationship
2,2,1,2,26.999998092651367,high,0.0074786352925002575,relationship
2,2,1,2,28.00000011920929,low,0.006758814211934805,relationship
2,2,1,2,28.00000011920929,high,0.007589055225253105,relationship
2,2,1,2,28.999999165534973,low,0.0068741352297365665,relationship
2,2,1,2,28.999999165534973,high,0.007700229994952679,relationship
2,2,1,2,29.999998211860657,low,0.006990914233028889,relationship
2,2,1,2,29.999998211860657,high,0.007812129333615303,relationship
2,2,1,2,31.00000023841858,low,0.007109145633876324,relationship
2,2,1,2,31.00000023841858,high,0.007924717850983143,relationship
2,2,1,2,31.999999284744263,low,0.007228821981698275,relationship
2,2,1,2,31.999999284744263,high,0.008037962019443512,relationship
2,2,1,2,32.999998331069946,low,0.007349938154220581,relationship
2,2,1,2,32.999998331069946,high,0.008151822723448277,relationship
2,2,1,2,34.00000035762787,low,0.007472485303878784,relationship
2,2,1,2,34.00000035762787,high,0.008266263641417027,relationship
2,2,1,2,34.99999940395355,low,0.00759644852951169,relationship
2,2,1,2,34.99999940395355,high,0.008381236344575882,relationship
2,2,1,2,35.999998450279236,low,0.007721818517893553,relationship
2,2,1,2,35.999998450279236,high,0.008496708236634731,relationship
2,2,1,2,37.00000047683716,low,0.007848580367863178,relationship
2,2,1,2,37.00000047683716,high,0.008612624369561672,relationship
2,2,1,2,37.99999952316284,low,0.007976718246936798,relationship
2,2,1,2,37.99999952316284,high,0.008728948421776295,relationship
2,2,1,2,38.999998569488525,low,0.008106214925646782,relationship
2,2,1,2,38.999998569488525,high,0.008845621719956398,relationship
2,2,1,2,39.99999761581421,low,0.008237053640186787,relationship
2,2,1,2,39.99999761581421,high,0.008962603285908699,relationship
2,2,1,2,40.99999964237213,low,0.008369209244847298,relationship
2,2,1,2,40.99999964237213,high,0.009079829789698124,relationship
2,2,1,2,41.999998688697815,low,0.008502659387886524,relationship
2,2,1,2,41.999998688697815,high,0.009197257459163666,relationship
2,2,1,2,42.9999977350235,low,0.008637381717562675,relationship
2,2,1,2,42.9999977350235,high,0.009314822033047676,relationship
2,2,1,2,43.99999976158142,low,0.008773346431553364,relationship
2,2,1,2,43.99999976158142,high,0.0094324741512537,relationship
2,2,1,2,44.999998807907104,low,0.008910523727536201,relationship
2,2,1,2,44.999998807907104,high,0.009550143964588642,relationship
2,2,1,2,45.99999785423279,low,0.009048884734511375,relationship
2,2,1,2,45.99999785423279,high,0.00966777466237545,relationship
2,2,1,2,46.99999988079071,low,0.009188390336930752,relationship
2,2,1,2,46.99999988079071,high,0.009785300120711327,relationship
2,2,1,2,47.999998927116394,low,0.009329007938504219,relationship
2,2,1,2,47.999998927116394,high,0.009902656078338623,relationship
2,2,1,2,48.99999797344208,low,0.009470698423683643,relationship
2,2,1,2,48.99999797344208,high,0.010019771754741669,relationship
2,2,1,2,50.0,low,0.009613418951630592,relationship
2,2,1,2,50.0,high,0.010136582888662815,relationship
2,2,1,2,50.999999046325684,low,0.009757127612829208,relationship
2,2,1,2,50.999999046325684,high,0.010253013111650944,relationship
2,2,1,2,51.99999809265137,low,0.009901775978505611,relationship
2,2,1,2,51.99999809265137,high,0.010368992574512959,relationship
2,2,1,2,52.99999713897705,low,0.010047316551208496,relationship
2,2,1,2,52.99999713897705,high,0.010484445840120316,relationship
2,2,1,2,53.999996185302734,low,0.010193695314228535,relationship
2,2,1,2,53.999996185302734,high,0.010599296540021896,relationship
2,2,1,2,55.000001192092896,low,0.010340859182178974,relationship
2,2,1,2,55.000001192092896,high,0.010713466443121433,relationship
2,2,1,2,56.00000023841858,low,0.010488751344382763,relationship
2,2,1,2,56.00000023841858,high,0.010826876387000084,relationship
2,2,1,2,56.99999928474426,low,0.010637310333549976,relationship
2,2,1,2,56.99999928474426,high,0.010939447209239006,relationship
2,2,1,2,57.999998331069946,low,0.010786471888422966,relationship
2,2,1,2,57.999998331069946,high,0.01105109415948391,relationship
2,2,1,2,58.99999737739563,low,0.010936172679066658,relationship
2,2,1,2,58.99999737739563,high,0.011161739006638527,relationship
2,2,1,2,59.99999642372131,low,0.011086339130997658,relationship
2,2,1,2,59.99999642372131,high,0.011271292343735695,relationship
2,2,1,2,61.000001430511475,low,0.011236906051635742,relationship
2,2,1,2,61.000001430511475,high,0.011379675008356571,relationship
2,2,1,2,62.00000047683716,low,0.011387791484594345,relationship
2,2,1,2,62.00000047683716,high,0.011486790142953396,relationship
2,2,1,2,62.99999952316284,low,0.011538919992744923,relationship
2,2,1,2,62.99999952316284,high,0.011592565104365349,relationship
2,2,1,2,63.999998569488525,low,0.011690211482346058,relationship
2,2,1,2,63.999998569488525,high,0.011696896515786648,relationship
2,2,1,2,64.99999761581421,low,0.011841580271720886,relationship
2,2,1,2,64.99999761581421,high,0.011799714528024197,relationship
2,2,1,2,65.99999666213989,low,0.011992940679192543,relationship
2,2,1,2,65.99999666213989,high,0.01190091297030449,relationship
2,2,1,2,66.99999570846558,low,0.012144201435148716,relationship
2,2,1,2,66.99999570846558,high,0.012000419199466705,relationship
2,2,1,2,68.00000071525574,low,0.012295272201299667,relationship
2,2,1,2,68.00000071525574,high,0.012098130770027637,relationship
2,2,1,2,68.99999976158142,low,0.012446053326129913,relationship
2,2,1,2,68.99999976158142,high,0.012193967588245869,relationship
2,2,1,2,69.9999988079071,low,0.012596446089446545,relationship
2,2,1,2,69.9999988079071,high,0.012287836521863937,relationship
2,2,1,2,70.99999785423279,low,0.012746354565024376,relationship
2,2,1,2,70.99999785423279,high,0.012379651889204979,relationship
2,2,1,2,71.99999690055847,low,0.012895666062831879,relationship
2,2,1,2,71.99999690055847,high,0.012469328008592129,relationship
2,2,1,2,72.99999594688416,low,0.013044281862676144,relationship
2,2,1,2,72.99999594688416,high,0.012556775473058224,relationship
2,2,1,2,74.00000095367432,low,0.013192087411880493,relationship
2,2,1,2,74.00000095367432,high,0.012641907669603825,relationship
2,2,1,2,75.0,low,0.013338973745703697,relationship
2,2,1,2,75.0,high,0.012724642641842365,relationship
2,2,1,2,75.99999904632568,low,0.013484823517501354,relationship
2,2,1,2,75.99999904632568,high,0.012804893776774406,relationship
2,2,1,2,76.99999809265137,low,0.013629523105919361,relationship
2,2,1,2,76.99999809265137,high,0.012882580980658531,relationship
2,2,1,2,77.99999713897705,low,0.013772953301668167,relationship
2,2,1,2,77.99999713897705,high,0.012957624159753323,relationship
2,2,1,2,78.99999618530273,low,0.013914992101490498,relationship
2,2,1,2,78.99999618530273,high,0.013029943220317364,relationship
2,2,1,2,79.99999523162842,low,0.014055519364774227,relationship
2,2,1,2,79.99999523162842,high,0.013099460862576962,relationship
2,2,1,2,81.00000023841858,low,0.014194412156939507,relationship
2,2,1,2,81.00000023841858,high,0.01316610723733902,relationship
2,2,1,2,81.99999928474426,low,0.014331541024148464,relationship
2,2,1,2,81.99999928474426,high,0.013229802250862122,relationship
2,2,1,2,82.99999833106995,low,0.014466783963143826,relationship
2,2,1,2,82.99999833106995,high,0.013290483504533768,relationship
2,2,1,2,83.99999737739563,low,0.014600010588765144,relationship
2,2,1,2,83.99999737739563,high,0.013348078355193138,relationship
2,2,1,2,84.99999642372131,low,0.014731095172464848,relationship
2,2,1,2,84.99999642372131,high,0.013402526266872883,relationship
2,2,1,2,85.999995470047,low,0.014859907329082489,relationship
2,2,1,2,85.999995470047,high,0.013453764840960503,relationship
2,2,1,2,87.00000047683716,low,0.014986320398747921,relationship
2,2,1,2,87.00000047683716,high,0.013501733541488647,relationship
2,2,1,2,87.99999952316284,low,0.015110202133655548,relationship
2,2,1,2,87.99999952316284,high,0.013546385802328587,relationship
2,2,1,2,88.99999856948853,low,0.015231422148644924,relationship
2,2,1,2,88.99999856948853,high,0.013587655499577522,relationship
2,2,1,2,89.99999761581421,low,0.015349854715168476,relationship
2,2,1,2,89.99999761581421,high,0.013625511899590492,relationship
2,2,1,2,90.99999666213989,low,0.015465372242033482,relationship
2,2,1,2,90.99999666213989,high,0.013659894466400146,relationship
2,2,1,2,91.99999570846558,low,0.015577849000692368,relationship
2,2,1,2,91.99999570846558,high,0.01369077805429697,relationship
2,2,1,2,93.00000071525574,low,0.015687158331274986,relationship
2,2,1,2,93.00000071525574,high,0.013718114234507084,relationship
2,2,1,2,93.99999976158142,low,0.015793172642588615,relationship
2,2,1,2,93.99999976158142,high,0.013741878792643547,relationship
2,2,1,2,94.9999988079071,low,0.015895778313279152,relationship
2,2,1,2,94.9999988079071,high,0.013762038201093674,relationship
2,2,1,2,95.99999785423279,low,0.01599484495818615,relationship
2,2,1,2,95.99999785423279,high,0.013778572902083397,relationship
2,2,1,2,96.99999690055847,low,0.016090266406536102,relationship
2,2,1,2,96.99999690055847,high,0.013791457749903202,relationship
2,2,1,2,97.99999594688416,low,0.01618191972374916,relationship
2,2,1,2,97.99999594688416,high,0.013800682500004768,relationship
2,2,1,2,98.99999499320984,low,0.01626969873905182,relationship
2,2,1,2,98.99999499320984,high,0.013806234113872051,relationship
2,2,1,2,100.0,low,0.016353491693735123,relationship
2,2,1,2,100.0,high,0.013808106072247028,relationship
2,2,1,3,0.0,low,0.0010574295883998275,relationship
2,2,1,3,0.0,high,0.0013110178988426924,relationship
2,2,1,3,0.9999999776482582,low,0.0010988079011440277,relationship
2,2,1,3,0.9999999776482582,high,0.0013604173436760902,relationship
2,2,1,3,1.9999999552965164,low,0.001141762943007052,relationship
2,2,1,3,1.9999999552965164,high,0.0014115863014012575,relationship
2,2,1,3,2.9999999329447746,low,0.0011863521067425609,relationship
2,2,1,3,2.9999999329447746,high,0.001464583445340395,relationship
2,2,1,3,3.999999910593033,low,0.0012326351134106517,relationship
2,2,1,3,3.999999910593033,high,0.0015194673324003816,relationship
2,2,1,3,4.999999701976776,low,0.0012806722661480308,relationship
2,2,1,3,4.999999701976776,high,0.0015762990806251764,relationship
2,2,1,3,5.999999865889549,low,0.0013305271277204156,relationship
2,2,1,3,5.999999865889549,high,0.0016351410886272788,relationship
2,2,1,3,7.000000029802322,low,0.001382265007123351,relationship
2,2,1,3,7.000000029802322,high,0.0016960573848336935,relationship
2,2,1,3,7.999999821186066,low,0.001435953308828175,relationship
2,2,1,3,7.999999821186066,high,0.0017591133946552873,relationship
2,2,1,3,8.999999612569809,low,0.0014916614163666964,relationship
2,2,1,3,8.999999612569809,high,0.0018243766389787197,relationship
2,2,1,3,9.999999403953552,low,0.001549461274407804,relationship
2,2,1,3,9.999999403953552,high,0.0018919163849204779,relationship
2,2,1,3,10.999999940395355,low,0.0016094264574348927,relationship
2,2,1,3,10.999999940395355,high,0.001961801666766405,relationship
2,2,1,3,11.999999731779099,low,0.001671633217483759,relationship
2,2,1,3,11.999999731779099,high,0.0020341058261692524,relationship
2,2,1,3,12.999999523162842,low,0.0017361602513119578,relationship
2,2,1,3,12.999999523162842,high,0.002108901273459196,relationship
2,2,1,3,14.000000059604645,low,0.0018030890496447682,relationship
2,2,1,3,14.000000059604645,high,0.0021862653084099293,relationship
2,2,1,3,14.999999105930328,low,0.00187250308226794,relationship
2,2,1,3,14.999999105930328,high,0.002266273135319352,relationship
2,2,1,3,15.999999642372131,low,0.0019444881472736597,relationship
2,2,1,3,15.999999642372131,high,0.0023490050807595253,relationship
2,2,1,3,17.000000178813934,low,0.0020191334187984467,relationship
2,2,1,3,17.000000178813934,high,0.0024345407728105783,relationship
2,2,1,3,17.999999225139618,low,0.002096528885886073,relationship
2,2,1,3,17.999999225139618,high,0.002522961003705859,relationship
2,2,1,3,18.99999976158142,low,0.002176769310608506,relationship
2,2,1,3,18.99999976158142,high,0.002614350290969014,relationship
2,2,1,3,19.999998807907104,low,0.002259951550513506,relationship
2,2,1,3,19.999998807907104,high,0.0027087931521236897,relationship
2,2,1,3,20.999999344348907,low,0.002346174791455269,relationship
2,2,1,3,20.999999344348907,high,0.002806376665830612,relationship
2,2,1,3,21.99999988079071,low,0.0024355414789170027,relationship
2,2,1,3,21.99999988079071,high,0.002907188842073083,relationship
2,2,1,3,22.999998927116394,low,0.0025281563866883516,relationship
2,2,1,3,22.999998927116394,high,0.0030113195534795523,relationship
2,2,1,3,23.999999463558197,low,0.00262412684969604,relationship
2,2,1,3,23.999999463558197,high,0.0031188589055091143,relationship
2,2,1,3,25.0,low,0.002723563928157091,relationship
2,2,1,3,25.0,high,0.003229900961741805,relationship
2,2,1,3,25.999999046325684,low,0.002826582407578826,relationship
2,2,1,3,25.999999046325684,high,0.0033445379231125116,relationship
2,2,1,3,26.999998092651367,low,0.0029332987032830715,relationship
2,2,1,3,26.999998092651367,high,0.0034628654830157757,relationship
2,2,1,3,28.00000011920929,low,0.0030438320245593786,relationship
2,2,1,3,28.00000011920929,high,0.003584981197491288,relationship
2,2,1,3,28.999999165534973,low,0.0031583053059875965,relationship
2,2,1,3,28.999999165534973,high,0.003710981458425522,relationship
2,2,1,3,29.999998211860657,low,0.0032768447417765856,relationship
2,2,1,3,29.999998211860657,high,0.003840964986011386,relationship
2,2,1,3,31.00000023841858,low,0.0033995797857642174,relationship
2,2,1,3,31.00000023841858,high,0.0039750318974256516,relationship
2,2,1,3,31.999999284744263,low,0.0035266419872641563,relationship
2,2,1,3,31.999999284744263,high,0.0041132839396595955,relationship
2,2,1,3,32.999998331069946,low,0.003658165456727147,relationship
2,2,1,3,32.999998331069946,high,0.004255820065736771,relationship
2,2,1,3,34.00000035762787,low,0.0037942908238619566,relationship
2,2,1,3,34.00000035762787,high,0.0044027469120919704,relationship
2,2,1,3,34.99999940395355,low,0.0039351568557322025,relationship
2,2,1,3,34.99999940395355,high,0.004554163198918104,relationship
2,2,1,3,35.999998450279236,low,0.004080908838659525,relationship
2,2,1,3,35.999998450279236,high,0.004710173700004816,relationship
2,2,1,3,37.00000047683716,low,0.004231694620102644,relationship
2,2,1,3,37.00000047683716,high,0.004870884120464325,relationship
2,2,1,3,37.99999952316284,low,0.004387663211673498,relationship
2,2,1,3,37.99999952316284,high,0.005036396440118551,relationship
2,2,1,3,38.999998569488525,low,0.004548970144242048,relationship
2,2,1,3,38.999998569488525,high,0.005206818226724863,relationship
2,2,1,3,39.99999761581421,low,0.004715770948678255,relationship
2,2,1,3,39.99999761581421,high,0.005382250528782606,relationship
2,2,1,3,40.99999964237213,low,0.0048882244154810905,relationship
2,2,1,3,40.99999964237213,high,0.0055628009140491486,relationship
2,2,1,3,41.999998688697815,low,0.0050664921291172504,relationship
2,2,1,3,41.999998688697815,high,0.005748571362346411,relationship
2,2,1,3,42.9999977350235,low,0.005250740796327591,relationship
2,2,1,3,42.9999977350235,high,0.0059396675787866116,relationship
2,2,1,3,43.99999976158142,low,0.005441136658191681,relationship
2,2,1,3,43.99999976158142,high,0.0061361948028206825,relationship
2,2,1,3,44.999998807907104,low,0.005637849681079388,relationship
2,2,1,3,44.999998807907104,high,0.006338248960673809,relationship
2,2,1,3,45.99999785423279,low,0.005841052625328302,relationship
2,2,1,3,45.99999785423279,high,0.006545936688780785,relationship
2,2,1,3,46.99999988079071,low,0.006050921976566315,relationship
2,2,1,3,46.99999988079071,high,0.006759354844689369,relationship
2,2,1,3,47.999998927116394,low,0.006267630960792303,relationship
2,2,1,3,47.999998927116394,high,0.006978606339544058,relationship
2,2,1,3,48.99999797344208,low,0.006491361651569605,relationship
2,2,1,3,48.99999797344208,high,0.007203785236924887,relationship
2,2,1,3,50.0,low,0.00672229565680027,relationship
2,2,1,3,50.0,high,0.00743498932570219,relationship
2,2,1,3,50.999999046325684,low,0.006960614584386349,relationship
2,2,1,3,50.999999046325684,high,0.007672309875488281,relationship
2,2,1,3,51.99999809265137,low,0.007206503301858902,relationship
2,2,1,3,51.99999809265137,high,0.007915840484201908,relationship
2,2,1,3,52.99999713897705,low,0.0074601490050554276,relationship
2,2,1,3,52.99999713897705,high,0.008165671490132809,relationship
2,2,1,3,53.999996185302734,low,0.007721736095845699,relationship
2,2,1,3,53.999996185302734,high,0.008421885780990124,relationship
2,2,1,3,55.000001192092896,low,0.007991455495357513,relationship
2,2,1,3,55.000001192092896,high,0.008684566244482994,relationship
2,2,1,3,56.00000023841858,low,0.008269494399428368,relationship
2,2,1,3,56.00000023841858,high,0.008953796699643135,relationship
2,2,1,3,56.99999928474426,low,0.00855604000389576,relationship
2,2,1,3,56.99999928474426,high,0.009229650720953941,relationship
2,2,1,3,57.999998331069946,low,0.00885128416121006,relationship
2,2,1,3,57.999998331069946,high,0.009512203745543957,relationship
2,2,1,3,58.99999737739563,low,0.009155415929853916,relationship
2,2,1,3,58.99999737739563,high,0.009801522828638554,relationship
2,2,1,3,59.99999642372131,low,0.0094686234369874,relationship
2,2,1,3,59.99999642372131,high,0.01009767409414053,relationship
2,2,1,3,61.000001430511475,low,0.009791094809770584,relationship
2,2,1,3,61.000001430511475,high,0.01040071714669466,relationship
2,2,1,3,62.00000047683716,low,0.010123014450073242,relationship
2,2,1,3,62.00000047683716,high,0.010710708796977997,relationship
2,2,1,3,62.99999952316284,low,0.010464571416378021,relationship
2,2,1,3,62.99999952316284,high,0.01102769561111927,relationship
2,2,1,3,63.999998569488525,low,0.010815947316586971,relationship
2,2,1,3,63.999998569488525,high,0.011351728811860085,relationship
2,2,1,3,64.99999761581421,low,0.011177320964634418,relationship
2,2,1,3,64.99999761581421,high,0.0116828428581357,relationship
2,2,1,3,65.99999666213989,low,0.011548872105777264,relationship
2,2,1,3,65.99999666213989,high,0.012021075934171677,relationship
2,2,1,3,66.99999570846558,low,0.011930778622627258,relationship
2,2,1,3,66.99999570846558,high,0.012366452254354954,relationship
2,2,1,3,68.00000071525574,low,0.012323209084570408,relationship
2,2,1,3,68.00000071525574,high,0.012719003483653069,relationship
2,2,1,3,68.99999976158142,low,0.012726332060992718,relationship
2,2,1,3,68.99999976158142,high,0.013078735210001469,relationship
2,2,1,3,69.9999988079071,low,0.013140306808054447,relationship
2,2,1,3,69.9999988079071,high,0.013445657677948475,relationship
2,2,1,3,70.99999785423279,low,0.013565298169851303,relationship
2,2,1,3,70.99999785423279,high,0.013819771818816662,relationship
2,2,1,3,71.99999690055847,low,0.014001449570059776,relationship
2,2,1,3,71.99999690055847,high,0.014201081357896328,relationship
2,2,1,3,72.99999594688416,low,0.014448915608227253,relationship
2,2,1,3,72.99999594688416,high,0.014589564874768257,relationship
2,2,1,3,74.00000095367432,low,0.0149078369140625,relationship
2,2,1,3,74.00000095367432,high,0.014985207468271255,relationship
2,2,1,3,75.0,low,0.015378337353467941,relationship
2,2,1,3,75.0,high,0.015387979336082935,relationship
2,2,1,3,75.99999904632568,low,0.01586054638028145,relationship
2,2,1,3,75.99999904632568,high,0.015797847881913185,relationship
2,2,1,3,76.99999809265137,low,0.016354581341147423,relationship
2,2,1,3,76.99999809265137,high,0.01621476374566555,relationship
2,2,1,3,77.99999713897705,low,0.01686054840683937,relationship
2,2,1,3,77.99999713897705,high,0.016638686880469322,relationship
2,2,1,3,78.99999618530273,low,0.01737854816019535,relationship
2,2,1,3,78.99999618530273,high,0.01706955023109913,relationship
2,2,1,3,79.99999523162842,low,0.017908668145537376,relationship
2,2,1,3,79.99999523162842,high,0.017507286742329597,relationship
2,2,1,3,81.00000023841858,low,0.018450994044542313,relationship
2,2,1,3,81.00000023841858,high,0.017951827496290207,relationship
2,2,1,3,81.99999928474426,low,0.019005579873919487,relationship
2,2,1,3,81.99999928474426,high,0.018403081223368645,relationship
2,2,1,3,82.99999833106995,low,0.019572490826249123,relationship
2,2,1,3,82.99999833106995,high,0.018860964104533195,relationship
2,2,1,3,83.99999737739563,low,0.0201517716050148,relationship
2,2,1,3,83.99999737739563,high,0.019325368106365204,relationship
2,2,1,3,84.99999642372131,low,0.02074344828724861,relationship
2,2,1,3,84.99999642372131,high,0.019796187058091164,relationship
2,2,1,3,85.999995470047,low,0.021347541362047195,relationship
2,2,1,3,85.999995470047,high,0.020273305475711823,relationship
2,2,1,3,87.00000047683716,low,0.02196406200528145,relationship
2,2,1,3,87.00000047683716,high,0.02075660601258278,relationship
2,2,1,3,87.99999952316284,low,0.022592991590499878,relationship
2,2,1,3,87.99999952316284,high,0.021245935931801796,relationship
2,2,1,3,88.99999856948853,low,0.02323431521654129,relationship
2,2,1,3,88.99999856948853,high,0.021741177886724472,relationship
2,2,1,3,89.99999761581421,low,0.023887986317276955,relationship
2,2,1,3,89.99999761581421,high,0.022242164239287376,relationship
2,2,1,3,90.99999666213989,low,0.02455396018922329,relationship
2,2,1,3,90.99999666213989,high,0.022748757153749466,relationship
2,2,1,3,91.99999570846558,low,0.025232164189219475,relationship
2,2,1,3,91.99999570846558,high,0.023260772228240967,relationship
2,2,1,3,93.00000071525574,low,0.025922521948814392,relationship
2,2,1,3,93.00000071525574,high,0.02377806231379509,relationship
2,2,1,3,93.99999976158142,low,0.02662491425871849,relationship
2,2,1,3,93.99999976158142,high,0.024300435557961464,relationship
2,2,1,3,94.9999988079071,low,0.02733924426138401,relationship
2,2,1,3,94.9999988079071,high,0.024827705696225166,relationship
2,2,1,3,95.99999785423279,low,0.028065361082553864,relationship
2,2,1,3,95.99999785423279,high,0.025359688326716423,relationship
2,2,1,3,96.99999690055847,low,0.028803130611777306,relationship
2,2,1,3,96.99999690055847,high,0.025896184146404266,relationship
2,2,1,3,97.99999594688416,low,0.02955237589776516,relationship
2,2,1,3,97.99999594688416,high,0.02643699385225773,relationship
2,2,1,3,98.99999499320984,low,0.03031291626393795,relationship
2,2,1,3,98.99999499320984,high,0.026981908828020096,relationship
2,2,1,3,100.0,low,0.031084557995200157,relationship
2,2,1,3,100.0,high,0.02753070741891861,relationship
