scenario_label,action,intimacy,model,p_effort_high
apples,1,0,full,0.4415128827095032
apples,1,50,full,0.3530624806880951
apples,1,75,full,0.28665027022361755
apples,1,100,full,0.2115480601787567
apples,2,0,full,0.876615047454834
apples,2,50,full,0.8306410908699036
apples,2,75,full,0.7831423282623291
apples,2,100,full,0.7068560123443604
basketball,1,0,full,0.42638546228408813
basketball,1,50,full,0.3298584818840027
basketball,1,75,full,0.26188036799430847
basketball,1,100,full,0.1871582418680191
basketball,2,0,full,0.9037288427352905
basketball,2,50,full,0.8614217638969421
basketball,2,75,full,0.8175382018089294
basketball,2,100,full,0.7441007494926453
birthday,1,0,full,0.4848775863647461
birthday,1,50,full,0.46578073501586914
birthday,1,75,full,0.45114609599113464
birthday,1,100,full,0.4324420392513275
birthday,2,0,full,0.5969775319099426
birthday,2,50,full,0.5784233212471008
birthday,2,75,full,0.5639858245849609
birthday,2,100,full,0.5452510714530945
brunch,1,0,full,0.5
brunch,1,50,full,0.5
brunch,1,75,full,0.5
brunch,1,100,full,0.5
brunch,2,0,full,0.5
brunch,2,50,full,0.5
brunch,2,75,full,0.5
brunch,2,100,full,0.5
cooking,1,0,full,0.463737815618515
cooking,1,50,full,0.4287225604057312
cooking,1,75,full,0.4046355187892914
cooking,1,100,full,0.37545502185821533
cooking,2,0,full,0.6660827398300171
cooking,2,50,full,0.633847713470459
cooking,2,75,full,0.610552966594696
cooking,2,100,full,0.5810145735740662
dip,1,0,full,0.46120455861091614
dip,1,50,full,0.3953108489513397
dip,1,75,full,0.3381970524787903
dip,1,100,full,0.2627442181110382
dip,2,0,full,0.862082839012146
dip,2,50,full,0.8268049955368042
dip,2,75,full,0.7886576652526855
dip,2,100,full,0.7224081754684448
drinks,1,0,full,0.45262178778648376
drinks,1,50,full,0.38371577858924866
drinks,1,75,full,0.3334830105304718
drinks,1,100,full,0.27718648314476013
drinks,2,0,full,0.7782827019691467
drinks,2,50,full,0.7255107760429382
drinks,2,75,full,0.6798965334892273
drinks,2,100,full,0.619472324848175
driving,1,0,full,0.47052472829818726
driving,1,50,full,0.4210989773273468
driving,1,75,full,0.3776788115501404
driving,1,100,full,0.3182043135166168
driving,2,0,full,0.7903614640235901
driving,2,50,full,0.7552626729011536
driving,2,75,full,0.7202559113502502
driving,2,100,full,0.6644318103790283
fair,1,0,full,0.48984524607658386
fair,1,50,full,0.4746429920196533
fair,1,75,full,0.4623827338218689
fair,1,100,full,0.4466651380062103
fair,2,0,full,0.5756984949111938
fair,2,50,full,0.5607605576515198
fair,2,75,full,0.5485987067222595
fair,2,100,full,0.5328550934791565
gala,1,0,full,0.443108469247818
gala,1,50,full,0.3796999156475067
gala,1,75,full,0.336577832698822
gala,1,100,full,0.2876061797142029
gala,2,0,full,0.7666469216346741
gala,2,50,full,0.7165084481239319
gala,2,75,full,0.6768749952316284
gala,2,100,full,0.625038743019104
hike,1,0,full,0.4414207935333252
hike,1,50,full,0.40728771686553955
hike,1,75,full,0.3868868350982666
hike,1,100,full,0.3633370101451874
hike,2,0,full,0.6592000126838684
hike,2,50,full,0.6271337270736694
hike,2,75,full,0.6069982647895813
hike,2,100,full,0.5827857255935669
oysters,1,0,full,0.4719592332839966
oysters,1,50,full,0.43298226594924927
oysters,1,75,full,0.4040111303329468
oysters,1,100,full,0.3698377013206482
oysters,2,0,full,0.6665840744972229
oysters,2,50,full,0.630733072757721
oysters,2,75,full,0.6025921702384949
oysters,2,100,full,0.5676191449165344
social,1,0,full,0.43543341755867004
social,1,50,full,0.37910646200180054
social,1,75,full,0.3392597436904907
social,1,100,full,0.288059800863266
social,2,0,full,0.8452875018119812
social,2,50,full,0.8122171759605408
social,2,75,full,0.7843552827835083
social,2,100,full,0.7413502931594849
soup,1,0,full,0.47555139660835266
soup,1,50,full,0.44763973355293274
soup,1,75,full,0.42758673429489136
soup,1,100,full,0.4032217264175415
soup,2,0,full,0.628291666507721
soup,2,50,full,0.6017006039619446
soup,2,75,full,0.5820181369781494
soup,2,100,full,0.5574226379394531
takeout,1,0,full,0.4847036600112915
takeout,1,50,full,0.4548855423927307
takeout,1,75,full,0.4279971718788147
takeout,1,100,full,0.39225077629089355
takeout,2,0,full,0.6578941345214844
takeout,2,50,full,0.6304570436477661
takeout,2,75,full,0.6047031283378601
takeout,2,100,full,0.5688761472702026
wedding,1,0,full,0.46524545550346375
wedding,1,50,full,0.41251444816589355
wedding,1,75,full,0.36726143956184387
wedding,1,100,full,0.3047455847263336
wedding,2,0,full,0.824514627456665
wedding,2,50,full,0.7913202047348022
wedding,2,75,full,0.758138120174408
wedding,2,100,full,0.7030118107795715
apples,1,0,discomfort_only,0.5
apples,1,50,discomfort_only,0.5
apples,1,75,discomfort_only,0.5
apples,1,100,discomfort_only,0.5
apples,2,0,discomfort_only,0.5
apples,2,50,discomfort_only,0.5
apples,2,75,discomfort_only,0.5
apples,2,100,discomfort_only,0.5
basketball,1,0,discomfort_only,0.5
basketball,1,50,discomfort_only,0.5
basketball,1,75,discomfort_only,0.5
basketball,1,100,discomfort_only,0.5
basketball,2,0,discomfort_only,0.5
basketball,2,50,discomfort_only,0.5
basketball,2,75,discomfort_only,0.5
basketball,2,100,discomfort_only,0.5
birthday,1,0,discomfort_only,0.5
birthday,1,50,discomfort_only,0.5
birthday,1,75,discomfort_only,0.5
birthday,1,100,discomfort_only,0.5
birthday,2,0,discomfort_only,0.5
birthday,2,50,discomfort_only,0.5
birthday,2,75,discomfort_only,0.5
birthday,2,100,discomfort_only,0.5
brunch,1,0,discomfort_only,0.5
brunch,1,50,discomfort_only,0.5
brunch,1,75,discomfort_only,0.5
brunch,1,100,discomfort_only,0.5
brunch,2,0,discomfort_only,0.5
brunch,2,50,discomfort_only,0.5
brunch,2,75,discomfort_only,0.5
brunch,2,100,discomfort_only,0.5
cooking,1,0,discomfort_only,0.5
cooking,1,50,discomfort_only,0.5
cooking,1,75,discomfort_only,0.5
cooking,1,100,discomfort_only,0.5
cooking,2,0,discomfort_only,0.5
cooking,2,50,discomfort_only,0.5
cooking,2,75,discomfort_only,0.5
cooking,2,100,discomfort_only,0.5
dip,1,0,discomfort_only,0.5
dip,1,50,discomfort_only,0.5
dip,1,75,discomfort_only,0.5
dip,1,100,discomfort_only,0.5
dip,2,0,discomfort_only,0.5
dip,2,50,discomfort_only,0.5
dip,2,75,discomfort_only,0.5
dip,2,100,discomfort_only,0.5
drinks,1,0,discomfort_only,0.5
drinks,1,50,discomfort_only,0.5
drinks,1,75,discomfort_only,0.5
drinks,1,100,discomfort_only,0.5
drinks,2,0,discomfort_only,0.5
drinks,2,50,discomfort_only,0.5
drinks,2,75,discomfort_only,0.5
drinks,2,100,discomfort_only,0.5
driving,1,0,discomfort_only,0.5
driving,1,50,discomfort_only,0.5
driving,1,75,discomfort_only,0.5
driving,1,100,discomfort_only,0.5
driving,2,0,discomfort_only,0.5
driving,2,50,discomfort_only,0.5
driving,2,75,discomfort_only,0.5
driving,2,100,discomfort_only,0.5
fair,1,0,discomfort_only,0.5
fair,1,50,discomfort_only,0.5
fair,1,75,discomfort_only,0.5
fair,1,100,discomfort_only,0.5
fair,2,0,discomfort_only,0.5
fair,2,50,discomfort_only,0.5
fair,2,75,discomfort_only,0.5
fair,2,100,discomfort_only,0.5
gala,1,0,discomfort_only,0.5
gala,1,50,discomfort_only,0.5
gala,1,75,discomfort_only,0.5
gala,1,100,discomfort_only,0.5
gala,2,0,discomfort_only,0.5
gala,2,50,discomfort_only,0.5
gala,2,75,discomfort_only,0.5
gala,2,100,discomfort_only,0.5
hike,1,0,discomfort_only,0.5
hike,1,50,discomfort_only,0.5
hike,1,75,discomfort_only,0.5
hike,1,100,discomfort_only,0.5
hike,2,0,discomfort_only,0.5
hike,2,50,discomfort_only,0.5
hike,2,75,discomfort_only,0.5
hike,2,100,discomfort_only,0.5
oysters,1,0,discomfort_only,0.5
oysters,1,50,discomfort_only,0.5
oysters,1,75,discomfort_only,0.5
oysters,1,100,discomfort_only,0.5
oysters,2,0,discomfort_only,0.5
oysters,2,50,discomfort_only,0.5
oysters,2,75,discomfort_only,0.5
oysters,2,100,discomfort_only,0.5
social,1,0,discomfort_only,0.5
social,1,50,discomfort_only,0.5
social,1,75,discomfort_only,0.5
social,1,100,discomfort_only,0.5
social,2,0,discomfort_only,0.5
social,2,50,discomfort_only,0.5
social,2,75,discomfort_only,0.5
social,2,100,discomfort_only,0.5
soup,1,0,discomfort_only,0.5
soup,1,50,discomfort_only,0.5
soup,1,75,discomfort_only,0.5
soup,1,100,discomfort_only,0.5
soup,2,0,discomfort_only,0.5
soup,2,50,discomfort_only,0.5
soup,2,75,discomfort_only,0.5
soup,2,100,discomfort_only,0.5
takeout,1,0,discomfort_only,0.5
takeout,1,50,discomfort_only,0.5
takeout,1,75,discomfort_only,0.5
takeout,1,100,discomfort_only,0.5
takeout,2,0,discomfort_only,0.5
takeout,2,50,discomfort_only,0.5
takeout,2,75,discomfort_only,0.5
takeout,2,100,discomfort_only,0.5
wedding,1,0,discomfort_only,0.5
wedding,1,50,discomfort_only,0.5
wedding,1,75,discomfort_only,0.5
wedding,1,100,discomfort_only,0.5
wedding,2,0,discomfort_only,0.5
wedding,2,50,discomfort_only,0.5
wedding,2,75,discomfort_only,0.5
wedding,2,100,discomfort_only,0.5
apples,1,0,base,0.49936777353286743
apples,1,50,base,0.49936777353286743
apples,1,75,base,0.49936777353286743
apples,1,100,base,0.49936777353286743
apples,2,0,base,0.5006319284439087
apples,2,50,base,0.5006319284439087
apples,2,75,base,0.5006319284439087
apples,2,100,base,0.5006319284439087
basketball,1,0,base,0.4992586672306061
basketball,1,50,base,0.4992586672306061
basketball,1,75,base,0.4992586672306061
basketball,1,100,base,0.4992586672306061
basketball,2,0,base,0.5007413029670715
basketball,2,50,base,0.5007413029670715
basketball,2,75,base,0.5007413029670715
basketball,2,100,base,0.5007413029670715
birthday,1,0,base,0.4998544156551361
birthday,1,50,base,0.4998544156551361
birthday,1,75,base,0.4998544156551361
birthday,1,100,base,0.4998544156551361
birthday,2,0,base,0.5001457333564758
birthday,2,50,base,0.5001457333564758
birthday,2,75,base,0.5001457333564758
birthday,2,100,base,0.5001457333564758
brunch,1,0,base,0.5
brunch,1,50,base,0.5
brunch,1,75,base,0.5
brunch,1,100,base,0.5
brunch,2,0,base,0.5
brunch,2,50,base,0.5
brunch,2,75,base,0.5
brunch,2,100,base,0.5
cooking,1,0,base,0.4997249245643616
cooking,1,50,base,0.4997249245643616
cooking,1,75,base,0.4997249245643616
cooking,1,100,base,0.4997249245643616
cooking,2,0,base,0.5002747774124146
cooking,2,50,base,0.5002747774124146
cooking,2,75,base,0.5002747774124146
cooking,2,100,base,0.5002747774124146
dip,1,0,base,0.499422550201416
dip,1,50,base,0.499422550201416
dip,1,75,base,0.499422550201416
dip,1,100,base,0.499422550201416
dip,2,0,base,0.5005773901939392
dip,2,50,base,0.5005773901939392
dip,2,75,base,0.5005773901939392
dip,2,100,base,0.5005773901939392
drinks,1,0,base,0.49955952167510986
drinks,1,50,base,0.49955952167510986
drinks,1,75,base,0.49955952167510986
drinks,1,100,base,0.49955952167510986
drinks,2,0,base,0.5004404783248901
drinks,2,50,base,0.5004404783248901
drinks,2,75,base,0.5004404783248901
drinks,2,100,base,0.5004404783248901
driving,1,0,base,0.49953344464302063
driving,1,50,base,0.49953344464302063
driving,1,75,base,0.49953344464302063
driving,1,100,base,0.49953344464302063
driving,2,0,base,0.500466525554657
driving,2,50,base,0.500466525554657
driving,2,75,base,0.500466525554657
driving,2,100,base,0.500466525554657
fair,1,0,base,0.49988794326782227
fair,1,50,base,0.49988794326782227
fair,1,75,base,0.49988794326782227
fair,1,100,base,0.49988794326782227
fair,2,0,base,0.5001120567321777
fair,2,50,base,0.5001120567321777
fair,2,75,base,0.5001120567321777
fair,2,100,base,0.5001120567321777
gala,1,0,base,0.499559223651886
gala,1,50,base,0.499559223651886
gala,1,75,base,0.499559223651886
gala,1,100,base,0.499559223651886
gala,2,0,base,0.5004404783248901
gala,2,50,base,0.5004404783248901
gala,2,75,base,0.5004404783248901
gala,2,100,base,0.5004404783248901
hike,1,0,base,0.4997127056121826
hike,1,50,base,0.4997127056121826
hike,1,75,base,0.4997127056121826
hike,1,100,base,0.4997127056121826
hike,2,0,base,0.5002872943878174
hike,2,50,base,0.5002872943878174
hike,2,75,base,0.5002872943878174
hike,2,100,base,0.5002872943878174
oysters,1,0,base,0.4997393786907196
oysters,1,50,base,0.4997393786907196
oysters,1,75,base,0.4997393786907196
oysters,1,100,base,0.4997393786907196
oysters,2,0,base,0.5002604722976685
oysters,2,50,base,0.5002604722976685
oysters,2,75,base,0.5002604722976685
oysters,2,100,base,0.5002604722976685
social,1,0,base,0.4993671774864197
social,1,50,base,0.4993671774864197
social,1,75,base,0.4993671774864197
social,1,100,base,0.4993671774864197
social,2,0,base,0.5006331205368042
social,2,50,base,0.5006331205368042
social,2,75,base,0.5006331205368042
social,2,100,base,0.5006331205368042
soup,1,0,base,0.499798983335495
soup,1,50,base,0.499798983335495
soup,1,75,base,0.499798983335495
soup,1,100,base,0.499798983335495
soup,2,0,base,0.5002011656761169
soup,2,50,base,0.5002011656761169
soup,2,75,base,0.5002011656761169
soup,2,100,base,0.5002011656761169
takeout,1,0,base,0.49977004528045654
takeout,1,50,base,0.49977004528045654
takeout,1,75,base,0.49977004528045654
takeout,1,100,base,0.49977004528045654
takeout,2,0,base,0.5002297759056091
takeout,2,50,base,0.5002297759056091
takeout,2,75,base,0.5002297759056091
takeout,2,100,base,0.5002297759056091
wedding,1,0,base,0.4994857907295227
wedding,1,50,base,0.4994857907295227
wedding,1,75,base,0.4994857907295227
wedding,1,100,base,0.4994857907295227
wedding,2,0,base,0.5005143880844116
wedding,2,50,base,0.5005143880844116
wedding,2,75,base,0.5005143880844116
wedding,2,100,base,0.5005143880844116
