scenario_label,explanation
basketball,"For Action 0, they leave the stand and go back to the game. There's no direct interaction with food, so there's little to no chance of saliva being exchanged. However, they were initially planning to share the hot dog, which might have led to some indirect contact through the hot dog itself. Considering this, I would rate it as a very little saliva exchange.

For Action 1, they cut the hot dog in half and each eats from their own portion. This action minimizes direct contact, but since they're sharing the same hot dog, there's still a risk of indirect contact through the food. The fact that they're using a knife from another stand might also introduce some risk of contamination. I would rate it as moderate saliva exchange.

For Action 2, they take bites from opposite ends of the hot dog until it is finished. This action involves direct contact, as they're both eating from the same hot dog. The fact that they're taking bites from opposite ends reduces the risk of direct saliva exchange, but it's still a possibility. I would rate it as considerable saliva exchange.

For Action 3, they take bites from the same end of the hot dog until it is finished. This action involves direct contact, as they're both eating from the same end of the hot dog. This increases the risk of saliva exchange, as they're essentially sharing the same mouthful of food. I would rate it as much saliva exchange.

Here are my ratings in JSON format:

{""action_0"": 1.1, ""action_1"": 2.9, ""action_2"": 4.2, ""action_3"": 5.5}"
birthday,"For Action 0, Lio and Mitchell each have their own slice of cake, and they throw out the portions they don't finish. Since they're eating from their own slices, there's no direct contact between their mouths. However, there's a slight risk of indirect contamination from shared utensils or surfaces. But since they're not sharing utensils or food, I'd rate this action as having very little saliva exchange.

For Action 1, Lio and Mitchell share a slice of cake, but they cut it in half and use separate utensils to eat their halves. This reduces the risk of direct contact, but they're still sharing a plate and utensils. There's a moderate risk of indirect contamination, but since they're not directly sharing food or utensils, I'd rate this action as having moderate saliva exchange.

For Action 2, Lio and Mitchell share a slice of cake, and they use their own forks to eat the slice together from the same plate. This action increases the risk of direct contact, as they're both putting their forks in their mouths while the fork is in the same plate as the other person's food. I'd rate this action as having considerable saliva exchange.

For Action 3, Lio and Mitchell share a slice of cake, and they share the single fork provided to eat the slice from the same plate. This action increases the risk of direct contact even further, as they're both using the same fork to eat the same food. I'd rate this action as having much saliva exchange.

Here are my ratings in JSON format:

{""action_0"": 1.2, ""action_1"": 3.2, ""action_2"": 4.5, ""action_3"": 5.8}"
brunch,"For Action 0, there is no direct or indirect saliva transfer since they decide not to order the pancakes to share. 

For Action 1, when they use their own utensils to cut the stack of pancakes in half and place each half on their own plates, there is a moderate risk of indirect saliva transfer. The utensils may have come into contact with the server's hands or other utensils, and there's a chance of cross-contamination. However, since they're using their own utensils, the risk is relatively low. I would rate this action a 1.8.

For Action 2, when they cut off slices of the stack as they go and transfer them to their own plates, there's a higher risk of indirect saliva transfer. The utensils are being used repeatedly, and there's a chance of cross-contamination. Additionally, the server may have handled the stack of pancakes before bringing it to the table, which could introduce saliva. I would rate this action a 2.5.

For Action 3, when they use their own utensils to eat directly from the stack of pancakes, there's a moderate to high risk of direct saliva transfer. Since they're eating directly from the stack, there's a chance of their saliva coming into contact with the pancakes and then being transferred to the other person's mouth. I would rate this action a 4.2.

Here's the JSON format with my ratings:

{""action_0"": 0, ""action_1"": 1.8, ""action_2"": 2.5, ""action_3"": 4.2}"
conference,"For Action 0, Emily and Elizabeth do not share the sauce. Since they are using separate condiments (honey mustard and ketchup), there's minimal chance of saliva transfer. However, if they're eating close to each other and talking, there's still a slight chance of indirect saliva transfer through the air. Considering this, I'd rate it around 0.5.

For Action 1, they pour half of the sauce onto the box lid. This action reduces the likelihood of direct saliva transfer since they're not sharing the same container. However, they're still using the same sauce, and there's a chance of indirect transfer through the container or the box lid. I'd rate it around 1.2.

For Action 2, they both dip (and double dip) their own chicken tenders into the single sauce container. This action increases the likelihood of saliva transfer since they're sharing the same container. The sauce is a medium for saliva transfer, and the fact that they're double-dipping increases the chance of cross-contamination. I'd rate it around 3.8.

For Action 3, they take turns biting and dipping the same chicken tender, passing it back and forth. This action significantly increases the likelihood of saliva transfer since they're sharing the same food item. The direct contact between their mouths and the food item increases the chance of saliva transfer. I'd rate it around 5.5.

JSON format:
{""action_0"": 0.5, ""action_1"": 1.2, ""action_2"": 3.8, ""action_3"": 5.5}"
cooking,"Action 0: 
Liana and Serina are eating separate dishes, and there's no direct contact between their food or utensils. The shared utensil from Action 1 isn't used in this scenario. The only potential for saliva exchange is through shared surfaces or containers, but since they're eating separate dishes, the risk is minimal. However, it's not zero because they're in the same living room, and there's a chance they might touch the same surface or container while serving themselves. But considering they're eating separate dishes, I would rate the saliva exchange as very little.

Action 1: 
In this scenario, the shared serving utensil is used to transfer pasta from the pot to their individual plates. This increases the risk of saliva exchange because the utensil is being used by both people. When they return to the pot to serve themselves again, they're using the same utensil, which further increases the risk. However, since they're eating from their own plates and using their own forks, the risk is still relatively low. I would rate the saliva exchange as moderate.

Action 2: 
In this scenario, they're using their own forks to serve pasta from the pot onto their individual plates. However, when they get seconds, they're using the same forks they've been eating with to transfer more pasta. This increases the risk of saliva exchange because the forks are being used by both people and have come into contact with their mouths. I would rate the saliva exchange as considerable.

Action 3: 
In this scenario, they're eating the pasta directly from the pot using the same forks. This is a high-risk scenario for saliva exchange because they're sharing the same utensils and the same food. The risk of direct contact between their mouths and the utensils is high, and the risk of indirect contact through the shared food is also high. I would rate the saliva exchange as very much saliva.

JSON format:
{""action_0"": 1.2, ""action_1"": 3.8, ""action_2"": 4.2, ""action_3"": 5.5}"
crabs,"For each action, I'll provide my reasoning and then the numerical ratings in the JSON format.

Action 0: Serena eats the whole crabs, while Kyle eats the other items that they ordered.
In this scenario, Serena and Kyle are eating separate dishes, and there's no direct contact between their food or utensils. However, there's still a risk of indirect contamination through shared surfaces or containers. Since they're eating different dishes, the risk is relatively low.

Action 1: Serena uses an unused knife to open the shell of her crab, extracts some of the crab meat, and puts it on Kyle's plate.
In this scenario, Serena is handling the crab meat with a knife, which reduces the risk of saliva transfer. However, when she puts the crab meat on Kyle's plate, there's still a risk of indirect contamination. The knife could have come into contact with Serena's mouth or other surfaces, potentially transferring saliva.

Action 2: Serena cracks open the shells of the crabs, eats some of the crab, and licks her fingers. She then extracts more meat with her fingers and puts some on Kyle's plate.
In this scenario, Serena is directly handling the crab meat with her fingers, which increases the risk of saliva transfer. When she licks her fingers, she's depositing her saliva onto the crab meat, and then she's putting that contaminated meat on Kyle's plate. This is a high-risk scenario for saliva transfer.

Action 3: Serena cracks open the shells of her crabs and extracts some of the crab meat with her fingers. She takes a bite out of a chunk of crab meat, and then gives the rest of that chunk to Kyle.
In this scenario, Serena is directly handling the crab meat with her fingers, which increases the risk of saliva transfer. When she takes a bite of the crab meat, she's depositing her saliva onto the meat, and then she's giving that contaminated meat to Kyle. This is a high-risk scenario for saliva transfer.

Here are the numerical ratings in the JSON format:

{""action_0"": 0.8, ""action_1"": 2.1, ""action_2"": 5.2, ""action_3"": 5.8}"
dip,"Here's my reasoning for each action:

Action 0: In this scenario, Declan is eating the dip from his own plate, and Eric is not directly interacting with Declan's dip. Since they're eating from separate plates, the risk of saliva exchange is minimal. However, there's still a slight chance that Eric could accidentally touch Declan's plate or the dip, potentially transferring saliva. I would rate this action as having a very little saliva exchange.

Action 1: In this scenario, Eric is directly interacting with Declan's dip by scooping it with a chip from Declan's plate. This means that Eric's saliva could potentially be transferred to the dip, and then Declan could ingest it when he eats the dip. Since they're sharing utensils (the chip), the risk of saliva exchange is moderate. I would rate this action as having a moderate saliva exchange.

Action 2: In this scenario, Eric is eating the leftover chips and dip from Declan's plate. This means that Eric is directly interacting with the food that Declan previously ate from, which could contain his saliva. Since they're eating from the same plate, the risk of saliva exchange is moderate to considerable. I would rate this action as having a considerable saliva exchange.

Action 3: In this scenario, Declan and Eric are both double-dipping with the same chip, which means they're both putting their saliva on the chip and then eating it. This is a direct transfer of saliva, and since they're sharing the same chip, the risk of saliva exchange is high. I would rate this action as having a very much saliva exchange.

Here are my ratings in JSON format:

{""action_0"": 1.2, ""action_1"": 3.5, ""action_2"": 4.2, ""action_3"": 6.0}"
drinks,"For Action 0, Ria doesn't drink any of Noah's drink, so there's no direct or indirect path for saliva to be exchanged. This is a safe choice, and I wouldn't expect any saliva to be exchanged.

For Action 1, Ria pours some of Noah's drink into her own cup, and they both sip from their own cups. This still carries some risk of indirect contamination, as the saliva from Noah's drink could potentially be transferred to Ria's cup. However, since they're sipping from their own cups, the risk is relatively low.

For Action 2, Ria takes Noah's cup and sips from the opposite side. This is a bit riskier than Action 1, as she's still using the same cup that Noah drank from. However, since she's sipping from the opposite side, the risk of direct contamination is lower.

For Action 3, Ria takes Noah's cup and sips from the exact same spot where he drank. This is the riskiest option, as she's directly transferring saliva from Noah's mouth to her own. This is a high-risk scenario for saliva exchange.

Here are my ratings in JSON format:

{""action_0"": 0.0, ""action_1"": 1.2, ""action_2"": 2.5, ""action_3"": 5.8}"
driving,"For Action 0, Danielle is drinking the coffee from her own cup, and Sonia is not sharing the coffee. Since they're not sharing the same container or utensils, there's no direct path for saliva to be transferred. However, there's still a slight risk of indirect contamination if they touch the same surfaces or handles. Given the scenario, I'd rate this action as having very little saliva exchange.

For Action 1, Danielle and Sonia are pouring half of the coffee into another cup, and then each drink from their own cups. Although they're sharing the same coffee, they're not sharing the same container or utensils. The risk of saliva exchange is still relatively low, but slightly higher than in Action 0 since they're handling the same coffee. I'd rate this action as having little saliva exchange.

For Action 2, Danielle and Sonia are sharing the same cup by sipping through their own straws. This action introduces a direct path for saliva exchange since they're sharing the same container. However, the fact that they're using separate straws reduces the risk of direct contact. I'd rate this action as having moderate saliva exchange.

For Action 3, Danielle and Sonia are sharing the same cup by sipping through the same straw. This action increases the risk of saliva exchange significantly since they're sharing the same container and utensil. I'd rate this action as having considerable saliva exchange.

Here are my ratings in JSON format:

{""action_0"": 0.8, ""action_1"": 1.5, ""action_2"": 3.2, ""action_3"": 4.7}"
fair,"Action 0: In this scenario, Marianne and Lisa are eating different types of food, and there's no direct contact between them. The funnel cake and fried cheese are likely to be messy, but the saliva from Lisa's mouth is unlikely to end up in Marianne's mouth. However, there's a slight chance of indirect contamination from shared utensils or surfaces, but it's minimal. I would rate this action a 0.8.

Action 1: In this scenario, Marianne is eating the corn directly off the cob, which means her saliva is likely to be on the corn. When she hands the plate to Lisa, there's a risk of indirect contamination from the plate or utensils. However, since they're eating different types of food, the risk is still relatively low. I would rate this action a 1.5.

Action 2: In this scenario, Marianne and Lisa are sharing the same corn on the cob, but they're eating different sides. This means there's a higher risk of saliva transfer, especially since they're eating the same food. However, it's still not as high as if they were eating directly from the same part of the cob. I would rate this action a 2.8.

Action 3: In this scenario, Marianne and Lisa are taking bites directly from the same part of the corn on the cob, which means there's a high risk of saliva transfer. This is the most direct and intimate way of sharing food, and it's likely that saliva from one person's mouth will end up in the other person's mouth. I would rate this action a 5.2.

Here's the JSON format with my ratings:

{""action_0"": 0.8, ""action_1"": 1.5, ""action_2"": 2.8, ""action_3"": 5.2}"
gala,"Action 0: They discuss how they feel about the taste of their own drinks, but Todd does not taste any of Elena's drink.
In this scenario, there is no direct contact between the drinks or the people's mouths. They are simply discussing their opinions about their own drinks. Since there is no sharing of utensils, bites, or direct contact, the saliva exchange is minimal. However, there is still a slight risk of indirect contamination through shared containers or surfaces. Considering this, I would rate the saliva exchange as 0.2.

Action 1: Elena hands her drink to Todd so that he can try a sip of her drink, to check whether the drink tastes the same as his.
In this scenario, Elena is directly transferring her drink to Todd, which means there is a high risk of saliva exchange. Todd will be tasting Elena's drink directly, which increases the likelihood of saliva transfer. I would rate the saliva exchange as 5.8.

Action 2: Elena and Todd swap drinks and try a sip from each other's drinks, to check whether the two drinks taste the same.
Similar to Action 1, in this scenario, Elena and Todd are directly swapping drinks, which increases the risk of saliva exchange. However, since they are both tasting each other's drinks, the saliva exchange is likely to be more mutual and balanced. I would rate the saliva exchange as 5.2.

Action 3: Elena and Todd swap drinks and try a sip from each other's drinks, to check whether the two drinks taste the same. They swap again, to compare the tastes again. They swap back and forth, trying each other's drinks a few times.
In this scenario, Elena and Todd are repeatedly swapping drinks, which increases the risk of saliva exchange even further. Since they are tasting each other's drinks multiple times, the saliva exchange is likely to be even more mutual and balanced. I would rate the saliva exchange as 5.9.

JSON format:
{""action_0"": 0.2, ""action_1"": 5.8, ""action_2"": 5.2, ""action_3"": 5.9}"
hike,"For each action, I'll provide my reasoning and then the numerical ratings in JSON format.

Action 0: Alvin politely refuses, and Tony eats the sandwich himself.
In this scenario, there's no direct contact or sharing of utensils. Alvin doesn't touch the sandwich, and Tony eats it by himself. However, since the sandwich is squished, there's a possibility that saliva from Tony's mouth could be on the sandwich, and Alvin might accidentally ingest it if he were to eat the sandwich. But since Alvin refuses, this risk is mitigated.

Action 1: Tony spends some time digging out his backpacking knife from his pack. When he finds it, he uses it to cut the sandwich in half. He hands one half to Alvin.
In this scenario, Tony uses a knife to cut the sandwich, which reduces the risk of saliva transfer. However, when he hands the sandwich to Alvin, there's still a risk of indirect contamination from the knife or the surface it was cut on. Additionally, since the sandwich is squished, there's still a chance that saliva from Tony's mouth could be on the sandwich.

Action 2: Tony eats half of the sandwich first, and then hands the rest to Alvin to finish.
In this scenario, Tony has already eaten half of the sandwich, which means his saliva is likely on the sandwich. When he hands the rest to Alvin, there's a high risk of saliva transfer, especially since the sandwich is squished and Alvin will be eating it.

Action 3: Tony takes a few bites, and then hands the sandwich to Alvin. They continue passing it back and forth until it's gone.
In this scenario, Tony has already contaminated the sandwich with his saliva, and then he hands it to Alvin. As they continue passing the sandwich back and forth, the risk of saliva transfer increases, especially since the sandwich is squished and has already been contaminated.

Here are my ratings in JSON format:

{""action_0"": 0.2, ""action_1"": 1.8, ""action_2"": 4.5, ""action_3"": 5.8}"
oysters,"For each action, I'll provide my reasoning and then the numerical ratings in the JSON format.

Action 0: They only eat the oysters (the meat and the brine) on their own sides of the platter. They do not share the individual oysters.
In this scenario, Will and Jay are eating from their own sides of the platter, which means they're not sharing utensils or direct contact with the oysters. However, there's still a risk of indirect contamination through shared containers (the platter) or surfaces (the table). Since they're not sharing utensils or direct contact, the risk is relatively low.

Action 1: They use a knife to cut each of the oyster meats into half, and then use their forks to eat half of each oyster's meat. However, they only drink the brine from the oysters on their own sides of the platter.
In this scenario, Will and Jay are sharing a knife, which increases the risk of saliva transfer. However, they're not sharing utensils to eat the oysters, and they're only drinking the brine from their own sides. This reduces the risk of direct contact.

Action 2: They each eat the oysters on their own sides of the platter, by eating the oyster meat directly from the shells. However, they let each other drink some of the remaining brine from the shells.
In this scenario, Will and Jay are eating directly from the shells, which means they're not sharing utensils. However, they're letting each other drink from the same shells, which increases the risk of indirect contamination through shared containers (the shells).

Action 3: They split each oyster directly from the shell, by each biting off half of the meat with their teeth, and drinking about half of the brine.
In this scenario, Will and Jay are sharing direct contact with the oysters, as they're biting off half of the meat with their teeth. This increases the risk of saliva transfer significantly.

Here are my ratings in the JSON format:
{""action_0"": 1.1, ""action_1"": 2.5, ""action_2"": 3.2, ""action_3"": 5.8}"
social,"For each action, I'll explain my reasoning and then provide the numerical ratings in the JSON format.

Action 0: Neither of them take the ice cream cone. They instead go and eat cookies.
In this scenario, there's no direct contact between Sonia and Alan's mouths. They're eating separate desserts, so the risk of saliva exchange is minimal. However, if they're eating cookies that were previously handled by Sonia, there's a slight chance of indirect contamination. I'll rate this action low, as the risk is relatively small.

Action 1: They each take a spoon and use their spoons to eat the ice cream out of the cone. When they reach the cone itself, they break pieces off with their fingers.
In this scenario, Sonia and Alan are using separate utensils, which reduces the risk of direct saliva exchange. However, when they break pieces off the cone with their fingers, there's a higher chance of indirect contamination. If Sonia touches the cone with her fingers and then Alan touches the same cone, there's a risk of transferring saliva. I'll rate this action moderate, as the risk is higher than in Action 0 but still relatively low.

Action 2: Sonia eats half of the ice cream cone and then passes the rest to Alan, who finishes the cone.
In this scenario, Sonia and Alan are sharing the same cone, which increases the risk of saliva exchange. When Sonia eats half the cone, she's likely to leave behind some of her saliva on the cone. When Alan eats the remaining half, he's at risk of ingesting Sonia's saliva. I'll rate this action higher, as the risk of saliva exchange is moderate to high.

Action 3: They pass the cone back and forth, taking turns licking the ice cream and biting into the cone.
In this scenario, Sonia and Alan are actively sharing the cone, which increases the risk of saliva exchange. When they lick the cone, they're directly transferring saliva to each other. When they bite into the cone, there's also a risk of transferring saliva. I'll rate this action very high, as the risk of saliva exchange is high.

Here are the numerical ratings in JSON format:

{""action_0"": 0.8, ""action_1"": 2.2, ""action_2"": 4.1, ""action_3"": 5.9}"
soup,"For Action 0: 
They are eating from their own bowls, and there's no direct contact or shared utensils. The risk of saliva transfer is minimal, but not zero, as they might accidentally touch their spoons or the bowls. However, this is a low-probability event. I would rate this action as 0.2, as there's a very slight chance of indirect contamination.

For Action 1: 
They're dividing the soups in half and swapping the portions. This means they're handling the same soup with their spoons, increasing the risk of saliva transfer. However, the saliva is still not directly entering the other person's mouth. I would rate this action as 2.5, as there's a moderate chance of indirect contamination.

For Action 2: 
Christina spoons half of her soup into the extra bowl and passes it to Tanya. Tanya then eats half of her own soup and gives the bowl back to Christina. This action involves direct contact with the spoon and the soup, increasing the risk of saliva transfer. However, the saliva is still not directly entering the other person's mouth. I would rate this action as 3.2, as there's a moderate to considerable chance of indirect contamination.

For Action 3: 
They put both bowls in the middle of the table and use their own spoons to eat directly from both bowls. This action involves direct contact with the soup and the bowls, increasing the risk of saliva transfer. The saliva can directly enter the other person's mouth if they accidentally touch their spoons or the bowls. I would rate this action as 4.8, as there's a considerable chance of direct contamination.

JSON format:
{""action_0"": 0.2, ""action_1"": 2.5, ""action_2"": 3.2, ""action_3"": 4.8}"
wedding,"For each action, I'll explain my reasoning before providing the numerical ratings.

Action 0: Maxwell eats his mushroom risotto, and Ralph eats his coconut curry salmon. They do not share their food.
In this scenario, there's no direct or indirect contact between the two people's food or utensils. They're eating their respective dishes separately, and there's no shared container or utensil involved. Therefore, the likelihood of saliva exchange is minimal.

Action 1: They request an extra set of utensils. With these, they divide each dish in half and place half onto each other's plate, then eat from their own plates using their original utensils.
Although they're using separate utensils, they're still placing food from one dish onto the other person's plate. This means there's a risk of indirect contamination through the shared plate. However, since they're eating from their own plates with their original utensils, the risk of direct saliva exchange is low.

Action 2: They use their own utensils from the appetizer, to split the dishes and place halves on each other's plates.
Similar to Action 1, they're using their own utensils to split the dishes, but they're placing the food directly onto each other's plates. This increases the risk of indirect contamination through the shared plate. However, since they're not sharing utensils, the risk of direct saliva exchange is still relatively low.

Action 3: They start eating their own dishes — Maxwell the risotto and Ralph the salmon — but occasionally take bites directly from each other's plates. Halfway through the meal, they switch plates and finish the rest.
In this scenario, there's a high risk of direct saliva exchange, as they're taking bites directly from each other's plates. This is a clear example of direct contact, which increases the likelihood of saliva transfer. The fact that they switch plates halfway through the meal doesn't change the fact that they've already had direct contact with each other's food.

Here are my ratings in JSON format:

{""action_0"": 0.2, ""action_1"": 1.8, ""action_2"": 2.5, ""action_3"": 5.2}"
