subject_id,scenario_label,stimulus_index,action_condition,intimacy,stage,desire_rating,effort_rating
0ca7ef6c-69f2-548b-b201-2465d5231c73,bed,12,no_share,max_intimate,posterior,0.44,0.15
0ca7ef6c-69f2-548b-b201-2465d5231c73,bed,12,no_share,max_intimate,prior,0.93,0.5
0ca7ef6c-69f2-548b-b201-2465d5231c73,blanket,3,high_risk_share,somewhat_intimate,posterior,0.79,0.6
0ca7ef6c-69f2-548b-b201-2465d5231c73,blanket,3,high_risk_share,somewhat_intimate,prior,0.86,0.51
0ca7ef6c-69f2-548b-b201-2465d5231c73,breakup,9,no_share,max_intimate,posterior,0.13,0.72
0ca7ef6c-69f2-548b-b201-2465d5231c73,breakup,9,no_share,max_intimate,prior,0.53,0.48
0ca7ef6c-69f2-548b-b201-2465d5231c73,chapstick,0,high_risk_share,somewhat_formal,posterior,0.84,0.9
0ca7ef6c-69f2-548b-b201-2465d5231c73,chapstick,0,high_risk_share,somewhat_formal,prior,0.68,0.2
0ca7ef6c-69f2-548b-b201-2465d5231c73,earbuds,2,low_risk_share,somewhat_intimate,posterior,0.98,0.07
0ca7ef6c-69f2-548b-b201-2465d5231c73,earbuds,2,low_risk_share,somewhat_intimate,prior,0.92,0.45
0ca7ef6c-69f2-548b-b201-2465d5231c73,gossip,8,no_share,somewhat_intimate,posterior,0.14,0.89
0ca7ef6c-69f2-548b-b201-2465d5231c73,gossip,8,no_share,somewhat_intimate,prior,0.75,0.51
0ca7ef6c-69f2-548b-b201-2465d5231c73,hairbrush,10,high_risk_share,somewhat_intimate,posterior,0.71,0.07
0ca7ef6c-69f2-548b-b201-2465d5231c73,hairbrush,10,high_risk_share,somewhat_intimate,prior,0.71,0.37
0ca7ef6c-69f2-548b-b201-2465d5231c73,harmonica,6,no_share,max_formal,posterior,0.43,0.54
0ca7ef6c-69f2-548b-b201-2465d5231c73,harmonica,6,no_share,max_formal,prior,0.58,0.56
0ca7ef6c-69f2-548b-b201-2465d5231c73,home,14,low_risk_share,somewhat_formal,posterior,0.75,0.21
0ca7ef6c-69f2-548b-b201-2465d5231c73,home,14,low_risk_share,somewhat_formal,prior,0.82,0.42
0ca7ef6c-69f2-548b-b201-2465d5231c73,locker-room,7,no_share,somewhat_formal,posterior,0.42,0.84
0ca7ef6c-69f2-548b-b201-2465d5231c73,locker-room,7,no_share,somewhat_formal,prior,0.52,0.49
0ca7ef6c-69f2-548b-b201-2465d5231c73,navigation,15,no_share,max_formal,posterior,0.38,0.66
0ca7ef6c-69f2-548b-b201-2465d5231c73,navigation,15,no_share,max_formal,prior,0.72,0.51
0ca7ef6c-69f2-548b-b201-2465d5231c73,salary,4,high_risk_share,max_formal,posterior,0.8,0.26
0ca7ef6c-69f2-548b-b201-2465d5231c73,salary,4,high_risk_share,max_formal,prior,0.55,0.51
0ca7ef6c-69f2-548b-b201-2465d5231c73,sauna,5,low_risk_share,somewhat_formal,posterior,0.62,0.31
0ca7ef6c-69f2-548b-b201-2465d5231c73,sauna,5,low_risk_share,somewhat_formal,prior,0.56,0.5
0ca7ef6c-69f2-548b-b201-2465d5231c73,sleeping-bag,13,high_risk_share,max_intimate,posterior,0.74,0.69
0ca7ef6c-69f2-548b-b201-2465d5231c73,sleeping-bag,13,high_risk_share,max_intimate,prior,0.83,0.51
0ca7ef6c-69f2-548b-b201-2465d5231c73,sunscreen,1,low_risk_share,max_formal,posterior,0.95,0.06
0ca7ef6c-69f2-548b-b201-2465d5231c73,sunscreen,1,low_risk_share,max_formal,prior,0.9,0.51
0ca7ef6c-69f2-548b-b201-2465d5231c73,towel,11,low_risk_share,max_intimate,posterior,0.86,0.37
0ca7ef6c-69f2-548b-b201-2465d5231c73,towel,11,low_risk_share,max_intimate,prior,0.88,0.52
2155eec6-925c-5a2c-9428-eb59a1872b7e,bed,13,low_risk_share,somewhat_intimate,posterior,1.0,0.16
2155eec6-925c-5a2c-9428-eb59a1872b7e,bed,13,low_risk_share,somewhat_intimate,prior,0.61,0.55
2155eec6-925c-5a2c-9428-eb59a1872b7e,blanket,14,low_risk_share,somewhat_formal,posterior,1.0,0.0
2155eec6-925c-5a2c-9428-eb59a1872b7e,blanket,14,low_risk_share,somewhat_formal,prior,0.79,0.61
2155eec6-925c-5a2c-9428-eb59a1872b7e,breakup,5,low_risk_share,max_intimate,posterior,1.0,0.28
2155eec6-925c-5a2c-9428-eb59a1872b7e,breakup,5,low_risk_share,max_intimate,prior,0.38,0.58
2155eec6-925c-5a2c-9428-eb59a1872b7e,chapstick,3,low_risk_share,somewhat_intimate,posterior,1.0,0.18
2155eec6-925c-5a2c-9428-eb59a1872b7e,chapstick,3,low_risk_share,somewhat_intimate,prior,0.61,0.38
2155eec6-925c-5a2c-9428-eb59a1872b7e,earbuds,1,no_share,max_intimate,posterior,0.62,0.62
2155eec6-925c-5a2c-9428-eb59a1872b7e,earbuds,1,no_share,max_intimate,prior,1.0,0.31
2155eec6-925c-5a2c-9428-eb59a1872b7e,gossip,11,low_risk_share,max_formal,posterior,0.63,0.42
2155eec6-925c-5a2c-9428-eb59a1872b7e,gossip,11,low_risk_share,max_formal,prior,0.56,0.44
2155eec6-925c-5a2c-9428-eb59a1872b7e,hairbrush,12,high_risk_share,max_intimate,posterior,1.0,0.48
2155eec6-925c-5a2c-9428-eb59a1872b7e,hairbrush,12,high_risk_share,max_intimate,prior,0.8,0.39
2155eec6-925c-5a2c-9428-eb59a1872b7e,harmonica,8,high_risk_share,somewhat_formal,posterior,1.0,0.56
2155eec6-925c-5a2c-9428-eb59a1872b7e,harmonica,8,high_risk_share,somewhat_formal,prior,0.41,0.61
2155eec6-925c-5a2c-9428-eb59a1872b7e,home,2,no_share,max_formal,posterior,0.0,0.76
2155eec6-925c-5a2c-9428-eb59a1872b7e,home,2,no_share,max_formal,prior,0.61,0.4
2155eec6-925c-5a2c-9428-eb59a1872b7e,locker-room,0,no_share,somewhat_formal,posterior,0.0,1.0
2155eec6-925c-5a2c-9428-eb59a1872b7e,locker-room,0,no_share,somewhat_formal,prior,0.23,0.81
2155eec6-925c-5a2c-9428-eb59a1872b7e,navigation,4,high_risk_share,max_formal,posterior,0.98,0.07
2155eec6-925c-5a2c-9428-eb59a1872b7e,navigation,4,high_risk_share,max_formal,prior,0.68,0.41
2155eec6-925c-5a2c-9428-eb59a1872b7e,salary,7,high_risk_share,somewhat_intimate,posterior,1.0,0.29
2155eec6-925c-5a2c-9428-eb59a1872b7e,salary,7,high_risk_share,somewhat_intimate,prior,0.7,0.37
2155eec6-925c-5a2c-9428-eb59a1872b7e,sauna,10,high_risk_share,max_formal,posterior,1.0,0.62
2155eec6-925c-5a2c-9428-eb59a1872b7e,sauna,10,high_risk_share,max_formal,prior,0.63,0.28
2155eec6-925c-5a2c-9428-eb59a1872b7e,sleeping-bag,15,no_share,somewhat_formal,posterior,0.67,0.64
2155eec6-925c-5a2c-9428-eb59a1872b7e,sleeping-bag,15,no_share,somewhat_formal,prior,0.85,0.32
2155eec6-925c-5a2c-9428-eb59a1872b7e,sunscreen,9,high_risk_share,max_intimate,posterior,1.0,0.58
2155eec6-925c-5a2c-9428-eb59a1872b7e,sunscreen,9,high_risk_share,max_intimate,prior,0.78,0.66
2155eec6-925c-5a2c-9428-eb59a1872b7e,towel,6,no_share,somewhat_intimate,posterior,0.0,1.0
2155eec6-925c-5a2c-9428-eb59a1872b7e,towel,6,no_share,somewhat_intimate,prior,0.61,0.62
260d4ae9-39b8-566b-b12b-a73acc6b7b65,bed,12,low_risk_share,somewhat_formal,posterior,0.81,0.21
260d4ae9-39b8-566b-b12b-a73acc6b7b65,bed,12,low_risk_share,somewhat_formal,prior,0.67,0.5
260d4ae9-39b8-566b-b12b-a73acc6b7b65,blanket,9,high_risk_share,somewhat_formal,posterior,0.92,0.64
260d4ae9-39b8-566b-b12b-a73acc6b7b65,blanket,9,high_risk_share,somewhat_formal,prior,0.96,0.34
260d4ae9-39b8-566b-b12b-a73acc6b7b65,breakup,11,low_risk_share,somewhat_intimate,posterior,0.49,0.29
260d4ae9-39b8-566b-b12b-a73acc6b7b65,breakup,11,low_risk_share,somewhat_intimate,prior,0.49,0.7
260d4ae9-39b8-566b-b12b-a73acc6b7b65,chapstick,10,no_share,max_formal,posterior,0.19,0.49
260d4ae9-39b8-566b-b12b-a73acc6b7b65,chapstick,10,no_share,max_formal,prior,0.33,0.85
260d4ae9-39b8-566b-b12b-a73acc6b7b65,earbuds,15,high_risk_share,max_intimate,posterior,0.89,0.86
260d4ae9-39b8-566b-b12b-a73acc6b7b65,earbuds,15,high_risk_share,max_intimate,prior,0.88,0.31
260d4ae9-39b8-566b-b12b-a73acc6b7b65,gossip,7,high_risk_share,max_intimate,posterior,0.92,0.95
260d4ae9-39b8-566b-b12b-a73acc6b7b65,gossip,7,high_risk_share,max_intimate,prior,0.89,0.26
260d4ae9-39b8-566b-b12b-a73acc6b7b65,hairbrush,6,low_risk_share,somewhat_intimate,posterior,0.96,0.16
260d4ae9-39b8-566b-b12b-a73acc6b7b65,hairbrush,6,low_risk_share,somewhat_intimate,prior,0.93,0.29
260d4ae9-39b8-566b-b12b-a73acc6b7b65,harmonica,13,high_risk_share,somewhat_intimate,posterior,0.71,0.85
260d4ae9-39b8-566b-b12b-a73acc6b7b65,harmonica,13,high_risk_share,somewhat_intimate,prior,0.28,0.64
260d4ae9-39b8-566b-b12b-a73acc6b7b65,home,2,no_share,somewhat_formal,posterior,0.21,0.82
260d4ae9-39b8-566b-b12b-a73acc6b7b65,home,2,no_share,somewhat_formal,prior,0.5,0.32
260d4ae9-39b8-566b-b12b-a73acc6b7b65,locker-room,5,no_share,max_intimate,posterior,0.13,0.86
260d4ae9-39b8-566b-b12b-a73acc6b7b65,locker-room,5,no_share,max_intimate,prior,0.95,0.18
260d4ae9-39b8-566b-b12b-a73acc6b7b65,navigation,4,low_risk_share,max_intimate,posterior,0.96,0.92
260d4ae9-39b8-566b-b12b-a73acc6b7b65,navigation,4,low_risk_share,max_intimate,prior,1.0,0.04
260d4ae9-39b8-566b-b12b-a73acc6b7b65,salary,8,no_share,somewhat_intimate,posterior,0.15,0.86
260d4ae9-39b8-566b-b12b-a73acc6b7b65,salary,8,no_share,somewhat_intimate,prior,0.36,0.66
260d4ae9-39b8-566b-b12b-a73acc6b7b65,sauna,1,high_risk_share,max_formal,posterior,0.95,0.04
260d4ae9-39b8-566b-b12b-a73acc6b7b65,sauna,1,high_risk_share,max_formal,prior,0.03,0.31
260d4ae9-39b8-566b-b12b-a73acc6b7b65,sleeping-bag,14,high_risk_share,max_formal,posterior,0.87,0.53
260d4ae9-39b8-566b-b12b-a73acc6b7b65,sleeping-bag,14,high_risk_share,max_formal,prior,0.93,0.5
260d4ae9-39b8-566b-b12b-a73acc6b7b65,sunscreen,3,low_risk_share,max_formal,posterior,0.91,0.16
260d4ae9-39b8-566b-b12b-a73acc6b7b65,sunscreen,3,low_risk_share,max_formal,prior,0.87,0.75
260d4ae9-39b8-566b-b12b-a73acc6b7b65,towel,0,no_share,somewhat_formal,posterior,0.93,1.0
260d4ae9-39b8-566b-b12b-a73acc6b7b65,towel,0,no_share,somewhat_formal,prior,0.91,0.93
277b71a5-9dbf-5db4-b18c-9c6b58bfd0d3,bed,9,high_risk_share,somewhat_formal,posterior,1.0,0.91
277b71a5-9dbf-5db4-b18c-9c6b58bfd0d3,bed,9,high_risk_share,somewhat_formal,prior,1.0,0.25
277b71a5-9dbf-5db4-b18c-9c6b58bfd0d3,blanket,12,no_share,somewhat_intimate,posterior,0.93,0.75
277b71a5-9dbf-5db4-b18c-9c6b58bfd0d3,blanket,12,no_share,somewhat_intimate,prior,0.97,0.75
277b71a5-9dbf-5db4-b18c-9c6b58bfd0d3,breakup,1,low_risk_share,somewhat_intimate,posterior,0.58,0.25
277b71a5-9dbf-5db4-b18c-9c6b58bfd0d3,breakup,1,low_risk_share,somewhat_intimate,prior,0.9,0.73
277b71a5-9dbf-5db4-b18c-9c6b58bfd0d3,chapstick,10,low_risk_share,max_formal,posterior,1.0,0.03
277b71a5-9dbf-5db4-b18c-9c6b58bfd0d3,chapstick,10,low_risk_share,max_formal,prior,1.0,0.25
277b71a5-9dbf-5db4-b18c-9c6b58bfd0d3,earbuds,11,low_risk_share,somewhat_formal,posterior,1.0,0.0
277b71a5-9dbf-5db4-b18c-9c6b58bfd0d3,earbuds,11,low_risk_share,somewhat_formal,prior,0.75,0.21
277b71a5-9dbf-5db4-b18c-9c6b58bfd0d3,gossip,4,high_risk_share,max_formal,posterior,1.0,0.94
277b71a5-9dbf-5db4-b18c-9c6b58bfd0d3,gossip,4,high_risk_share,max_formal,prior,0.75,0.24
277b71a5-9dbf-5db4-b18c-9c6b58bfd0d3,hairbrush,5,no_share,max_formal,posterior,0.9,0.5
277b71a5-9dbf-5db4-b18c-9c6b58bfd0d3,hairbrush,5,no_share,max_formal,prior,1.0,0.16
277b71a5-9dbf-5db4-b18c-9c6b58bfd0d3,harmonica,15,low_risk_share,somewhat_intimate,posterior,1.0,0.27
277b71a5-9dbf-5db4-b18c-9c6b58bfd0d3,harmonica,15,low_risk_share,somewhat_intimate,prior,0.75,0.58
277b71a5-9dbf-5db4-b18c-9c6b58bfd0d3,home,13,no_share,somewhat_formal,posterior,0.24,1.0
277b71a5-9dbf-5db4-b18c-9c6b58bfd0d3,home,13,no_share,somewhat_formal,prior,0.5,0.89
277b71a5-9dbf-5db4-b18c-9c6b58bfd0d3,locker-room,2,low_risk_share,max_intimate,posterior,0.96,0.1
277b71a5-9dbf-5db4-b18c-9c6b58bfd0d3,locker-room,2,low_risk_share,max_intimate,prior,0.74,0.5
277b71a5-9dbf-5db4-b18c-9c6b58bfd0d3,navigation,0,no_share,max_intimate,posterior,0.26,0.26
277b71a5-9dbf-5db4-b18c-9c6b58bfd0d3,navigation,0,no_share,max_intimate,prior,0.75,0.27
277b71a5-9dbf-5db4-b18c-9c6b58bfd0d3,salary,6,no_share,somewhat_formal,posterior,0.75,0.24
277b71a5-9dbf-5db4-b18c-9c6b58bfd0d3,salary,6,no_share,somewhat_formal,prior,1.0,0.4
277b71a5-9dbf-5db4-b18c-9c6b58bfd0d3,sauna,7,high_risk_share,max_intimate,posterior,1.0,0.09
277b71a5-9dbf-5db4-b18c-9c6b58bfd0d3,sauna,7,high_risk_share,max_intimate,prior,0.97,0.09
277b71a5-9dbf-5db4-b18c-9c6b58bfd0d3,sleeping-bag,8,high_risk_share,somewhat_intimate,posterior,1.0,0.94
277b71a5-9dbf-5db4-b18c-9c6b58bfd0d3,sleeping-bag,8,high_risk_share,somewhat_intimate,prior,1.0,0.24
277b71a5-9dbf-5db4-b18c-9c6b58bfd0d3,sunscreen,14,high_risk_share,max_formal,posterior,1.0,1.0
277b71a5-9dbf-5db4-b18c-9c6b58bfd0d3,sunscreen,14,high_risk_share,max_formal,prior,1.0,0.5
277b71a5-9dbf-5db4-b18c-9c6b58bfd0d3,towel,3,high_risk_share,max_intimate,posterior,1.0,1.0
277b71a5-9dbf-5db4-b18c-9c6b58bfd0d3,towel,3,high_risk_share,max_intimate,prior,0.97,0.56
2be6294c-4222-55b6-b5fe-ce0cbebe84af,bed,2,no_share,somewhat_formal,posterior,0.74,0.0
2be6294c-4222-55b6-b5fe-ce0cbebe84af,bed,2,no_share,somewhat_formal,prior,0.84,0.44
2be6294c-4222-55b6-b5fe-ce0cbebe84af,blanket,0,low_risk_share,max_intimate,posterior,0.75,0.0
2be6294c-4222-55b6-b5fe-ce0cbebe84af,blanket,0,low_risk_share,max_intimate,prior,0.85,0.49
2be6294c-4222-55b6-b5fe-ce0cbebe84af,breakup,11,low_risk_share,somewhat_formal,posterior,0.62,0.15
2be6294c-4222-55b6-b5fe-ce0cbebe84af,breakup,11,low_risk_share,somewhat_formal,prior,0.55,0.61
2be6294c-4222-55b6-b5fe-ce0cbebe84af,chapstick,13,low_risk_share,max_formal,posterior,0.94,0.1
2be6294c-4222-55b6-b5fe-ce0cbebe84af,chapstick,13,low_risk_share,max_formal,prior,0.79,0.21
2be6294c-4222-55b6-b5fe-ce0cbebe84af,earbuds,8,high_risk_share,max_formal,posterior,1.0,0.87
2be6294c-4222-55b6-b5fe-ce0cbebe84af,earbuds,8,high_risk_share,max_formal,prior,0.74,0.51
2be6294c-4222-55b6-b5fe-ce0cbebe84af,gossip,15,no_share,somewhat_intimate,posterior,0.11,0.55
2be6294c-4222-55b6-b5fe-ce0cbebe84af,gossip,15,no_share,somewhat_intimate,prior,0.94,0.12
2be6294c-4222-55b6-b5fe-ce0cbebe84af,hairbrush,9,high_risk_share,somewhat_intimate,posterior,0.97,0.51
2be6294c-4222-55b6-b5fe-ce0cbebe84af,hairbrush,9,high_risk_share,somewhat_intimate,prior,0.85,0.27
2be6294c-4222-55b6-b5fe-ce0cbebe84af,harmonica,3,low_risk_share,somewhat_formal,posterior,1.0,0.0
2be6294c-4222-55b6-b5fe-ce0cbebe84af,harmonica,3,low_risk_share,somewhat_formal,prior,0.2,0.66
2be6294c-4222-55b6-b5fe-ce0cbebe84af,home,14,high_risk_share,max_intimate,posterior,0.97,1.0
2be6294c-4222-55b6-b5fe-ce0cbebe84af,home,14,high_risk_share,max_intimate,prior,0.32,0.23
2be6294c-4222-55b6-b5fe-ce0cbebe84af,locker-room,10,high_risk_share,somewhat_intimate,posterior,1.0,0.85
2be6294c-4222-55b6-b5fe-ce0cbebe84af,locker-room,10,high_risk_share,somewhat_intimate,prior,0.66,0.91
2be6294c-4222-55b6-b5fe-ce0cbebe84af,navigation,4,no_share,max_formal,posterior,0.06,1.0
2be6294c-4222-55b6-b5fe-ce0cbebe84af,navigation,4,no_share,max_formal,prior,0.9,0.38
2be6294c-4222-55b6-b5fe-ce0cbebe84af,salary,5,low_risk_share,somewhat_intimate,posterior,0.97,0.8
2be6294c-4222-55b6-b5fe-ce0cbebe84af,salary,5,low_risk_share,somewhat_intimate,prior,0.72,0.82
2be6294c-4222-55b6-b5fe-ce0cbebe84af,sauna,1,no_share,max_formal,posterior,0.05,0.97
2be6294c-4222-55b6-b5fe-ce0cbebe84af,sauna,1,no_share,max_formal,prior,0.68,0.04
2be6294c-4222-55b6-b5fe-ce0cbebe84af,sleeping-bag,12,no_share,max_intimate,posterior,0.91,0.88
2be6294c-4222-55b6-b5fe-ce0cbebe84af,sleeping-bag,12,no_share,max_intimate,prior,1.0,0.8
2be6294c-4222-55b6-b5fe-ce0cbebe84af,sunscreen,7,no_share,max_intimate,posterior,0.01,0.56
2be6294c-4222-55b6-b5fe-ce0cbebe84af,sunscreen,7,no_share,max_intimate,prior,0.9,0.48
2be6294c-4222-55b6-b5fe-ce0cbebe84af,towel,6,high_risk_share,somewhat_formal,posterior,0.99,0.92
2be6294c-4222-55b6-b5fe-ce0cbebe84af,towel,6,high_risk_share,somewhat_formal,prior,0.85,1.0
64098ec2-265f-55be-92c5-ad28407cbc17,bed,11,low_risk_share,max_formal,posterior,1.0,0.28
64098ec2-265f-55be-92c5-ad28407cbc17,bed,11,low_risk_share,max_formal,prior,0.76,0.5
64098ec2-265f-55be-92c5-ad28407cbc17,blanket,13,no_share,somewhat_formal,posterior,0.57,0.95
64098ec2-265f-55be-92c5-ad28407cbc17,blanket,13,no_share,somewhat_formal,prior,0.8,0.52
64098ec2-265f-55be-92c5-ad28407cbc17,breakup,6,high_risk_share,max_intimate,posterior,0.79,0.75
64098ec2-265f-55be-92c5-ad28407cbc17,breakup,6,high_risk_share,max_intimate,prior,0.96,0.73
64098ec2-265f-55be-92c5-ad28407cbc17,chapstick,4,high_risk_share,somewhat_intimate,posterior,0.98,0.51
64098ec2-265f-55be-92c5-ad28407cbc17,chapstick,4,high_risk_share,somewhat_intimate,prior,0.9,0.51
64098ec2-265f-55be-92c5-ad28407cbc17,earbuds,9,high_risk_share,somewhat_intimate,posterior,1.0,0.64
64098ec2-265f-55be-92c5-ad28407cbc17,earbuds,9,high_risk_share,somewhat_intimate,prior,1.0,0.48
64098ec2-265f-55be-92c5-ad28407cbc17,gossip,0,low_risk_share,max_intimate,posterior,0.74,0.09
64098ec2-265f-55be-92c5-ad28407cbc17,gossip,0,low_risk_share,max_intimate,prior,1.0,0.19
64098ec2-265f-55be-92c5-ad28407cbc17,hairbrush,5,high_risk_share,somewhat_formal,posterior,0.99,0.0
64098ec2-265f-55be-92c5-ad28407cbc17,hairbrush,5,high_risk_share,somewhat_formal,prior,0.72,0.49
64098ec2-265f-55be-92c5-ad28407cbc17,harmonica,1,high_risk_share,max_formal,posterior,1.0,0.85
64098ec2-265f-55be-92c5-ad28407cbc17,harmonica,1,high_risk_share,max_formal,prior,0.0,0.75
64098ec2-265f-55be-92c5-ad28407cbc17,home,10,no_share,max_intimate,posterior,0.24,1.0
64098ec2-265f-55be-92c5-ad28407cbc17,home,10,no_share,max_intimate,prior,0.57,0.51
64098ec2-265f-55be-92c5-ad28407cbc17,locker-room,15,no_share,max_formal,posterior,0.27,0.93
64098ec2-265f-55be-92c5-ad28407cbc17,locker-room,15,no_share,max_formal,prior,0.72,0.51
64098ec2-265f-55be-92c5-ad28407cbc17,navigation,7,low_risk_share,somewhat_formal,posterior,0.75,1.0
64098ec2-265f-55be-92c5-ad28407cbc17,navigation,7,low_risk_share,somewhat_formal,prior,0.66,0.31
64098ec2-265f-55be-92c5-ad28407cbc17,salary,14,no_share,max_formal,posterior,0.56,0.1
64098ec2-265f-55be-92c5-ad28407cbc17,salary,14,no_share,max_formal,prior,0.99,0.66
64098ec2-265f-55be-92c5-ad28407cbc17,sauna,12,no_share,max_intimate,posterior,0.17,0.87
64098ec2-265f-55be-92c5-ad28407cbc17,sauna,12,no_share,max_intimate,prior,0.8,0.5
64098ec2-265f-55be-92c5-ad28407cbc17,sleeping-bag,8,low_risk_share,somewhat_intimate,posterior,1.0,0.0
64098ec2-265f-55be-92c5-ad28407cbc17,sleeping-bag,8,low_risk_share,somewhat_intimate,prior,0.98,0.52
64098ec2-265f-55be-92c5-ad28407cbc17,sunscreen,2,no_share,somewhat_intimate,posterior,0.0,0.91
64098ec2-265f-55be-92c5-ad28407cbc17,sunscreen,2,no_share,somewhat_intimate,prior,0.89,0.49
64098ec2-265f-55be-92c5-ad28407cbc17,towel,3,low_risk_share,somewhat_formal,posterior,0.77,0.21
64098ec2-265f-55be-92c5-ad28407cbc17,towel,3,low_risk_share,somewhat_formal,prior,0.74,0.27
6a22516b-8eed-549e-ba1e-0d292a0eb612,bed,0,high_risk_share,max_intimate,posterior,1.0,1.0
6a22516b-8eed-549e-ba1e-0d292a0eb612,bed,0,high_risk_share,max_intimate,prior,1.0,0.0
6a22516b-8eed-549e-ba1e-0d292a0eb612,blanket,11,high_risk_share,max_formal,posterior,1.0,0.59
6a22516b-8eed-549e-ba1e-0d292a0eb612,blanket,11,high_risk_share,max_formal,prior,1.0,0.63
6a22516b-8eed-549e-ba1e-0d292a0eb612,breakup,14,low_risk_share,somewhat_formal,posterior,0.92,0.1
6a22516b-8eed-549e-ba1e-0d292a0eb612,breakup,14,low_risk_share,somewhat_formal,prior,0.68,0.58
6a22516b-8eed-549e-ba1e-0d292a0eb612,chapstick,15,no_share,max_formal,posterior,0.57,0.85
6a22516b-8eed-549e-ba1e-0d292a0eb612,chapstick,15,no_share,max_formal,prior,0.63,0.36
6a22516b-8eed-549e-ba1e-0d292a0eb612,earbuds,12,no_share,max_intimate,posterior,1.0,0.78
6a22516b-8eed-549e-ba1e-0d292a0eb612,earbuds,12,no_share,max_intimate,prior,1.0,0.35
6a22516b-8eed-549e-ba1e-0d292a0eb612,gossip,2,low_risk_share,somewhat_intimate,posterior,0.86,0.43
6a22516b-8eed-549e-ba1e-0d292a0eb612,gossip,2,low_risk_share,somewhat_intimate,prior,0.95,0.6
6a22516b-8eed-549e-ba1e-0d292a0eb612,hairbrush,1,high_risk_share,somewhat_intimate,posterior,1.0,0.0
6a22516b-8eed-549e-ba1e-0d292a0eb612,hairbrush,1,high_risk_share,somewhat_intimate,prior,0.81,0.29
6a22516b-8eed-549e-ba1e-0d292a0eb612,harmonica,6,high_risk_share,max_formal,posterior,1.0,1.0
6a22516b-8eed-549e-ba1e-0d292a0eb612,harmonica,6,high_risk_share,max_formal,prior,0.61,0.59
6a22516b-8eed-549e-ba1e-0d292a0eb612,home,3,no_share,somewhat_intimate,posterior,0.37,1.0
6a22516b-8eed-549e-ba1e-0d292a0eb612,home,3,no_share,somewhat_intimate,prior,0.68,0.94
6a22516b-8eed-549e-ba1e-0d292a0eb612,locker-room,4,low_risk_share,somewhat_intimate,posterior,1.0,0.68
6a22516b-8eed-549e-ba1e-0d292a0eb612,locker-room,4,low_risk_share,somewhat_intimate,prior,0.77,0.94
6a22516b-8eed-549e-ba1e-0d292a0eb612,navigation,5,low_risk_share,max_formal,posterior,1.0,1.0
6a22516b-8eed-549e-ba1e-0d292a0eb612,navigation,5,low_risk_share,max_formal,prior,0.71,0.26
6a22516b-8eed-549e-ba1e-0d292a0eb612,salary,8,high_risk_share,max_intimate,posterior,1.0,0.9
6a22516b-8eed-549e-ba1e-0d292a0eb612,salary,8,high_risk_share,max_intimate,prior,0.66,0.44
6a22516b-8eed-549e-ba1e-0d292a0eb612,sauna,13,no_share,somewhat_formal,posterior,0.37,0.8
6a22516b-8eed-549e-ba1e-0d292a0eb612,sauna,13,no_share,somewhat_formal,prior,0.7,0.26
6a22516b-8eed-549e-ba1e-0d292a0eb612,sleeping-bag,10,no_share,somewhat_formal,posterior,1.0,0.4
6a22516b-8eed-549e-ba1e-0d292a0eb612,sleeping-bag,10,no_share,somewhat_formal,prior,1.0,0.24
6a22516b-8eed-549e-ba1e-0d292a0eb612,sunscreen,9,high_risk_share,somewhat_formal,posterior,1.0,1.0
6a22516b-8eed-549e-ba1e-0d292a0eb612,sunscreen,9,high_risk_share,somewhat_formal,prior,1.0,1.0
6a22516b-8eed-549e-ba1e-0d292a0eb612,towel,7,low_risk_share,max_intimate,posterior,1.0,0.0
6a22516b-8eed-549e-ba1e-0d292a0eb612,towel,7,low_risk_share,max_intimate,prior,1.0,0.38
6b195580-82a0-5f5d-9330-4f7162d5bbf3,bed,9,low_risk_share,somewhat_formal,posterior,0.84,0.1
6b195580-82a0-5f5d-9330-4f7162d5bbf3,bed,9,low_risk_share,somewhat_formal,prior,0.71,0.64
6b195580-82a0-5f5d-9330-4f7162d5bbf3,blanket,13,no_share,max_intimate,posterior,0.66,0.78
6b195580-82a0-5f5d-9330-4f7162d5bbf3,blanket,13,no_share,max_intimate,prior,1.0,0.16
6b195580-82a0-5f5d-9330-4f7162d5bbf3,breakup,3,no_share,somewhat_intimate,posterior,0.16,0.96
6b195580-82a0-5f5d-9330-4f7162d5bbf3,breakup,3,no_share,somewhat_intimate,prior,0.83,0.79
6b195580-82a0-5f5d-9330-4f7162d5bbf3,chapstick,6,no_share,max_formal,posterior,0.64,0.76
6b195580-82a0-5f5d-9330-4f7162d5bbf3,chapstick,6,no_share,max_formal,prior,0.78,0.27
6b195580-82a0-5f5d-9330-4f7162d5bbf3,earbuds,7,high_risk_share,somewhat_intimate,posterior,1.0,0.77
6b195580-82a0-5f5d-9330-4f7162d5bbf3,earbuds,7,high_risk_share,somewhat_intimate,prior,0.94,0.34
6b195580-82a0-5f5d-9330-4f7162d5bbf3,gossip,15,high_risk_share,max_formal,posterior,0.85,0.66
6b195580-82a0-5f5d-9330-4f7162d5bbf3,gossip,15,high_risk_share,max_formal,prior,0.56,0.24
6b195580-82a0-5f5d-9330-4f7162d5bbf3,hairbrush,1,low_risk_share,max_intimate,posterior,1.0,0.03
6b195580-82a0-5f5d-9330-4f7162d5bbf3,hairbrush,1,low_risk_share,max_intimate,prior,0.9,0.27
6b195580-82a0-5f5d-9330-4f7162d5bbf3,harmonica,10,high_risk_share,somewhat_formal,posterior,0.67,0.78
6b195580-82a0-5f5d-9330-4f7162d5bbf3,harmonica,10,high_risk_share,somewhat_formal,prior,0.46,0.62
6b195580-82a0-5f5d-9330-4f7162d5bbf3,home,8,no_share,somewhat_intimate,posterior,0.17,0.8
6b195580-82a0-5f5d-9330-4f7162d5bbf3,home,8,no_share,somewhat_intimate,prior,0.18,0.69
6b195580-82a0-5f5d-9330-4f7162d5bbf3,locker-room,11,high_risk_share,somewhat_formal,posterior,0.97,0.86
6b195580-82a0-5f5d-9330-4f7162d5bbf3,locker-room,11,high_risk_share,somewhat_formal,prior,0.65,0.81
6b195580-82a0-5f5d-9330-4f7162d5bbf3,navigation,4,high_risk_share,max_intimate,posterior,0.86,0.85
6b195580-82a0-5f5d-9330-4f7162d5bbf3,navigation,4,high_risk_share,max_intimate,prior,0.69,0.14
6b195580-82a0-5f5d-9330-4f7162d5bbf3,salary,0,no_share,somewhat_formal,posterior,0.37,0.73
6b195580-82a0-5f5d-9330-4f7162d5bbf3,salary,0,no_share,somewhat_formal,prior,1.0,0.29
6b195580-82a0-5f5d-9330-4f7162d5bbf3,sauna,2,low_risk_share,max_formal,posterior,0.92,0.0
6b195580-82a0-5f5d-9330-4f7162d5bbf3,sauna,2,low_risk_share,max_formal,prior,0.0,0.5
6b195580-82a0-5f5d-9330-4f7162d5bbf3,sleeping-bag,12,low_risk_share,somewhat_intimate,posterior,0.92,0.05
6b195580-82a0-5f5d-9330-4f7162d5bbf3,sleeping-bag,12,low_risk_share,somewhat_intimate,prior,0.79,0.26
6b195580-82a0-5f5d-9330-4f7162d5bbf3,sunscreen,5,low_risk_share,max_formal,posterior,0.84,0.21
6b195580-82a0-5f5d-9330-4f7162d5bbf3,sunscreen,5,low_risk_share,max_formal,prior,0.69,0.61
6b195580-82a0-5f5d-9330-4f7162d5bbf3,towel,14,low_risk_share,max_intimate,posterior,0.92,0.02
6b195580-82a0-5f5d-9330-4f7162d5bbf3,towel,14,low_risk_share,max_intimate,prior,0.91,0.69
70973d33-a0e3-54e5-95fa-19a8238d0d1e,bed,1,high_risk_share,somewhat_formal,posterior,1.0,0.83
70973d33-a0e3-54e5-95fa-19a8238d0d1e,bed,1,high_risk_share,somewhat_formal,prior,0.9,0.11
70973d33-a0e3-54e5-95fa-19a8238d0d1e,blanket,14,no_share,max_formal,posterior,0.0,0.21
70973d33-a0e3-54e5-95fa-19a8238d0d1e,blanket,14,no_share,max_formal,prior,0.78,0.74
70973d33-a0e3-54e5-95fa-19a8238d0d1e,breakup,8,no_share,somewhat_intimate,posterior,0.0,0.0
70973d33-a0e3-54e5-95fa-19a8238d0d1e,breakup,8,no_share,somewhat_intimate,prior,0.81,0.44
70973d33-a0e3-54e5-95fa-19a8238d0d1e,chapstick,10,high_risk_share,max_intimate,posterior,0.94,0.71
70973d33-a0e3-54e5-95fa-19a8238d0d1e,chapstick,10,high_risk_share,max_intimate,prior,0.69,0.8
70973d33-a0e3-54e5-95fa-19a8238d0d1e,earbuds,12,no_share,max_intimate,posterior,0.0,0.47
70973d33-a0e3-54e5-95fa-19a8238d0d1e,earbuds,12,no_share,max_intimate,prior,0.73,0.28
70973d33-a0e3-54e5-95fa-19a8238d0d1e,gossip,6,high_risk_share,somewhat_intimate,posterior,0.7,0.76
70973d33-a0e3-54e5-95fa-19a8238d0d1e,gossip,6,high_risk_share,somewhat_intimate,prior,0.94,0.94
70973d33-a0e3-54e5-95fa-19a8238d0d1e,hairbrush,9,no_share,max_formal,posterior,0.0,0.0
70973d33-a0e3-54e5-95fa-19a8238d0d1e,hairbrush,9,no_share,max_formal,prior,0.69,0.23
70973d33-a0e3-54e5-95fa-19a8238d0d1e,harmonica,5,low_risk_share,somewhat_intimate,posterior,1.0,0.04
70973d33-a0e3-54e5-95fa-19a8238d0d1e,harmonica,5,low_risk_share,somewhat_intimate,prior,0.94,0.86
70973d33-a0e3-54e5-95fa-19a8238d0d1e,home,0,high_risk_share,somewhat_intimate,posterior,0.77,0.25
70973d33-a0e3-54e5-95fa-19a8238d0d1e,home,0,high_risk_share,somewhat_intimate,prior,0.74,0.34
70973d33-a0e3-54e5-95fa-19a8238d0d1e,locker-room,11,low_risk_share,max_formal,posterior,1.0,1.0
70973d33-a0e3-54e5-95fa-19a8238d0d1e,locker-room,11,low_risk_share,max_formal,prior,0.88,0.84
70973d33-a0e3-54e5-95fa-19a8238d0d1e,navigation,7,low_risk_share,somewhat_formal,posterior,1.0,1.0
70973d33-a0e3-54e5-95fa-19a8238d0d1e,navigation,7,low_risk_share,somewhat_formal,prior,1.0,0.84
70973d33-a0e3-54e5-95fa-19a8238d0d1e,salary,13,no_share,somewhat_formal,posterior,0.12,0.74
70973d33-a0e3-54e5-95fa-19a8238d0d1e,salary,13,no_share,somewhat_formal,prior,0.75,0.67
70973d33-a0e3-54e5-95fa-19a8238d0d1e,sauna,2,low_risk_share,somewhat_formal,posterior,0.95,0.09
70973d33-a0e3-54e5-95fa-19a8238d0d1e,sauna,2,low_risk_share,somewhat_formal,prior,1.0,0.0
70973d33-a0e3-54e5-95fa-19a8238d0d1e,sleeping-bag,4,high_risk_share,max_formal,posterior,0.97,0.19
70973d33-a0e3-54e5-95fa-19a8238d0d1e,sleeping-bag,4,high_risk_share,max_formal,prior,0.6,0.12
70973d33-a0e3-54e5-95fa-19a8238d0d1e,sunscreen,15,low_risk_share,max_intimate,posterior,1.0,0.2
70973d33-a0e3-54e5-95fa-19a8238d0d1e,sunscreen,15,low_risk_share,max_intimate,prior,1.0,0.96
70973d33-a0e3-54e5-95fa-19a8238d0d1e,towel,3,no_share,max_intimate,posterior,0.17,0.82
70973d33-a0e3-54e5-95fa-19a8238d0d1e,towel,3,no_share,max_intimate,prior,1.0,0.12
7a1f8091-3c33-53f8-aa6c-05f041d5830d,bed,14,high_risk_share,max_formal,posterior,0.82,0.78
7a1f8091-3c33-53f8-aa6c-05f041d5830d,bed,14,high_risk_share,max_formal,prior,0.78,0.26
7a1f8091-3c33-53f8-aa6c-05f041d5830d,blanket,13,low_risk_share,max_intimate,posterior,0.78,0.76
7a1f8091-3c33-53f8-aa6c-05f041d5830d,blanket,13,low_risk_share,max_intimate,prior,0.78,0.75
7a1f8091-3c33-53f8-aa6c-05f041d5830d,breakup,11,no_share,max_formal,posterior,0.76,0.31
7a1f8091-3c33-53f8-aa6c-05f041d5830d,breakup,11,no_share,max_formal,prior,0.81,0.33
7a1f8091-3c33-53f8-aa6c-05f041d5830d,chapstick,2,low_risk_share,max_intimate,posterior,0.73,0.69
7a1f8091-3c33-53f8-aa6c-05f041d5830d,chapstick,2,low_risk_share,max_intimate,prior,0.7,0.27
7a1f8091-3c33-53f8-aa6c-05f041d5830d,earbuds,7,high_risk_share,somewhat_formal,posterior,0.76,0.32
7a1f8091-3c33-53f8-aa6c-05f041d5830d,earbuds,7,high_risk_share,somewhat_formal,prior,0.75,0.33
7a1f8091-3c33-53f8-aa6c-05f041d5830d,gossip,5,no_share,somewhat_formal,posterior,0.74,0.29
7a1f8091-3c33-53f8-aa6c-05f041d5830d,gossip,5,no_share,somewhat_formal,prior,0.72,0.71
7a1f8091-3c33-53f8-aa6c-05f041d5830d,hairbrush,15,no_share,somewhat_intimate,posterior,0.71,0.8
7a1f8091-3c33-53f8-aa6c-05f041d5830d,hairbrush,15,no_share,somewhat_intimate,prior,0.78,0.72
7a1f8091-3c33-53f8-aa6c-05f041d5830d,harmonica,0,high_risk_share,somewhat_formal,posterior,0.75,0.8
7a1f8091-3c33-53f8-aa6c-05f041d5830d,harmonica,0,high_risk_share,somewhat_formal,prior,0.65,0.29
7a1f8091-3c33-53f8-aa6c-05f041d5830d,home,9,low_risk_share,somewhat_intimate,posterior,0.76,0.72
7a1f8091-3c33-53f8-aa6c-05f041d5830d,home,9,low_risk_share,somewhat_intimate,prior,0.82,0.29
7a1f8091-3c33-53f8-aa6c-05f041d5830d,locker-room,10,no_share,max_intimate,posterior,0.7,0.33
7a1f8091-3c33-53f8-aa6c-05f041d5830d,locker-room,10,no_share,max_intimate,prior,0.81,0.71
7a1f8091-3c33-53f8-aa6c-05f041d5830d,navigation,4,high_risk_share,somewhat_intimate,posterior,0.71,0.33
7a1f8091-3c33-53f8-aa6c-05f041d5830d,navigation,4,high_risk_share,somewhat_intimate,prior,0.73,0.73
7a1f8091-3c33-53f8-aa6c-05f041d5830d,salary,1,low_risk_share,max_formal,posterior,0.76,0.31
7a1f8091-3c33-53f8-aa6c-05f041d5830d,salary,1,low_risk_share,max_formal,prior,0.77,0.33
7a1f8091-3c33-53f8-aa6c-05f041d5830d,sauna,12,low_risk_share,somewhat_formal,posterior,0.71,0.32
7a1f8091-3c33-53f8-aa6c-05f041d5830d,sauna,12,low_risk_share,somewhat_formal,prior,0.77,0.28
7a1f8091-3c33-53f8-aa6c-05f041d5830d,sleeping-bag,8,high_risk_share,max_intimate,posterior,0.7,0.68
7a1f8091-3c33-53f8-aa6c-05f041d5830d,sleeping-bag,8,high_risk_share,max_intimate,prior,0.81,0.75
7a1f8091-3c33-53f8-aa6c-05f041d5830d,sunscreen,6,low_risk_share,max_formal,posterior,0.76,0.72
7a1f8091-3c33-53f8-aa6c-05f041d5830d,sunscreen,6,low_risk_share,max_formal,prior,0.78,0.74
7a1f8091-3c33-53f8-aa6c-05f041d5830d,towel,3,no_share,somewhat_intimate,posterior,0.73,0.33
7a1f8091-3c33-53f8-aa6c-05f041d5830d,towel,3,no_share,somewhat_intimate,prior,0.78,0.71
90bbbffe-f3a9-5a6c-af6e-0522d2f1554a,bed,2,high_risk_share,somewhat_intimate,posterior,0.92,0.17
90bbbffe-f3a9-5a6c-af6e-0522d2f1554a,bed,2,high_risk_share,somewhat_intimate,prior,0.89,0.09
90bbbffe-f3a9-5a6c-af6e-0522d2f1554a,blanket,8,high_risk_share,max_formal,posterior,0.91,0.9
90bbbffe-f3a9-5a6c-af6e-0522d2f1554a,blanket,8,high_risk_share,max_formal,prior,0.2,0.11
90bbbffe-f3a9-5a6c-af6e-0522d2f1554a,breakup,4,low_risk_share,somewhat_formal,posterior,0.88,0.08
90bbbffe-f3a9-5a6c-af6e-0522d2f1554a,breakup,4,low_risk_share,somewhat_formal,prior,0.87,0.88
90bbbffe-f3a9-5a6c-af6e-0522d2f1554a,chapstick,12,high_risk_share,max_intimate,posterior,1.0,0.49
90bbbffe-f3a9-5a6c-af6e-0522d2f1554a,chapstick,12,high_risk_share,max_intimate,prior,0.93,0.07
90bbbffe-f3a9-5a6c-af6e-0522d2f1554a,earbuds,6,low_risk_share,somewhat_intimate,posterior,0.92,0.04
90bbbffe-f3a9-5a6c-af6e-0522d2f1554a,earbuds,6,low_risk_share,somewhat_intimate,prior,0.9,0.16
90bbbffe-f3a9-5a6c-af6e-0522d2f1554a,gossip,3,high_risk_share,somewhat_formal,posterior,0.87,0.84
90bbbffe-f3a9-5a6c-af6e-0522d2f1554a,gossip,3,high_risk_share,somewhat_formal,prior,0.82,0.17
90bbbffe-f3a9-5a6c-af6e-0522d2f1554a,hairbrush,9,no_share,max_formal,posterior,0.94,0.94
90bbbffe-f3a9-5a6c-af6e-0522d2f1554a,hairbrush,9,no_share,max_formal,prior,0.95,0.05
90bbbffe-f3a9-5a6c-af6e-0522d2f1554a,harmonica,5,high_risk_share,somewhat_intimate,posterior,0.82,0.85
90bbbffe-f3a9-5a6c-af6e-0522d2f1554a,harmonica,5,high_risk_share,somewhat_intimate,prior,0.62,0.27
90bbbffe-f3a9-5a6c-af6e-0522d2f1554a,home,0,no_share,max_intimate,posterior,0.27,1.0
90bbbffe-f3a9-5a6c-af6e-0522d2f1554a,home,0,no_share,max_intimate,prior,0.3,1.0
90bbbffe-f3a9-5a6c-af6e-0522d2f1554a,locker-room,14,low_risk_share,max_intimate,posterior,0.95,0.96
90bbbffe-f3a9-5a6c-af6e-0522d2f1554a,locker-room,14,low_risk_share,max_intimate,prior,0.92,0.06
90bbbffe-f3a9-5a6c-af6e-0522d2f1554a,navigation,10,no_share,somewhat_formal,posterior,0.33,0.76
90bbbffe-f3a9-5a6c-af6e-0522d2f1554a,navigation,10,no_share,somewhat_formal,prior,0.95,0.1
90bbbffe-f3a9-5a6c-af6e-0522d2f1554a,salary,13,no_share,somewhat_intimate,posterior,0.5,0.48
90bbbffe-f3a9-5a6c-af6e-0522d2f1554a,salary,13,no_share,somewhat_intimate,prior,0.92,0.89
90bbbffe-f3a9-5a6c-af6e-0522d2f1554a,sauna,15,no_share,max_intimate,posterior,0.64,0.98
90bbbffe-f3a9-5a6c-af6e-0522d2f1554a,sauna,15,no_share,max_intimate,prior,0.89,0.52
90bbbffe-f3a9-5a6c-af6e-0522d2f1554a,sleeping-bag,11,low_risk_share,max_formal,posterior,1.0,0.0
90bbbffe-f3a9-5a6c-af6e-0522d2f1554a,sleeping-bag,11,low_risk_share,max_formal,prior,0.89,0.12
90bbbffe-f3a9-5a6c-af6e-0522d2f1554a,sunscreen,1,low_risk_share,somewhat_formal,posterior,1.0,0.0
90bbbffe-f3a9-5a6c-af6e-0522d2f1554a,sunscreen,1,low_risk_share,somewhat_formal,prior,1.0,0.17
90bbbffe-f3a9-5a6c-af6e-0522d2f1554a,towel,7,no_share,max_formal,posterior,0.11,0.94
90bbbffe-f3a9-5a6c-af6e-0522d2f1554a,towel,7,no_share,max_formal,prior,0.9,0.06
b93ab221-6e99-562a-88bf-795e98fc4aac,bed,4,low_risk_share,somewhat_intimate,posterior,0.52,0.25
b93ab221-6e99-562a-88bf-795e98fc4aac,bed,4,low_risk_share,somewhat_intimate,prior,0.47,0.46
b93ab221-6e99-562a-88bf-795e98fc4aac,blanket,7,low_risk_share,somewhat_formal,posterior,0.91,0.12
b93ab221-6e99-562a-88bf-795e98fc4aac,blanket,7,low_risk_share,somewhat_formal,prior,0.62,0.51
b93ab221-6e99-562a-88bf-795e98fc4aac,breakup,13,high_risk_share,max_intimate,posterior,0.96,0.77
b93ab221-6e99-562a-88bf-795e98fc4aac,breakup,13,high_risk_share,max_intimate,prior,0.97,0.77
b93ab221-6e99-562a-88bf-795e98fc4aac,chapstick,12,no_share,somewhat_intimate,posterior,0.47,0.53
b93ab221-6e99-562a-88bf-795e98fc4aac,chapstick,12,no_share,somewhat_intimate,prior,0.9,0.34
b93ab221-6e99-562a-88bf-795e98fc4aac,earbuds,1,no_share,max_formal,posterior,0.69,0.42
b93ab221-6e99-562a-88bf-795e98fc4aac,earbuds,1,no_share,max_formal,prior,0.65,0.43
b93ab221-6e99-562a-88bf-795e98fc4aac,gossip,5,no_share,max_intimate,posterior,0.53,0.4
b93ab221-6e99-562a-88bf-795e98fc4aac,gossip,5,no_share,max_intimate,prior,0.91,0.39
b93ab221-6e99-562a-88bf-795e98fc4aac,hairbrush,2,no_share,max_formal,posterior,0.6,0.42
b93ab221-6e99-562a-88bf-795e98fc4aac,hairbrush,2,no_share,max_formal,prior,0.8,0.44
b93ab221-6e99-562a-88bf-795e98fc4aac,harmonica,11,high_risk_share,somewhat_intimate,posterior,0.83,0.93
b93ab221-6e99-562a-88bf-795e98fc4aac,harmonica,11,high_risk_share,somewhat_intimate,prior,0.54,0.72
b93ab221-6e99-562a-88bf-795e98fc4aac,home,3,low_risk_share,max_intimate,posterior,0.56,0.44
b93ab221-6e99-562a-88bf-795e98fc4aac,home,3,low_risk_share,max_intimate,prior,0.54,0.56
b93ab221-6e99-562a-88bf-795e98fc4aac,locker-room,6,low_risk_share,max_formal,posterior,0.71,0.92
b93ab221-6e99-562a-88bf-795e98fc4aac,locker-room,6,low_risk_share,max_formal,prior,0.52,0.59
b93ab221-6e99-562a-88bf-795e98fc4aac,navigation,0,low_risk_share,somewhat_formal,posterior,0.71,0.43
b93ab221-6e99-562a-88bf-795e98fc4aac,navigation,0,low_risk_share,somewhat_formal,prior,0.54,0.3
b93ab221-6e99-562a-88bf-795e98fc4aac,salary,15,no_share,max_intimate,posterior,0.32,0.5
b93ab221-6e99-562a-88bf-795e98fc4aac,salary,15,no_share,max_intimate,prior,0.94,0.57
b93ab221-6e99-562a-88bf-795e98fc4aac,sauna,9,no_share,somewhat_formal,posterior,0.32,0.49
b93ab221-6e99-562a-88bf-795e98fc4aac,sauna,9,no_share,somewhat_formal,prior,0.72,0.43
b93ab221-6e99-562a-88bf-795e98fc4aac,sleeping-bag,14,high_risk_share,max_formal,posterior,0.95,0.55
b93ab221-6e99-562a-88bf-795e98fc4aac,sleeping-bag,14,high_risk_share,max_formal,prior,0.98,0.17
b93ab221-6e99-562a-88bf-795e98fc4aac,sunscreen,8,high_risk_share,somewhat_formal,posterior,0.92,0.49
b93ab221-6e99-562a-88bf-795e98fc4aac,sunscreen,8,high_risk_share,somewhat_formal,prior,0.95,0.49
b93ab221-6e99-562a-88bf-795e98fc4aac,towel,10,high_risk_share,somewhat_intimate,posterior,0.87,0.71
b93ab221-6e99-562a-88bf-795e98fc4aac,towel,10,high_risk_share,somewhat_intimate,prior,0.81,0.48
be0e8af7-0a39-5aac-881b-996655f02e49,bed,6,high_risk_share,somewhat_intimate,posterior,0.59,0.08
be0e8af7-0a39-5aac-881b-996655f02e49,bed,6,high_risk_share,somewhat_intimate,prior,0.28,0.23
be0e8af7-0a39-5aac-881b-996655f02e49,blanket,0,no_share,somewhat_formal,posterior,0.0,0.39
be0e8af7-0a39-5aac-881b-996655f02e49,blanket,0,no_share,somewhat_formal,prior,0.31,0.38
be0e8af7-0a39-5aac-881b-996655f02e49,breakup,2,high_risk_share,max_formal,posterior,0.94,0.87
be0e8af7-0a39-5aac-881b-996655f02e49,breakup,2,high_risk_share,max_formal,prior,0.31,0.72
be0e8af7-0a39-5aac-881b-996655f02e49,chapstick,3,high_risk_share,max_intimate,posterior,1.0,0.38
be0e8af7-0a39-5aac-881b-996655f02e49,chapstick,3,high_risk_share,max_intimate,prior,0.95,0.21
be0e8af7-0a39-5aac-881b-996655f02e49,earbuds,12,high_risk_share,max_formal,posterior,1.0,0.99
be0e8af7-0a39-5aac-881b-996655f02e49,earbuds,12,high_risk_share,max_formal,prior,1.0,0.14
be0e8af7-0a39-5aac-881b-996655f02e49,gossip,8,no_share,max_formal,posterior,0.06,0.05
be0e8af7-0a39-5aac-881b-996655f02e49,gossip,8,no_share,max_formal,prior,0.56,0.36
be0e8af7-0a39-5aac-881b-996655f02e49,hairbrush,14,low_risk_share,somewhat_intimate,posterior,1.0,0.0
be0e8af7-0a39-5aac-881b-996655f02e49,hairbrush,14,low_risk_share,somewhat_intimate,prior,1.0,0.93
be0e8af7-0a39-5aac-881b-996655f02e49,harmonica,11,no_share,max_intimate,posterior,0.74,0.87
be0e8af7-0a39-5aac-881b-996655f02e49,harmonica,11,no_share,max_intimate,prior,0.65,0.89
be0e8af7-0a39-5aac-881b-996655f02e49,home,7,low_risk_share,somewhat_formal,posterior,0.74,0.08
be0e8af7-0a39-5aac-881b-996655f02e49,home,7,low_risk_share,somewhat_formal,prior,0.21,0.63
be0e8af7-0a39-5aac-881b-996655f02e49,locker-room,15,low_risk_share,max_formal,posterior,0.94,0.06
be0e8af7-0a39-5aac-881b-996655f02e49,locker-room,15,low_risk_share,max_formal,prior,0.65,0.84
be0e8af7-0a39-5aac-881b-996655f02e49,navigation,1,no_share,somewhat_formal,posterior,0.37,0.43
be0e8af7-0a39-5aac-881b-996655f02e49,navigation,1,no_share,somewhat_formal,prior,0.72,0.1
be0e8af7-0a39-5aac-881b-996655f02e49,salary,4,low_risk_share,max_intimate,posterior,0.9,0.12
be0e8af7-0a39-5aac-881b-996655f02e49,salary,4,low_risk_share,max_intimate,prior,0.51,0.38
be0e8af7-0a39-5aac-881b-996655f02e49,sauna,5,no_share,somewhat_intimate,posterior,0.9,0.94
be0e8af7-0a39-5aac-881b-996655f02e49,sauna,5,no_share,somewhat_intimate,prior,0.6,0.59
be0e8af7-0a39-5aac-881b-996655f02e49,sleeping-bag,13,high_risk_share,somewhat_formal,posterior,0.57,0.93
be0e8af7-0a39-5aac-881b-996655f02e49,sleeping-bag,13,high_risk_share,somewhat_formal,prior,0.35,0.22
be0e8af7-0a39-5aac-881b-996655f02e49,sunscreen,9,low_risk_share,somewhat_intimate,posterior,1.0,0.06
be0e8af7-0a39-5aac-881b-996655f02e49,sunscreen,9,low_risk_share,somewhat_intimate,prior,1.0,0.11
be0e8af7-0a39-5aac-881b-996655f02e49,towel,10,high_risk_share,max_intimate,posterior,0.98,0.08
be0e8af7-0a39-5aac-881b-996655f02e49,towel,10,high_risk_share,max_intimate,prior,0.97,0.17
c90743c8-ac27-5892-9a6a-563fe12c540e,bed,10,no_share,max_formal,posterior,1.0,0.3
c90743c8-ac27-5892-9a6a-563fe12c540e,bed,10,no_share,max_formal,prior,1.0,0.52
c90743c8-ac27-5892-9a6a-563fe12c540e,blanket,8,high_risk_share,somewhat_formal,posterior,1.0,0.93
c90743c8-ac27-5892-9a6a-563fe12c540e,blanket,8,high_risk_share,somewhat_formal,prior,0.97,0.48
c90743c8-ac27-5892-9a6a-563fe12c540e,breakup,3,low_risk_share,somewhat_formal,posterior,0.09,0.0
c90743c8-ac27-5892-9a6a-563fe12c540e,breakup,3,low_risk_share,somewhat_formal,prior,1.0,0.0
c90743c8-ac27-5892-9a6a-563fe12c540e,chapstick,13,low_risk_share,max_formal,posterior,1.0,0.48
c90743c8-ac27-5892-9a6a-563fe12c540e,chapstick,13,low_risk_share,max_formal,prior,0.93,0.48
c90743c8-ac27-5892-9a6a-563fe12c540e,earbuds,15,low_risk_share,max_formal,posterior,1.0,0.0
c90743c8-ac27-5892-9a6a-563fe12c540e,earbuds,15,low_risk_share,max_formal,prior,1.0,0.53
c90743c8-ac27-5892-9a6a-563fe12c540e,gossip,14,no_share,somewhat_intimate,posterior,0.12,0.0
c90743c8-ac27-5892-9a6a-563fe12c540e,gossip,14,no_share,somewhat_intimate,prior,0.58,0.45
c90743c8-ac27-5892-9a6a-563fe12c540e,hairbrush,12,high_risk_share,max_formal,posterior,1.0,0.02
c90743c8-ac27-5892-9a6a-563fe12c540e,hairbrush,12,high_risk_share,max_formal,prior,1.0,0.48
c90743c8-ac27-5892-9a6a-563fe12c540e,harmonica,2,low_risk_share,max_intimate,posterior,1.0,0.0
c90743c8-ac27-5892-9a6a-563fe12c540e,harmonica,2,low_risk_share,max_intimate,prior,0.85,0.94
c90743c8-ac27-5892-9a6a-563fe12c540e,home,1,no_share,somewhat_intimate,posterior,0.02,0.97
c90743c8-ac27-5892-9a6a-563fe12c540e,home,1,no_share,somewhat_intimate,prior,0.27,0.15
c90743c8-ac27-5892-9a6a-563fe12c540e,locker-room,6,no_share,max_intimate,posterior,0.0,0.49
c90743c8-ac27-5892-9a6a-563fe12c540e,locker-room,6,no_share,max_intimate,prior,0.18,0.0
c90743c8-ac27-5892-9a6a-563fe12c540e,navigation,11,low_risk_share,somewhat_intimate,posterior,1.0,1.0
c90743c8-ac27-5892-9a6a-563fe12c540e,navigation,11,low_risk_share,somewhat_intimate,prior,0.49,0.52
c90743c8-ac27-5892-9a6a-563fe12c540e,salary,0,no_share,somewhat_formal,posterior,0.81,0.55
c90743c8-ac27-5892-9a6a-563fe12c540e,salary,0,no_share,somewhat_formal,prior,0.82,0.7
c90743c8-ac27-5892-9a6a-563fe12c540e,sauna,4,low_risk_share,max_intimate,posterior,1.0,0.0
c90743c8-ac27-5892-9a6a-563fe12c540e,sauna,4,low_risk_share,max_intimate,prior,1.0,0.04
c90743c8-ac27-5892-9a6a-563fe12c540e,sleeping-bag,7,high_risk_share,somewhat_intimate,posterior,0.85,0.48
c90743c8-ac27-5892-9a6a-563fe12c540e,sleeping-bag,7,high_risk_share,somewhat_intimate,prior,0.97,0.51
c90743c8-ac27-5892-9a6a-563fe12c540e,sunscreen,5,high_risk_share,max_intimate,posterior,1.0,0.0
c90743c8-ac27-5892-9a6a-563fe12c540e,sunscreen,5,high_risk_share,max_intimate,prior,1.0,0.0
c90743c8-ac27-5892-9a6a-563fe12c540e,towel,9,high_risk_share,somewhat_formal,posterior,1.0,0.88
c90743c8-ac27-5892-9a6a-563fe12c540e,towel,9,high_risk_share,somewhat_formal,prior,1.0,0.46
d2a85724-d855-5c8a-a8c9-27a7b7a3443c,bed,12,high_risk_share,somewhat_intimate,posterior,0.36,0.29
d2a85724-d855-5c8a-a8c9-27a7b7a3443c,bed,12,high_risk_share,somewhat_intimate,prior,0.38,0.14
d2a85724-d855-5c8a-a8c9-27a7b7a3443c,blanket,8,no_share,max_intimate,posterior,0.19,0.8
d2a85724-d855-5c8a-a8c9-27a7b7a3443c,blanket,8,no_share,max_intimate,prior,0.9,0.17
d2a85724-d855-5c8a-a8c9-27a7b7a3443c,breakup,7,high_risk_share,somewhat_formal,posterior,0.67,0.6
d2a85724-d855-5c8a-a8c9-27a7b7a3443c,breakup,7,high_risk_share,somewhat_formal,prior,0.45,0.14
d2a85724-d855-5c8a-a8c9-27a7b7a3443c,chapstick,9,high_risk_share,max_intimate,posterior,0.97,0.5
d2a85724-d855-5c8a-a8c9-27a7b7a3443c,chapstick,9,high_risk_share,max_intimate,prior,0.92,0.47
d2a85724-d855-5c8a-a8c9-27a7b7a3443c,earbuds,11,no_share,somewhat_intimate,posterior,0.76,0.5
d2a85724-d855-5c8a-a8c9-27a7b7a3443c,earbuds,11,no_share,somewhat_intimate,prior,0.91,0.11
d2a85724-d855-5c8a-a8c9-27a7b7a3443c,gossip,6,low_risk_share,somewhat_intimate,posterior,0.73,0.08
d2a85724-d855-5c8a-a8c9-27a7b7a3443c,gossip,6,low_risk_share,somewhat_intimate,prior,0.81,0.35
d2a85724-d855-5c8a-a8c9-27a7b7a3443c,hairbrush,0,low_risk_share,max_formal,posterior,0.97,0.19
d2a85724-d855-5c8a-a8c9-27a7b7a3443c,hairbrush,0,low_risk_share,max_formal,prior,0.94,0.84
d2a85724-d855-5c8a-a8c9-27a7b7a3443c,harmonica,14,high_risk_share,somewhat_formal,posterior,0.83,0.49
d2a85724-d855-5c8a-a8c9-27a7b7a3443c,harmonica,14,high_risk_share,somewhat_formal,prior,0.48,0.84
d2a85724-d855-5c8a-a8c9-27a7b7a3443c,home,1,low_risk_share,max_intimate,posterior,0.98,0.99
d2a85724-d855-5c8a-a8c9-27a7b7a3443c,home,1,low_risk_share,max_intimate,prior,0.65,0.96
d2a85724-d855-5c8a-a8c9-27a7b7a3443c,locker-room,2,no_share,somewhat_intimate,posterior,0.11,0.94
d2a85724-d855-5c8a-a8c9-27a7b7a3443c,locker-room,2,no_share,somewhat_intimate,prior,0.72,0.39
d2a85724-d855-5c8a-a8c9-27a7b7a3443c,navigation,10,low_risk_share,somewhat_formal,posterior,0.79,0.81
d2a85724-d855-5c8a-a8c9-27a7b7a3443c,navigation,10,low_risk_share,somewhat_formal,prior,0.59,0.19
d2a85724-d855-5c8a-a8c9-27a7b7a3443c,salary,3,no_share,max_formal,posterior,0.08,0.06
d2a85724-d855-5c8a-a8c9-27a7b7a3443c,salary,3,no_share,max_formal,prior,0.9,0.17
d2a85724-d855-5c8a-a8c9-27a7b7a3443c,sauna,5,low_risk_share,max_intimate,posterior,0.95,0.03
d2a85724-d855-5c8a-a8c9-27a7b7a3443c,sauna,5,low_risk_share,max_intimate,prior,0.94,0.2
d2a85724-d855-5c8a-a8c9-27a7b7a3443c,sleeping-bag,13,low_risk_share,max_formal,posterior,0.74,0.07
d2a85724-d855-5c8a-a8c9-27a7b7a3443c,sleeping-bag,13,low_risk_share,max_formal,prior,0.72,0.29
d2a85724-d855-5c8a-a8c9-27a7b7a3443c,sunscreen,4,high_risk_share,max_formal,posterior,0.9,0.5
d2a85724-d855-5c8a-a8c9-27a7b7a3443c,sunscreen,4,high_risk_share,max_formal,prior,0.8,0.5
d2a85724-d855-5c8a-a8c9-27a7b7a3443c,towel,15,no_share,somewhat_formal,posterior,0.39,0.94
d2a85724-d855-5c8a-a8c9-27a7b7a3443c,towel,15,no_share,somewhat_formal,prior,0.84,0.12
d73f5fee-d17d-5f82-b044-02919cb4a6bb,bed,2,low_risk_share,somewhat_intimate,posterior,0.84,0.02
d73f5fee-d17d-5f82-b044-02919cb4a6bb,bed,2,low_risk_share,somewhat_intimate,prior,0.6,0.35
d73f5fee-d17d-5f82-b044-02919cb4a6bb,blanket,13,no_share,somewhat_intimate,posterior,0.36,0.85
d73f5fee-d17d-5f82-b044-02919cb4a6bb,blanket,13,no_share,somewhat_intimate,prior,0.89,0.69
d73f5fee-d17d-5f82-b044-02919cb4a6bb,breakup,15,low_risk_share,max_formal,posterior,0.68,0.1
d73f5fee-d17d-5f82-b044-02919cb4a6bb,breakup,15,low_risk_share,max_formal,prior,0.59,0.2
d73f5fee-d17d-5f82-b044-02919cb4a6bb,chapstick,14,low_risk_share,max_intimate,posterior,0.83,0.14
d73f5fee-d17d-5f82-b044-02919cb4a6bb,chapstick,14,low_risk_share,max_intimate,prior,0.86,0.23
d73f5fee-d17d-5f82-b044-02919cb4a6bb,earbuds,1,high_risk_share,somewhat_formal,posterior,0.96,0.86
d73f5fee-d17d-5f82-b044-02919cb4a6bb,earbuds,1,high_risk_share,somewhat_formal,prior,0.95,0.36
d73f5fee-d17d-5f82-b044-02919cb4a6bb,gossip,8,low_risk_share,max_formal,posterior,0.43,0.19
d73f5fee-d17d-5f82-b044-02919cb4a6bb,gossip,8,low_risk_share,max_formal,prior,0.36,0.31
d73f5fee-d17d-5f82-b044-02919cb4a6bb,hairbrush,6,no_share,max_intimate,posterior,0.48,0.76
d73f5fee-d17d-5f82-b044-02919cb4a6bb,hairbrush,6,no_share,max_intimate,prior,0.9,0.28
d73f5fee-d17d-5f82-b044-02919cb4a6bb,harmonica,7,low_risk_share,somewhat_formal,posterior,0.55,0.21
d73f5fee-d17d-5f82-b044-02919cb4a6bb,harmonica,7,low_risk_share,somewhat_formal,prior,0.27,0.64
d73f5fee-d17d-5f82-b044-02919cb4a6bb,home,11,high_risk_share,somewhat_formal,posterior,0.57,0.94
d73f5fee-d17d-5f82-b044-02919cb4a6bb,home,11,high_risk_share,somewhat_formal,prior,0.3,0.45
d73f5fee-d17d-5f82-b044-02919cb4a6bb,locker-room,10,high_risk_share,max_intimate,posterior,0.88,0.91
d73f5fee-d17d-5f82-b044-02919cb4a6bb,locker-room,10,high_risk_share,max_intimate,prior,0.76,0.62
d73f5fee-d17d-5f82-b044-02919cb4a6bb,navigation,5,no_share,somewhat_formal,posterior,0.3,0.64
d73f5fee-d17d-5f82-b044-02919cb4a6bb,navigation,5,no_share,somewhat_formal,prior,0.59,0.29
d73f5fee-d17d-5f82-b044-02919cb4a6bb,salary,0,low_risk_share,max_intimate,posterior,0.68,0.26
d73f5fee-d17d-5f82-b044-02919cb4a6bb,salary,0,low_risk_share,max_intimate,prior,0.91,0.6
d73f5fee-d17d-5f82-b044-02919cb4a6bb,sauna,9,high_risk_share,somewhat_intimate,posterior,0.87,0.94
d73f5fee-d17d-5f82-b044-02919cb4a6bb,sauna,9,high_risk_share,somewhat_intimate,prior,0.41,0.14
d73f5fee-d17d-5f82-b044-02919cb4a6bb,sleeping-bag,4,high_risk_share,max_formal,posterior,0.92,0.91
d73f5fee-d17d-5f82-b044-02919cb4a6bb,sleeping-bag,4,high_risk_share,max_formal,prior,0.89,0.69
d73f5fee-d17d-5f82-b044-02919cb4a6bb,sunscreen,3,no_share,max_formal,posterior,0.42,0.89
d73f5fee-d17d-5f82-b044-02919cb4a6bb,sunscreen,3,no_share,max_formal,prior,0.6,0.64
d73f5fee-d17d-5f82-b044-02919cb4a6bb,towel,12,no_share,somewhat_intimate,posterior,0.6,0.94
d73f5fee-d17d-5f82-b044-02919cb4a6bb,towel,12,no_share,somewhat_intimate,prior,0.81,0.63
ea0517fc-9e64-5f4e-883b-45b1e01ded11,bed,13,high_risk_share,max_intimate,posterior,0.9,0.4
ea0517fc-9e64-5f4e-883b-45b1e01ded11,bed,13,high_risk_share,max_intimate,prior,0.82,0.33
ea0517fc-9e64-5f4e-883b-45b1e01ded11,blanket,6,low_risk_share,max_formal,posterior,0.96,0.06
ea0517fc-9e64-5f4e-883b-45b1e01ded11,blanket,6,low_risk_share,max_formal,prior,0.86,0.18
ea0517fc-9e64-5f4e-883b-45b1e01ded11,breakup,5,low_risk_share,somewhat_formal,posterior,0.79,0.16
ea0517fc-9e64-5f4e-883b-45b1e01ded11,breakup,5,low_risk_share,somewhat_formal,prior,0.7,0.59
ea0517fc-9e64-5f4e-883b-45b1e01ded11,chapstick,8,high_risk_share,somewhat_intimate,posterior,0.57,0.37
ea0517fc-9e64-5f4e-883b-45b1e01ded11,chapstick,8,high_risk_share,somewhat_intimate,prior,0.79,0.23
ea0517fc-9e64-5f4e-883b-45b1e01ded11,earbuds,2,no_share,somewhat_intimate,posterior,0.85,0.25
ea0517fc-9e64-5f4e-883b-45b1e01ded11,earbuds,2,no_share,somewhat_intimate,prior,0.95,0.62
ea0517fc-9e64-5f4e-883b-45b1e01ded11,gossip,15,low_risk_share,max_formal,posterior,0.78,0.78
ea0517fc-9e64-5f4e-883b-45b1e01ded11,gossip,15,low_risk_share,max_formal,prior,0.67,0.41
ea0517fc-9e64-5f4e-883b-45b1e01ded11,hairbrush,1,high_risk_share,somewhat_formal,posterior,0.89,0.89
ea0517fc-9e64-5f4e-883b-45b1e01ded11,hairbrush,1,high_risk_share,somewhat_formal,prior,0.88,0.8
ea0517fc-9e64-5f4e-883b-45b1e01ded11,harmonica,11,no_share,somewhat_intimate,posterior,0.48,0.37
ea0517fc-9e64-5f4e-883b-45b1e01ded11,harmonica,11,no_share,somewhat_intimate,prior,0.66,0.54
ea0517fc-9e64-5f4e-883b-45b1e01ded11,home,7,no_share,somewhat_formal,posterior,0.72,0.29
ea0517fc-9e64-5f4e-883b-45b1e01ded11,home,7,no_share,somewhat_formal,prior,0.78,0.17
ea0517fc-9e64-5f4e-883b-45b1e01ded11,locker-room,10,high_risk_share,max_formal,posterior,0.6,0.38
ea0517fc-9e64-5f4e-883b-45b1e01ded11,locker-room,10,high_risk_share,max_formal,prior,0.68,0.56
ea0517fc-9e64-5f4e-883b-45b1e01ded11,navigation,0,low_risk_share,somewhat_intimate,posterior,0.86,0.87
ea0517fc-9e64-5f4e-883b-45b1e01ded11,navigation,0,low_risk_share,somewhat_intimate,prior,0.83,0.64
ea0517fc-9e64-5f4e-883b-45b1e01ded11,salary,3,no_share,max_formal,posterior,0.57,0.71
ea0517fc-9e64-5f4e-883b-45b1e01ded11,salary,3,no_share,max_formal,prior,0.67,0.64
ea0517fc-9e64-5f4e-883b-45b1e01ded11,sauna,4,no_share,max_intimate,posterior,0.62,0.64
ea0517fc-9e64-5f4e-883b-45b1e01ded11,sauna,4,no_share,max_intimate,prior,0.71,0.42
ea0517fc-9e64-5f4e-883b-45b1e01ded11,sleeping-bag,12,low_risk_share,max_intimate,posterior,0.88,0.55
ea0517fc-9e64-5f4e-883b-45b1e01ded11,sleeping-bag,12,low_risk_share,max_intimate,prior,0.95,0.55
ea0517fc-9e64-5f4e-883b-45b1e01ded11,sunscreen,14,high_risk_share,somewhat_formal,posterior,0.61,0.41
ea0517fc-9e64-5f4e-883b-45b1e01ded11,sunscreen,14,high_risk_share,somewhat_formal,prior,0.58,0.61
ea0517fc-9e64-5f4e-883b-45b1e01ded11,towel,9,low_risk_share,max_intimate,posterior,0.91,0.1
ea0517fc-9e64-5f4e-883b-45b1e01ded11,towel,9,low_risk_share,max_intimate,prior,0.93,0.57
f9c74ca1-befc-585f-8497-c2bb39bc17dd,bed,13,high_risk_share,somewhat_intimate,posterior,0.84,0.97
f9c74ca1-befc-585f-8497-c2bb39bc17dd,bed,13,high_risk_share,somewhat_intimate,prior,0.79,0.0
f9c74ca1-befc-585f-8497-c2bb39bc17dd,blanket,3,low_risk_share,somewhat_intimate,posterior,0.87,0.06
f9c74ca1-befc-585f-8497-c2bb39bc17dd,blanket,3,low_risk_share,somewhat_intimate,prior,0.89,0.23
f9c74ca1-befc-585f-8497-c2bb39bc17dd,breakup,12,no_share,somewhat_formal,posterior,0.52,0.5
f9c74ca1-befc-585f-8497-c2bb39bc17dd,breakup,12,no_share,somewhat_formal,prior,0.76,0.19
f9c74ca1-befc-585f-8497-c2bb39bc17dd,chapstick,8,no_share,max_formal,posterior,0.92,0.49
f9c74ca1-befc-585f-8497-c2bb39bc17dd,chapstick,8,no_share,max_formal,prior,0.9,0.13
f9c74ca1-befc-585f-8497-c2bb39bc17dd,earbuds,0,low_risk_share,somewhat_formal,posterior,1.0,0.0
f9c74ca1-befc-585f-8497-c2bb39bc17dd,earbuds,0,low_risk_share,somewhat_formal,prior,0.88,0.05
f9c74ca1-befc-585f-8497-c2bb39bc17dd,gossip,2,high_risk_share,somewhat_formal,posterior,0.66,0.25
f9c74ca1-befc-585f-8497-c2bb39bc17dd,gossip,2,high_risk_share,somewhat_formal,prior,0.25,0.72
f9c74ca1-befc-585f-8497-c2bb39bc17dd,hairbrush,1,no_share,somewhat_intimate,posterior,1.0,0.27
f9c74ca1-befc-585f-8497-c2bb39bc17dd,hairbrush,1,no_share,somewhat_intimate,prior,1.0,0.07
f9c74ca1-befc-585f-8497-c2bb39bc17dd,harmonica,9,low_risk_share,somewhat_formal,posterior,0.51,0.03
f9c74ca1-befc-585f-8497-c2bb39bc17dd,harmonica,9,low_risk_share,somewhat_formal,prior,0.34,0.52
f9c74ca1-befc-585f-8497-c2bb39bc17dd,home,7,low_risk_share,max_intimate,posterior,0.79,0.45
f9c74ca1-befc-585f-8497-c2bb39bc17dd,home,7,low_risk_share,max_intimate,prior,0.25,0.52
f9c74ca1-befc-585f-8497-c2bb39bc17dd,locker-room,15,high_risk_share,max_intimate,posterior,1.0,0.93
f9c74ca1-befc-585f-8497-c2bb39bc17dd,locker-room,15,high_risk_share,max_intimate,prior,0.94,0.28
f9c74ca1-befc-585f-8497-c2bb39bc17dd,navigation,4,no_share,max_intimate,posterior,0.24,0.81
f9c74ca1-befc-585f-8497-c2bb39bc17dd,navigation,4,no_share,max_intimate,prior,0.89,0.18
f9c74ca1-befc-585f-8497-c2bb39bc17dd,salary,11,high_risk_share,max_formal,posterior,0.91,0.84
f9c74ca1-befc-585f-8497-c2bb39bc17dd,salary,11,high_risk_share,max_formal,prior,0.71,0.09
f9c74ca1-befc-585f-8497-c2bb39bc17dd,sauna,10,no_share,max_formal,posterior,0.48,1.0
f9c74ca1-befc-585f-8497-c2bb39bc17dd,sauna,10,no_share,max_formal,prior,0.71,0.08
f9c74ca1-befc-585f-8497-c2bb39bc17dd,sleeping-bag,6,low_risk_share,max_formal,posterior,1.0,0.0
f9c74ca1-befc-585f-8497-c2bb39bc17dd,sleeping-bag,6,low_risk_share,max_formal,prior,1.0,0.14
f9c74ca1-befc-585f-8497-c2bb39bc17dd,sunscreen,5,high_risk_share,somewhat_intimate,posterior,1.0,0.5
f9c74ca1-befc-585f-8497-c2bb39bc17dd,sunscreen,5,high_risk_share,somewhat_intimate,prior,1.0,0.85
f9c74ca1-befc-585f-8497-c2bb39bc17dd,towel,14,no_share,max_intimate,posterior,0.74,1.0
f9c74ca1-befc-585f-8497-c2bb39bc17dd,towel,14,no_share,max_intimate,prior,0.64,0.06
