subject_id,scenario_label,action_condition,desire,effort,stage,intimacy_rating
21b0be78-959e-52ef-a078-1cdadd40a89a,apples,low_risk_share,high,high,posterior,36
21b0be78-959e-52ef-a078-1cdadd40a89a,apples,low_risk_share,high,high,prior,85
21b0be78-959e-52ef-a078-1cdadd40a89a,basketball,low_risk_share,high,low,posterior,69
21b0be78-959e-52ef-a078-1cdadd40a89a,basketball,low_risk_share,high,low,prior,82
21b0be78-959e-52ef-a078-1cdadd40a89a,birthday,high_risk_share,low,high,posterior,98
21b0be78-959e-52ef-a078-1cdadd40a89a,birthday,high_risk_share,low,high,prior,26
21b0be78-959e-52ef-a078-1cdadd40a89a,brunch,low_risk_share,low,high,posterior,69
21b0be78-959e-52ef-a078-1cdadd40a89a,brunch,low_risk_share,low,high,prior,79
21b0be78-959e-52ef-a078-1cdadd40a89a,cooking,low_risk_share,high,low,posterior,82
21b0be78-959e-52ef-a078-1cdadd40a89a,cooking,low_risk_share,high,low,prior,86
21b0be78-959e-52ef-a078-1cdadd40a89a,dip,high_risk_share,low,low,posterior,100
21b0be78-959e-52ef-a078-1cdadd40a89a,dip,high_risk_share,low,low,prior,65
21b0be78-959e-52ef-a078-1cdadd40a89a,drinks,low_risk_share,high,high,posterior,66
21b0be78-959e-52ef-a078-1cdadd40a89a,drinks,low_risk_share,high,high,prior,47
21b0be78-959e-52ef-a078-1cdadd40a89a,driving,high_risk_share,high,high,posterior,92
21b0be78-959e-52ef-a078-1cdadd40a89a,driving,high_risk_share,high,high,prior,49
21b0be78-959e-52ef-a078-1cdadd40a89a,fair,no_share,low,high,posterior,34
21b0be78-959e-52ef-a078-1cdadd40a89a,fair,no_share,low,high,prior,85
21b0be78-959e-52ef-a078-1cdadd40a89a,gala,low_risk_share,low,high,posterior,24
21b0be78-959e-52ef-a078-1cdadd40a89a,gala,low_risk_share,low,high,prior,80
21b0be78-959e-52ef-a078-1cdadd40a89a,hike,no_share,high,low,posterior,50
21b0be78-959e-52ef-a078-1cdadd40a89a,hike,no_share,high,low,prior,91
21b0be78-959e-52ef-a078-1cdadd40a89a,oysters,low_risk_share,low,low,posterior,91
21b0be78-959e-52ef-a078-1cdadd40a89a,oysters,low_risk_share,low,low,prior,47
21b0be78-959e-52ef-a078-1cdadd40a89a,social,high_risk_share,high,low,posterior,100
21b0be78-959e-52ef-a078-1cdadd40a89a,social,high_risk_share,high,low,prior,39
21b0be78-959e-52ef-a078-1cdadd40a89a,soup,high_risk_share,high,high,posterior,100
21b0be78-959e-52ef-a078-1cdadd40a89a,soup,high_risk_share,high,high,prior,66
21b0be78-959e-52ef-a078-1cdadd40a89a,takeout,no_share,high,high,posterior,18
21b0be78-959e-52ef-a078-1cdadd40a89a,takeout,no_share,high,high,prior,21
21b0be78-959e-52ef-a078-1cdadd40a89a,wedding,no_share,low,low,posterior,24
21b0be78-959e-52ef-a078-1cdadd40a89a,wedding,no_share,low,low,prior,22
2a35bd0d-d08c-5dae-838a-8772b0d76c4c,apples,no_share,high,low,posterior,32
2a35bd0d-d08c-5dae-838a-8772b0d76c4c,apples,no_share,high,low,prior,47
2a35bd0d-d08c-5dae-838a-8772b0d76c4c,basketball,low_risk_share,low,high,posterior,44
2a35bd0d-d08c-5dae-838a-8772b0d76c4c,basketball,low_risk_share,low,high,prior,54
2a35bd0d-d08c-5dae-838a-8772b0d76c4c,birthday,low_risk_share,low,high,posterior,36
2a35bd0d-d08c-5dae-838a-8772b0d76c4c,birthday,low_risk_share,low,high,prior,54
2a35bd0d-d08c-5dae-838a-8772b0d76c4c,brunch,high_risk_share,high,high,posterior,38
2a35bd0d-d08c-5dae-838a-8772b0d76c4c,brunch,high_risk_share,high,high,prior,46
2a35bd0d-d08c-5dae-838a-8772b0d76c4c,cooking,low_risk_share,high,low,posterior,41
2a35bd0d-d08c-5dae-838a-8772b0d76c4c,cooking,low_risk_share,high,low,prior,52
2a35bd0d-d08c-5dae-838a-8772b0d76c4c,dip,no_share,low,low,posterior,35
2a35bd0d-d08c-5dae-838a-8772b0d76c4c,dip,no_share,low,low,prior,54
2a35bd0d-d08c-5dae-838a-8772b0d76c4c,drinks,no_share,low,high,posterior,34
2a35bd0d-d08c-5dae-838a-8772b0d76c4c,drinks,no_share,low,high,prior,48
2a35bd0d-d08c-5dae-838a-8772b0d76c4c,driving,high_risk_share,low,high,posterior,54
2a35bd0d-d08c-5dae-838a-8772b0d76c4c,driving,high_risk_share,low,high,prior,49
2a35bd0d-d08c-5dae-838a-8772b0d76c4c,fair,no_share,high,high,posterior,48
2a35bd0d-d08c-5dae-838a-8772b0d76c4c,fair,no_share,high,high,prior,48
2a35bd0d-d08c-5dae-838a-8772b0d76c4c,gala,no_share,low,high,posterior,17
2a35bd0d-d08c-5dae-838a-8772b0d76c4c,gala,no_share,low,high,prior,39
2a35bd0d-d08c-5dae-838a-8772b0d76c4c,hike,high_risk_share,high,low,posterior,56
2a35bd0d-d08c-5dae-838a-8772b0d76c4c,hike,high_risk_share,high,low,prior,55
2a35bd0d-d08c-5dae-838a-8772b0d76c4c,oysters,low_risk_share,high,high,posterior,70
2a35bd0d-d08c-5dae-838a-8772b0d76c4c,oysters,low_risk_share,high,high,prior,56
2a35bd0d-d08c-5dae-838a-8772b0d76c4c,social,high_risk_share,low,low,posterior,62
2a35bd0d-d08c-5dae-838a-8772b0d76c4c,social,high_risk_share,low,low,prior,51
2a35bd0d-d08c-5dae-838a-8772b0d76c4c,soup,low_risk_share,high,low,posterior,47
2a35bd0d-d08c-5dae-838a-8772b0d76c4c,soup,low_risk_share,high,low,prior,48
2a35bd0d-d08c-5dae-838a-8772b0d76c4c,takeout,high_risk_share,low,high,posterior,59
2a35bd0d-d08c-5dae-838a-8772b0d76c4c,takeout,high_risk_share,low,high,prior,52
2a35bd0d-d08c-5dae-838a-8772b0d76c4c,wedding,low_risk_share,low,low,posterior,35
2a35bd0d-d08c-5dae-838a-8772b0d76c4c,wedding,low_risk_share,low,low,prior,55
33bea100-7b23-522d-9c62-7bd873f03c07,apples,no_share,low,high,posterior,39
33bea100-7b23-522d-9c62-7bd873f03c07,apples,no_share,low,high,prior,63
33bea100-7b23-522d-9c62-7bd873f03c07,basketball,no_share,low,low,posterior,29
33bea100-7b23-522d-9c62-7bd873f03c07,basketball,no_share,low,low,prior,56
33bea100-7b23-522d-9c62-7bd873f03c07,birthday,high_risk_share,high,low,posterior,95
33bea100-7b23-522d-9c62-7bd873f03c07,birthday,high_risk_share,high,low,prior,71
33bea100-7b23-522d-9c62-7bd873f03c07,brunch,low_risk_share,high,low,posterior,57
33bea100-7b23-522d-9c62-7bd873f03c07,brunch,low_risk_share,high,low,prior,57
33bea100-7b23-522d-9c62-7bd873f03c07,cooking,low_risk_share,low,low,posterior,56
33bea100-7b23-522d-9c62-7bd873f03c07,cooking,low_risk_share,low,low,prior,57
33bea100-7b23-522d-9c62-7bd873f03c07,dip,no_share,high,low,posterior,51
33bea100-7b23-522d-9c62-7bd873f03c07,dip,no_share,high,low,prior,55
33bea100-7b23-522d-9c62-7bd873f03c07,drinks,high_risk_share,low,low,posterior,89
33bea100-7b23-522d-9c62-7bd873f03c07,drinks,high_risk_share,low,low,prior,45
33bea100-7b23-522d-9c62-7bd873f03c07,driving,high_risk_share,low,high,posterior,83
33bea100-7b23-522d-9c62-7bd873f03c07,driving,high_risk_share,low,high,prior,40
33bea100-7b23-522d-9c62-7bd873f03c07,fair,low_risk_share,high,high,posterior,45
33bea100-7b23-522d-9c62-7bd873f03c07,fair,low_risk_share,high,high,prior,63
33bea100-7b23-522d-9c62-7bd873f03c07,gala,low_risk_share,high,low,posterior,56
33bea100-7b23-522d-9c62-7bd873f03c07,gala,low_risk_share,high,low,prior,48
33bea100-7b23-522d-9c62-7bd873f03c07,hike,no_share,high,high,posterior,10
33bea100-7b23-522d-9c62-7bd873f03c07,hike,no_share,high,high,prior,34
33bea100-7b23-522d-9c62-7bd873f03c07,oysters,low_risk_share,low,high,posterior,43
33bea100-7b23-522d-9c62-7bd873f03c07,oysters,low_risk_share,low,high,prior,57
33bea100-7b23-522d-9c62-7bd873f03c07,social,high_risk_share,low,high,posterior,96
33bea100-7b23-522d-9c62-7bd873f03c07,social,high_risk_share,low,high,prior,47
33bea100-7b23-522d-9c62-7bd873f03c07,soup,no_share,high,low,posterior,36
33bea100-7b23-522d-9c62-7bd873f03c07,soup,no_share,high,low,prior,54
33bea100-7b23-522d-9c62-7bd873f03c07,takeout,no_share,low,high,posterior,61
33bea100-7b23-522d-9c62-7bd873f03c07,takeout,no_share,low,high,prior,53
33bea100-7b23-522d-9c62-7bd873f03c07,wedding,high_risk_share,high,high,posterior,78
33bea100-7b23-522d-9c62-7bd873f03c07,wedding,high_risk_share,high,high,prior,67
3d018e0f-f0bd-510f-be9e-b9731fecb026,apples,high_risk_share,high,high,posterior,90
3d018e0f-f0bd-510f-be9e-b9731fecb026,apples,high_risk_share,high,high,prior,74
3d018e0f-f0bd-510f-be9e-b9731fecb026,basketball,no_share,low,low,posterior,59
3d018e0f-f0bd-510f-be9e-b9731fecb026,basketball,no_share,low,low,prior,78
3d018e0f-f0bd-510f-be9e-b9731fecb026,birthday,high_risk_share,low,low,posterior,100
3d018e0f-f0bd-510f-be9e-b9731fecb026,birthday,high_risk_share,low,low,prior,54
3d018e0f-f0bd-510f-be9e-b9731fecb026,brunch,high_risk_share,low,low,posterior,30
3d018e0f-f0bd-510f-be9e-b9731fecb026,brunch,high_risk_share,low,low,prior,72
3d018e0f-f0bd-510f-be9e-b9731fecb026,cooking,no_share,high,high,posterior,80
3d018e0f-f0bd-510f-be9e-b9731fecb026,cooking,no_share,high,high,prior,67
3d018e0f-f0bd-510f-be9e-b9731fecb026,dip,high_risk_share,high,low,posterior,100
3d018e0f-f0bd-510f-be9e-b9731fecb026,dip,high_risk_share,high,low,prior,50
3d018e0f-f0bd-510f-be9e-b9731fecb026,drinks,no_share,low,low,posterior,96
3d018e0f-f0bd-510f-be9e-b9731fecb026,drinks,no_share,low,low,prior,97
3d018e0f-f0bd-510f-be9e-b9731fecb026,driving,low_risk_share,high,high,posterior,31
3d018e0f-f0bd-510f-be9e-b9731fecb026,driving,low_risk_share,high,high,prior,76
3d018e0f-f0bd-510f-be9e-b9731fecb026,fair,low_risk_share,low,high,posterior,49
3d018e0f-f0bd-510f-be9e-b9731fecb026,fair,low_risk_share,low,high,prior,50
3d018e0f-f0bd-510f-be9e-b9731fecb026,gala,no_share,low,high,posterior,64
3d018e0f-f0bd-510f-be9e-b9731fecb026,gala,no_share,low,high,prior,57
3d018e0f-f0bd-510f-be9e-b9731fecb026,hike,low_risk_share,low,low,posterior,31
3d018e0f-f0bd-510f-be9e-b9731fecb026,hike,low_risk_share,low,low,prior,29
3d018e0f-f0bd-510f-be9e-b9731fecb026,oysters,low_risk_share,high,low,posterior,51
3d018e0f-f0bd-510f-be9e-b9731fecb026,oysters,low_risk_share,high,low,prior,39
3d018e0f-f0bd-510f-be9e-b9731fecb026,social,high_risk_share,low,high,posterior,74
3d018e0f-f0bd-510f-be9e-b9731fecb026,social,high_risk_share,low,high,prior,56
3d018e0f-f0bd-510f-be9e-b9731fecb026,soup,high_risk_share,high,low,posterior,95
3d018e0f-f0bd-510f-be9e-b9731fecb026,soup,high_risk_share,high,low,prior,70
3d018e0f-f0bd-510f-be9e-b9731fecb026,takeout,no_share,high,low,posterior,100
3d018e0f-f0bd-510f-be9e-b9731fecb026,takeout,no_share,high,low,prior,73
3d018e0f-f0bd-510f-be9e-b9731fecb026,wedding,low_risk_share,low,low,posterior,100
3d018e0f-f0bd-510f-be9e-b9731fecb026,wedding,low_risk_share,low,low,prior,30
410a27e5-6686-5eb9-91b0-7f4e466a5f4b,apples,no_share,high,low,posterior,63
410a27e5-6686-5eb9-91b0-7f4e466a5f4b,apples,no_share,high,low,prior,59
410a27e5-6686-5eb9-91b0-7f4e466a5f4b,basketball,high_risk_share,high,low,posterior,100
410a27e5-6686-5eb9-91b0-7f4e466a5f4b,basketball,high_risk_share,high,low,prior,62
410a27e5-6686-5eb9-91b0-7f4e466a5f4b,birthday,no_share,low,low,posterior,49
410a27e5-6686-5eb9-91b0-7f4e466a5f4b,birthday,no_share,low,low,prior,80
410a27e5-6686-5eb9-91b0-7f4e466a5f4b,brunch,high_risk_share,low,high,posterior,100
410a27e5-6686-5eb9-91b0-7f4e466a5f4b,brunch,high_risk_share,low,high,prior,65
410a27e5-6686-5eb9-91b0-7f4e466a5f4b,cooking,high_risk_share,low,low,posterior,100
410a27e5-6686-5eb9-91b0-7f4e466a5f4b,cooking,high_risk_share,low,low,prior,51
410a27e5-6686-5eb9-91b0-7f4e466a5f4b,dip,low_risk_share,low,high,posterior,61
410a27e5-6686-5eb9-91b0-7f4e466a5f4b,dip,low_risk_share,low,high,prior,59
410a27e5-6686-5eb9-91b0-7f4e466a5f4b,drinks,no_share,low,high,posterior,50
410a27e5-6686-5eb9-91b0-7f4e466a5f4b,drinks,no_share,low,high,prior,50
410a27e5-6686-5eb9-91b0-7f4e466a5f4b,driving,high_risk_share,high,high,posterior,100
410a27e5-6686-5eb9-91b0-7f4e466a5f4b,driving,high_risk_share,high,high,prior,62
410a27e5-6686-5eb9-91b0-7f4e466a5f4b,fair,high_risk_share,low,low,posterior,100
410a27e5-6686-5eb9-91b0-7f4e466a5f4b,fair,high_risk_share,low,low,prior,72
410a27e5-6686-5eb9-91b0-7f4e466a5f4b,gala,no_share,high,high,posterior,27
410a27e5-6686-5eb9-91b0-7f4e466a5f4b,gala,no_share,high,high,prior,65
410a27e5-6686-5eb9-91b0-7f4e466a5f4b,hike,low_risk_share,high,high,posterior,96
410a27e5-6686-5eb9-91b0-7f4e466a5f4b,hike,low_risk_share,high,high,prior,60
410a27e5-6686-5eb9-91b0-7f4e466a5f4b,oysters,high_risk_share,high,high,posterior,100
410a27e5-6686-5eb9-91b0-7f4e466a5f4b,oysters,high_risk_share,high,high,prior,74
410a27e5-6686-5eb9-91b0-7f4e466a5f4b,social,no_share,high,high,posterior,27
410a27e5-6686-5eb9-91b0-7f4e466a5f4b,social,no_share,high,high,prior,27
410a27e5-6686-5eb9-91b0-7f4e466a5f4b,soup,low_risk_share,high,low,posterior,31
410a27e5-6686-5eb9-91b0-7f4e466a5f4b,soup,low_risk_share,high,low,prior,77
410a27e5-6686-5eb9-91b0-7f4e466a5f4b,takeout,low_risk_share,high,high,posterior,50
410a27e5-6686-5eb9-91b0-7f4e466a5f4b,takeout,low_risk_share,high,high,prior,20
410a27e5-6686-5eb9-91b0-7f4e466a5f4b,wedding,low_risk_share,low,low,posterior,66
410a27e5-6686-5eb9-91b0-7f4e466a5f4b,wedding,low_risk_share,low,low,prior,60
5afbfa40-eb74-5b72-bfde-bb9ce3560f28,apples,low_risk_share,high,low,posterior,0
5afbfa40-eb74-5b72-bfde-bb9ce3560f28,apples,low_risk_share,high,low,prior,71
5afbfa40-eb74-5b72-bfde-bb9ce3560f28,basketball,low_risk_share,low,low,posterior,15
5afbfa40-eb74-5b72-bfde-bb9ce3560f28,basketball,low_risk_share,low,low,prior,72
5afbfa40-eb74-5b72-bfde-bb9ce3560f28,birthday,high_risk_share,low,high,posterior,99
5afbfa40-eb74-5b72-bfde-bb9ce3560f28,birthday,high_risk_share,low,high,prior,73
5afbfa40-eb74-5b72-bfde-bb9ce3560f28,brunch,low_risk_share,low,high,posterior,0
5afbfa40-eb74-5b72-bfde-bb9ce3560f28,brunch,low_risk_share,low,high,prior,11
5afbfa40-eb74-5b72-bfde-bb9ce3560f28,cooking,low_risk_share,low,high,posterior,0
5afbfa40-eb74-5b72-bfde-bb9ce3560f28,cooking,low_risk_share,low,high,prior,30
5afbfa40-eb74-5b72-bfde-bb9ce3560f28,dip,high_risk_share,low,high,posterior,79
5afbfa40-eb74-5b72-bfde-bb9ce3560f28,dip,high_risk_share,low,high,prior,14
5afbfa40-eb74-5b72-bfde-bb9ce3560f28,drinks,low_risk_share,high,high,posterior,11
5afbfa40-eb74-5b72-bfde-bb9ce3560f28,drinks,low_risk_share,high,high,prior,34
5afbfa40-eb74-5b72-bfde-bb9ce3560f28,driving,no_share,low,low,posterior,29
5afbfa40-eb74-5b72-bfde-bb9ce3560f28,driving,no_share,low,low,prior,23
5afbfa40-eb74-5b72-bfde-bb9ce3560f28,fair,no_share,low,high,posterior,0
5afbfa40-eb74-5b72-bfde-bb9ce3560f28,fair,no_share,low,high,prior,1
5afbfa40-eb74-5b72-bfde-bb9ce3560f28,gala,no_share,high,low,posterior,23
5afbfa40-eb74-5b72-bfde-bb9ce3560f28,gala,no_share,high,low,prior,70
5afbfa40-eb74-5b72-bfde-bb9ce3560f28,hike,no_share,low,high,posterior,48
5afbfa40-eb74-5b72-bfde-bb9ce3560f28,hike,no_share,low,high,prior,21
5afbfa40-eb74-5b72-bfde-bb9ce3560f28,oysters,low_risk_share,high,low,posterior,11
5afbfa40-eb74-5b72-bfde-bb9ce3560f28,oysters,low_risk_share,high,low,prior,15
5afbfa40-eb74-5b72-bfde-bb9ce3560f28,social,no_share,high,high,posterior,0
5afbfa40-eb74-5b72-bfde-bb9ce3560f28,social,no_share,high,high,prior,8
5afbfa40-eb74-5b72-bfde-bb9ce3560f28,soup,high_risk_share,high,high,posterior,90
5afbfa40-eb74-5b72-bfde-bb9ce3560f28,soup,high_risk_share,high,high,prior,31
5afbfa40-eb74-5b72-bfde-bb9ce3560f28,takeout,high_risk_share,low,low,posterior,85
5afbfa40-eb74-5b72-bfde-bb9ce3560f28,takeout,high_risk_share,low,low,prior,25
5afbfa40-eb74-5b72-bfde-bb9ce3560f28,wedding,high_risk_share,high,low,posterior,89
5afbfa40-eb74-5b72-bfde-bb9ce3560f28,wedding,high_risk_share,high,low,prior,3
77c2f3d7-c4b4-5800-ad27-affd710c5dba,apples,high_risk_share,low,low,posterior,100
77c2f3d7-c4b4-5800-ad27-affd710c5dba,apples,high_risk_share,low,low,prior,67
77c2f3d7-c4b4-5800-ad27-affd710c5dba,basketball,high_risk_share,low,high,posterior,100
77c2f3d7-c4b4-5800-ad27-affd710c5dba,basketball,high_risk_share,low,high,prior,50
77c2f3d7-c4b4-5800-ad27-affd710c5dba,birthday,high_risk_share,low,high,posterior,100
77c2f3d7-c4b4-5800-ad27-affd710c5dba,birthday,high_risk_share,low,high,prior,50
77c2f3d7-c4b4-5800-ad27-affd710c5dba,brunch,low_risk_share,low,high,posterior,64
77c2f3d7-c4b4-5800-ad27-affd710c5dba,brunch,low_risk_share,low,high,prior,62
77c2f3d7-c4b4-5800-ad27-affd710c5dba,cooking,no_share,high,low,posterior,84
77c2f3d7-c4b4-5800-ad27-affd710c5dba,cooking,no_share,high,low,prior,83
77c2f3d7-c4b4-5800-ad27-affd710c5dba,dip,no_share,low,high,posterior,62
77c2f3d7-c4b4-5800-ad27-affd710c5dba,dip,no_share,low,high,prior,64
77c2f3d7-c4b4-5800-ad27-affd710c5dba,drinks,high_risk_share,high,low,posterior,100
77c2f3d7-c4b4-5800-ad27-affd710c5dba,drinks,high_risk_share,high,low,prior,58
77c2f3d7-c4b4-5800-ad27-affd710c5dba,driving,low_risk_share,high,high,posterior,74
77c2f3d7-c4b4-5800-ad27-affd710c5dba,driving,low_risk_share,high,high,prior,76
77c2f3d7-c4b4-5800-ad27-affd710c5dba,fair,low_risk_share,high,low,posterior,75
77c2f3d7-c4b4-5800-ad27-affd710c5dba,fair,low_risk_share,high,low,prior,70
77c2f3d7-c4b4-5800-ad27-affd710c5dba,gala,high_risk_share,high,high,posterior,100
77c2f3d7-c4b4-5800-ad27-affd710c5dba,gala,high_risk_share,high,high,prior,71
77c2f3d7-c4b4-5800-ad27-affd710c5dba,hike,low_risk_share,high,low,posterior,73
77c2f3d7-c4b4-5800-ad27-affd710c5dba,hike,low_risk_share,high,low,prior,64
77c2f3d7-c4b4-5800-ad27-affd710c5dba,oysters,no_share,low,high,posterior,33
77c2f3d7-c4b4-5800-ad27-affd710c5dba,oysters,no_share,low,high,prior,39
77c2f3d7-c4b4-5800-ad27-affd710c5dba,social,no_share,high,low,posterior,70
77c2f3d7-c4b4-5800-ad27-affd710c5dba,social,no_share,high,low,prior,61
77c2f3d7-c4b4-5800-ad27-affd710c5dba,soup,no_share,high,high,posterior,35
77c2f3d7-c4b4-5800-ad27-affd710c5dba,soup,no_share,high,high,prior,89
77c2f3d7-c4b4-5800-ad27-affd710c5dba,takeout,no_share,low,low,posterior,39
77c2f3d7-c4b4-5800-ad27-affd710c5dba,takeout,no_share,low,low,prior,43
77c2f3d7-c4b4-5800-ad27-affd710c5dba,wedding,low_risk_share,low,low,posterior,71
77c2f3d7-c4b4-5800-ad27-affd710c5dba,wedding,low_risk_share,low,low,prior,50
869ad54b-3b7e-594c-9cb3-24e4aeed6a6b,apples,no_share,high,low,posterior,60
869ad54b-3b7e-594c-9cb3-24e4aeed6a6b,apples,no_share,high,low,prior,65
869ad54b-3b7e-594c-9cb3-24e4aeed6a6b,basketball,no_share,high,low,posterior,38
869ad54b-3b7e-594c-9cb3-24e4aeed6a6b,basketball,no_share,high,low,prior,41
869ad54b-3b7e-594c-9cb3-24e4aeed6a6b,birthday,high_risk_share,high,high,posterior,87
869ad54b-3b7e-594c-9cb3-24e4aeed6a6b,birthday,high_risk_share,high,high,prior,71
869ad54b-3b7e-594c-9cb3-24e4aeed6a6b,brunch,low_risk_share,low,low,posterior,21
869ad54b-3b7e-594c-9cb3-24e4aeed6a6b,brunch,low_risk_share,low,low,prior,38
869ad54b-3b7e-594c-9cb3-24e4aeed6a6b,cooking,high_risk_share,high,low,posterior,85
869ad54b-3b7e-594c-9cb3-24e4aeed6a6b,cooking,high_risk_share,high,low,prior,68
869ad54b-3b7e-594c-9cb3-24e4aeed6a6b,dip,no_share,low,high,posterior,56
869ad54b-3b7e-594c-9cb3-24e4aeed6a6b,dip,no_share,low,high,prior,57
869ad54b-3b7e-594c-9cb3-24e4aeed6a6b,drinks,no_share,low,low,posterior,67
869ad54b-3b7e-594c-9cb3-24e4aeed6a6b,drinks,no_share,low,low,prior,72
869ad54b-3b7e-594c-9cb3-24e4aeed6a6b,driving,no_share,high,high,posterior,13
869ad54b-3b7e-594c-9cb3-24e4aeed6a6b,driving,no_share,high,high,prior,67
869ad54b-3b7e-594c-9cb3-24e4aeed6a6b,fair,low_risk_share,high,low,posterior,43
869ad54b-3b7e-594c-9cb3-24e4aeed6a6b,fair,low_risk_share,high,low,prior,75
869ad54b-3b7e-594c-9cb3-24e4aeed6a6b,gala,low_risk_share,low,low,posterior,86
869ad54b-3b7e-594c-9cb3-24e4aeed6a6b,gala,low_risk_share,low,low,prior,37
869ad54b-3b7e-594c-9cb3-24e4aeed6a6b,hike,low_risk_share,low,high,posterior,64
869ad54b-3b7e-594c-9cb3-24e4aeed6a6b,hike,low_risk_share,low,high,prior,68
869ad54b-3b7e-594c-9cb3-24e4aeed6a6b,oysters,high_risk_share,low,high,posterior,100
869ad54b-3b7e-594c-9cb3-24e4aeed6a6b,oysters,high_risk_share,low,high,prior,57
869ad54b-3b7e-594c-9cb3-24e4aeed6a6b,social,high_risk_share,low,low,posterior,100
869ad54b-3b7e-594c-9cb3-24e4aeed6a6b,social,high_risk_share,low,low,prior,25
869ad54b-3b7e-594c-9cb3-24e4aeed6a6b,soup,no_share,low,low,posterior,18
869ad54b-3b7e-594c-9cb3-24e4aeed6a6b,soup,no_share,low,low,prior,44
869ad54b-3b7e-594c-9cb3-24e4aeed6a6b,takeout,high_risk_share,high,low,posterior,88
869ad54b-3b7e-594c-9cb3-24e4aeed6a6b,takeout,high_risk_share,high,low,prior,61
869ad54b-3b7e-594c-9cb3-24e4aeed6a6b,wedding,low_risk_share,high,high,posterior,39
869ad54b-3b7e-594c-9cb3-24e4aeed6a6b,wedding,low_risk_share,high,high,prior,69
8af0d6f9-cb7b-5ac8-aa1c-910490dc2d80,apples,low_risk_share,low,high,posterior,54
8af0d6f9-cb7b-5ac8-aa1c-910490dc2d80,apples,low_risk_share,low,high,prior,63
8af0d6f9-cb7b-5ac8-aa1c-910490dc2d80,basketball,no_share,low,high,posterior,53
8af0d6f9-cb7b-5ac8-aa1c-910490dc2d80,basketball,no_share,low,high,prior,54
8af0d6f9-cb7b-5ac8-aa1c-910490dc2d80,birthday,high_risk_share,low,high,posterior,100
8af0d6f9-cb7b-5ac8-aa1c-910490dc2d80,birthday,high_risk_share,low,high,prior,83
8af0d6f9-cb7b-5ac8-aa1c-910490dc2d80,brunch,high_risk_share,low,low,posterior,72
8af0d6f9-cb7b-5ac8-aa1c-910490dc2d80,brunch,high_risk_share,low,low,prior,74
8af0d6f9-cb7b-5ac8-aa1c-910490dc2d80,cooking,no_share,low,high,posterior,64
8af0d6f9-cb7b-5ac8-aa1c-910490dc2d80,cooking,no_share,low,high,prior,84
8af0d6f9-cb7b-5ac8-aa1c-910490dc2d80,dip,low_risk_share,low,high,posterior,65
8af0d6f9-cb7b-5ac8-aa1c-910490dc2d80,dip,low_risk_share,low,high,prior,82
8af0d6f9-cb7b-5ac8-aa1c-910490dc2d80,drinks,no_share,low,low,posterior,51
8af0d6f9-cb7b-5ac8-aa1c-910490dc2d80,drinks,no_share,low,low,prior,51
8af0d6f9-cb7b-5ac8-aa1c-910490dc2d80,driving,high_risk_share,high,low,posterior,100
8af0d6f9-cb7b-5ac8-aa1c-910490dc2d80,driving,high_risk_share,high,low,prior,84
8af0d6f9-cb7b-5ac8-aa1c-910490dc2d80,fair,low_risk_share,high,high,posterior,65
8af0d6f9-cb7b-5ac8-aa1c-910490dc2d80,fair,low_risk_share,high,high,prior,86
8af0d6f9-cb7b-5ac8-aa1c-910490dc2d80,gala,low_risk_share,high,high,posterior,58
8af0d6f9-cb7b-5ac8-aa1c-910490dc2d80,gala,low_risk_share,high,high,prior,67
8af0d6f9-cb7b-5ac8-aa1c-910490dc2d80,hike,low_risk_share,high,low,posterior,100
8af0d6f9-cb7b-5ac8-aa1c-910490dc2d80,hike,low_risk_share,high,low,prior,90
8af0d6f9-cb7b-5ac8-aa1c-910490dc2d80,oysters,high_risk_share,high,high,posterior,100
8af0d6f9-cb7b-5ac8-aa1c-910490dc2d80,oysters,high_risk_share,high,high,prior,87
8af0d6f9-cb7b-5ac8-aa1c-910490dc2d80,social,low_risk_share,high,low,posterior,67
8af0d6f9-cb7b-5ac8-aa1c-910490dc2d80,social,low_risk_share,high,low,prior,67
8af0d6f9-cb7b-5ac8-aa1c-910490dc2d80,soup,no_share,high,low,posterior,68
8af0d6f9-cb7b-5ac8-aa1c-910490dc2d80,soup,no_share,high,low,prior,84
8af0d6f9-cb7b-5ac8-aa1c-910490dc2d80,takeout,low_risk_share,low,low,posterior,65
8af0d6f9-cb7b-5ac8-aa1c-910490dc2d80,takeout,low_risk_share,low,low,prior,87
8af0d6f9-cb7b-5ac8-aa1c-910490dc2d80,wedding,no_share,high,high,posterior,48
8af0d6f9-cb7b-5ac8-aa1c-910490dc2d80,wedding,no_share,high,high,prior,51
91d6058d-8af1-5e4a-a306-9bbfa004a27c,apples,high_risk_share,high,high,posterior,92
91d6058d-8af1-5e4a-a306-9bbfa004a27c,apples,high_risk_share,high,high,prior,69
91d6058d-8af1-5e4a-a306-9bbfa004a27c,basketball,high_risk_share,high,low,posterior,84
91d6058d-8af1-5e4a-a306-9bbfa004a27c,basketball,high_risk_share,high,low,prior,67
91d6058d-8af1-5e4a-a306-9bbfa004a27c,birthday,low_risk_share,low,high,posterior,5
91d6058d-8af1-5e4a-a306-9bbfa004a27c,birthday,low_risk_share,low,high,prior,31
91d6058d-8af1-5e4a-a306-9bbfa004a27c,brunch,no_share,high,high,posterior,49
91d6058d-8af1-5e4a-a306-9bbfa004a27c,brunch,no_share,high,high,prior,50
91d6058d-8af1-5e4a-a306-9bbfa004a27c,cooking,low_risk_share,low,low,posterior,51
91d6058d-8af1-5e4a-a306-9bbfa004a27c,cooking,low_risk_share,low,low,prior,50
91d6058d-8af1-5e4a-a306-9bbfa004a27c,dip,high_risk_share,low,high,posterior,95
91d6058d-8af1-5e4a-a306-9bbfa004a27c,dip,high_risk_share,low,high,prior,84
91d6058d-8af1-5e4a-a306-9bbfa004a27c,drinks,no_share,low,low,posterior,50
91d6058d-8af1-5e4a-a306-9bbfa004a27c,drinks,no_share,low,low,prior,77
91d6058d-8af1-5e4a-a306-9bbfa004a27c,driving,high_risk_share,low,low,posterior,88
91d6058d-8af1-5e4a-a306-9bbfa004a27c,driving,high_risk_share,low,low,prior,73
91d6058d-8af1-5e4a-a306-9bbfa004a27c,fair,high_risk_share,high,low,posterior,82
91d6058d-8af1-5e4a-a306-9bbfa004a27c,fair,high_risk_share,high,low,prior,51
91d6058d-8af1-5e4a-a306-9bbfa004a27c,gala,no_share,high,high,posterior,7
91d6058d-8af1-5e4a-a306-9bbfa004a27c,gala,no_share,high,high,prior,68
91d6058d-8af1-5e4a-a306-9bbfa004a27c,hike,no_share,high,low,posterior,29
91d6058d-8af1-5e4a-a306-9bbfa004a27c,hike,no_share,high,low,prior,27
91d6058d-8af1-5e4a-a306-9bbfa004a27c,oysters,no_share,low,high,posterior,25
91d6058d-8af1-5e4a-a306-9bbfa004a27c,oysters,no_share,low,high,prior,81
91d6058d-8af1-5e4a-a306-9bbfa004a27c,social,low_risk_share,high,high,posterior,19
91d6058d-8af1-5e4a-a306-9bbfa004a27c,social,low_risk_share,high,high,prior,30
91d6058d-8af1-5e4a-a306-9bbfa004a27c,soup,low_risk_share,low,low,posterior,46
91d6058d-8af1-5e4a-a306-9bbfa004a27c,soup,low_risk_share,low,low,prior,50
91d6058d-8af1-5e4a-a306-9bbfa004a27c,takeout,low_risk_share,high,low,posterior,29
91d6058d-8af1-5e4a-a306-9bbfa004a27c,takeout,low_risk_share,high,low,prior,23
91d6058d-8af1-5e4a-a306-9bbfa004a27c,wedding,high_risk_share,low,low,posterior,87
91d6058d-8af1-5e4a-a306-9bbfa004a27c,wedding,high_risk_share,low,low,prior,85
a8e1cdbb-a89a-59f6-be81-1940691230db,apples,no_share,high,low,posterior,39
a8e1cdbb-a89a-59f6-be81-1940691230db,apples,no_share,high,low,prior,51
a8e1cdbb-a89a-59f6-be81-1940691230db,basketball,high_risk_share,low,low,posterior,100
a8e1cdbb-a89a-59f6-be81-1940691230db,basketball,high_risk_share,low,low,prior,61
a8e1cdbb-a89a-59f6-be81-1940691230db,birthday,no_share,low,low,posterior,29
a8e1cdbb-a89a-59f6-be81-1940691230db,birthday,no_share,low,low,prior,64
a8e1cdbb-a89a-59f6-be81-1940691230db,brunch,no_share,high,high,posterior,28
a8e1cdbb-a89a-59f6-be81-1940691230db,brunch,no_share,high,high,prior,60
a8e1cdbb-a89a-59f6-be81-1940691230db,cooking,high_risk_share,high,high,posterior,100
a8e1cdbb-a89a-59f6-be81-1940691230db,cooking,high_risk_share,high,high,prior,65
a8e1cdbb-a89a-59f6-be81-1940691230db,dip,high_risk_share,high,high,posterior,100
a8e1cdbb-a89a-59f6-be81-1940691230db,dip,high_risk_share,high,high,prior,77
a8e1cdbb-a89a-59f6-be81-1940691230db,drinks,low_risk_share,high,high,posterior,33
a8e1cdbb-a89a-59f6-be81-1940691230db,drinks,low_risk_share,high,high,prior,41
a8e1cdbb-a89a-59f6-be81-1940691230db,driving,low_risk_share,high,low,posterior,36
a8e1cdbb-a89a-59f6-be81-1940691230db,driving,low_risk_share,high,low,prior,53
a8e1cdbb-a89a-59f6-be81-1940691230db,fair,low_risk_share,low,low,posterior,82
a8e1cdbb-a89a-59f6-be81-1940691230db,fair,low_risk_share,low,low,prior,73
a8e1cdbb-a89a-59f6-be81-1940691230db,gala,high_risk_share,high,low,posterior,98
a8e1cdbb-a89a-59f6-be81-1940691230db,gala,high_risk_share,high,low,prior,57
a8e1cdbb-a89a-59f6-be81-1940691230db,hike,high_risk_share,low,high,posterior,100
a8e1cdbb-a89a-59f6-be81-1940691230db,hike,high_risk_share,low,high,prior,56
a8e1cdbb-a89a-59f6-be81-1940691230db,oysters,no_share,low,high,posterior,60
a8e1cdbb-a89a-59f6-be81-1940691230db,oysters,no_share,low,high,prior,61
a8e1cdbb-a89a-59f6-be81-1940691230db,social,high_risk_share,low,low,posterior,100
a8e1cdbb-a89a-59f6-be81-1940691230db,social,high_risk_share,low,low,prior,60
a8e1cdbb-a89a-59f6-be81-1940691230db,soup,no_share,high,high,posterior,43
a8e1cdbb-a89a-59f6-be81-1940691230db,soup,no_share,high,high,prior,59
a8e1cdbb-a89a-59f6-be81-1940691230db,takeout,low_risk_share,low,high,posterior,31
a8e1cdbb-a89a-59f6-be81-1940691230db,takeout,low_risk_share,low,high,prior,34
a8e1cdbb-a89a-59f6-be81-1940691230db,wedding,high_risk_share,high,low,posterior,97
a8e1cdbb-a89a-59f6-be81-1940691230db,wedding,high_risk_share,high,low,prior,50
b243bcbd-8db7-5648-85aa-166ab8c2cd60,apples,low_risk_share,high,low,posterior,58
b243bcbd-8db7-5648-85aa-166ab8c2cd60,apples,low_risk_share,high,low,prior,61
b243bcbd-8db7-5648-85aa-166ab8c2cd60,basketball,low_risk_share,low,high,posterior,62
b243bcbd-8db7-5648-85aa-166ab8c2cd60,basketball,low_risk_share,low,high,prior,60
b243bcbd-8db7-5648-85aa-166ab8c2cd60,birthday,low_risk_share,low,high,posterior,61
b243bcbd-8db7-5648-85aa-166ab8c2cd60,birthday,low_risk_share,low,high,prior,63
b243bcbd-8db7-5648-85aa-166ab8c2cd60,brunch,no_share,high,high,posterior,62
b243bcbd-8db7-5648-85aa-166ab8c2cd60,brunch,no_share,high,high,prior,67
b243bcbd-8db7-5648-85aa-166ab8c2cd60,cooking,high_risk_share,low,high,posterior,80
b243bcbd-8db7-5648-85aa-166ab8c2cd60,cooking,high_risk_share,low,high,prior,72
b243bcbd-8db7-5648-85aa-166ab8c2cd60,dip,no_share,high,high,posterior,58
b243bcbd-8db7-5648-85aa-166ab8c2cd60,dip,no_share,high,high,prior,61
b243bcbd-8db7-5648-85aa-166ab8c2cd60,drinks,high_risk_share,high,low,posterior,92
b243bcbd-8db7-5648-85aa-166ab8c2cd60,drinks,high_risk_share,high,low,prior,50
b243bcbd-8db7-5648-85aa-166ab8c2cd60,driving,high_risk_share,high,high,posterior,75
b243bcbd-8db7-5648-85aa-166ab8c2cd60,driving,high_risk_share,high,high,prior,50
b243bcbd-8db7-5648-85aa-166ab8c2cd60,fair,low_risk_share,low,low,posterior,68
b243bcbd-8db7-5648-85aa-166ab8c2cd60,fair,low_risk_share,low,low,prior,66
b243bcbd-8db7-5648-85aa-166ab8c2cd60,gala,no_share,low,low,posterior,36
b243bcbd-8db7-5648-85aa-166ab8c2cd60,gala,no_share,low,low,prior,63
b243bcbd-8db7-5648-85aa-166ab8c2cd60,hike,high_risk_share,high,high,posterior,74
b243bcbd-8db7-5648-85aa-166ab8c2cd60,hike,high_risk_share,high,high,prior,60
b243bcbd-8db7-5648-85aa-166ab8c2cd60,oysters,low_risk_share,high,high,posterior,61
b243bcbd-8db7-5648-85aa-166ab8c2cd60,oysters,low_risk_share,high,high,prior,50
b243bcbd-8db7-5648-85aa-166ab8c2cd60,social,no_share,high,low,posterior,29
b243bcbd-8db7-5648-85aa-166ab8c2cd60,social,no_share,high,low,prior,44
b243bcbd-8db7-5648-85aa-166ab8c2cd60,soup,low_risk_share,high,high,posterior,40
b243bcbd-8db7-5648-85aa-166ab8c2cd60,soup,low_risk_share,high,high,prior,50
b243bcbd-8db7-5648-85aa-166ab8c2cd60,takeout,high_risk_share,low,low,posterior,73
b243bcbd-8db7-5648-85aa-166ab8c2cd60,takeout,high_risk_share,low,low,prior,27
b243bcbd-8db7-5648-85aa-166ab8c2cd60,wedding,no_share,low,high,posterior,50
b243bcbd-8db7-5648-85aa-166ab8c2cd60,wedding,no_share,low,high,prior,50
c3236331-05fb-5adc-b675-a41e2adb527a,apples,no_share,low,low,posterior,100
c3236331-05fb-5adc-b675-a41e2adb527a,apples,no_share,low,low,prior,100
c3236331-05fb-5adc-b675-a41e2adb527a,basketball,high_risk_share,high,low,posterior,100
c3236331-05fb-5adc-b675-a41e2adb527a,basketball,high_risk_share,high,low,prior,100
c3236331-05fb-5adc-b675-a41e2adb527a,birthday,low_risk_share,high,low,posterior,100
c3236331-05fb-5adc-b675-a41e2adb527a,birthday,low_risk_share,high,low,prior,48
c3236331-05fb-5adc-b675-a41e2adb527a,brunch,no_share,low,high,posterior,100
c3236331-05fb-5adc-b675-a41e2adb527a,brunch,no_share,low,high,prior,100
c3236331-05fb-5adc-b675-a41e2adb527a,cooking,no_share,low,low,posterior,100
c3236331-05fb-5adc-b675-a41e2adb527a,cooking,no_share,low,low,prior,100
c3236331-05fb-5adc-b675-a41e2adb527a,dip,low_risk_share,low,low,posterior,100
c3236331-05fb-5adc-b675-a41e2adb527a,dip,low_risk_share,low,low,prior,100
c3236331-05fb-5adc-b675-a41e2adb527a,drinks,high_risk_share,high,low,posterior,100
c3236331-05fb-5adc-b675-a41e2adb527a,drinks,high_risk_share,high,low,prior,50
c3236331-05fb-5adc-b675-a41e2adb527a,driving,no_share,high,high,posterior,0
c3236331-05fb-5adc-b675-a41e2adb527a,driving,no_share,high,high,prior,100
c3236331-05fb-5adc-b675-a41e2adb527a,fair,low_risk_share,high,high,posterior,100
c3236331-05fb-5adc-b675-a41e2adb527a,fair,low_risk_share,high,high,prior,100
c3236331-05fb-5adc-b675-a41e2adb527a,gala,high_risk_share,high,high,posterior,100
c3236331-05fb-5adc-b675-a41e2adb527a,gala,high_risk_share,high,high,prior,100
c3236331-05fb-5adc-b675-a41e2adb527a,hike,high_risk_share,low,low,posterior,100
c3236331-05fb-5adc-b675-a41e2adb527a,hike,high_risk_share,low,low,prior,100
c3236331-05fb-5adc-b675-a41e2adb527a,oysters,no_share,high,low,posterior,76
c3236331-05fb-5adc-b675-a41e2adb527a,oysters,no_share,high,low,prior,100
c3236331-05fb-5adc-b675-a41e2adb527a,social,high_risk_share,low,low,posterior,100
c3236331-05fb-5adc-b675-a41e2adb527a,social,high_risk_share,low,low,prior,50
c3236331-05fb-5adc-b675-a41e2adb527a,soup,low_risk_share,low,low,posterior,49
c3236331-05fb-5adc-b675-a41e2adb527a,soup,low_risk_share,low,low,prior,50
c3236331-05fb-5adc-b675-a41e2adb527a,takeout,high_risk_share,low,high,posterior,100
c3236331-05fb-5adc-b675-a41e2adb527a,takeout,high_risk_share,low,high,prior,100
c3236331-05fb-5adc-b675-a41e2adb527a,wedding,low_risk_share,low,high,posterior,100
c3236331-05fb-5adc-b675-a41e2adb527a,wedding,low_risk_share,low,high,prior,0
cda1546e-cd10-5a59-b93f-49d7507c27f5,apples,high_risk_share,high,low,posterior,85
cda1546e-cd10-5a59-b93f-49d7507c27f5,apples,high_risk_share,high,low,prior,72
cda1546e-cd10-5a59-b93f-49d7507c27f5,basketball,high_risk_share,low,high,posterior,84
cda1546e-cd10-5a59-b93f-49d7507c27f5,basketball,high_risk_share,low,high,prior,61
cda1546e-cd10-5a59-b93f-49d7507c27f5,birthday,high_risk_share,low,low,posterior,87
cda1546e-cd10-5a59-b93f-49d7507c27f5,birthday,high_risk_share,low,low,prior,68
cda1546e-cd10-5a59-b93f-49d7507c27f5,brunch,no_share,high,low,posterior,65
cda1546e-cd10-5a59-b93f-49d7507c27f5,brunch,no_share,high,low,prior,64
cda1546e-cd10-5a59-b93f-49d7507c27f5,cooking,low_risk_share,low,high,posterior,90
cda1546e-cd10-5a59-b93f-49d7507c27f5,cooking,low_risk_share,low,high,prior,89
cda1546e-cd10-5a59-b93f-49d7507c27f5,dip,low_risk_share,low,low,posterior,62
cda1546e-cd10-5a59-b93f-49d7507c27f5,dip,low_risk_share,low,low,prior,58
cda1546e-cd10-5a59-b93f-49d7507c27f5,drinks,low_risk_share,high,high,posterior,63
cda1546e-cd10-5a59-b93f-49d7507c27f5,drinks,low_risk_share,high,high,prior,63
cda1546e-cd10-5a59-b93f-49d7507c27f5,driving,high_risk_share,high,high,posterior,96
cda1546e-cd10-5a59-b93f-49d7507c27f5,driving,high_risk_share,high,high,prior,66
cda1546e-cd10-5a59-b93f-49d7507c27f5,fair,no_share,high,high,posterior,67
cda1546e-cd10-5a59-b93f-49d7507c27f5,fair,no_share,high,high,prior,70
cda1546e-cd10-5a59-b93f-49d7507c27f5,gala,no_share,low,high,posterior,40
cda1546e-cd10-5a59-b93f-49d7507c27f5,gala,no_share,low,high,prior,49
cda1546e-cd10-5a59-b93f-49d7507c27f5,hike,low_risk_share,high,high,posterior,74
cda1546e-cd10-5a59-b93f-49d7507c27f5,hike,low_risk_share,high,high,prior,72
cda1546e-cd10-5a59-b93f-49d7507c27f5,oysters,no_share,low,low,posterior,18
cda1546e-cd10-5a59-b93f-49d7507c27f5,oysters,no_share,low,low,prior,44
cda1546e-cd10-5a59-b93f-49d7507c27f5,social,low_risk_share,low,high,posterior,92
cda1546e-cd10-5a59-b93f-49d7507c27f5,social,low_risk_share,low,high,prior,50
cda1546e-cd10-5a59-b93f-49d7507c27f5,soup,no_share,low,high,posterior,40
cda1546e-cd10-5a59-b93f-49d7507c27f5,soup,no_share,low,high,prior,50
cda1546e-cd10-5a59-b93f-49d7507c27f5,takeout,low_risk_share,high,low,posterior,23
cda1546e-cd10-5a59-b93f-49d7507c27f5,takeout,low_risk_share,high,low,prior,24
cda1546e-cd10-5a59-b93f-49d7507c27f5,wedding,low_risk_share,high,low,posterior,75
cda1546e-cd10-5a59-b93f-49d7507c27f5,wedding,low_risk_share,high,low,prior,75
d41d0660-bc8b-5c4d-9e08-76cddf8a24cc,apples,no_share,high,low,posterior,41
d41d0660-bc8b-5c4d-9e08-76cddf8a24cc,apples,no_share,high,low,prior,58
d41d0660-bc8b-5c4d-9e08-76cddf8a24cc,basketball,no_share,high,high,posterior,41
d41d0660-bc8b-5c4d-9e08-76cddf8a24cc,basketball,no_share,high,high,prior,58
d41d0660-bc8b-5c4d-9e08-76cddf8a24cc,birthday,high_risk_share,high,low,posterior,88
d41d0660-bc8b-5c4d-9e08-76cddf8a24cc,birthday,high_risk_share,high,low,prior,60
d41d0660-bc8b-5c4d-9e08-76cddf8a24cc,brunch,high_risk_share,low,high,posterior,85
d41d0660-bc8b-5c4d-9e08-76cddf8a24cc,brunch,high_risk_share,low,high,prior,56
d41d0660-bc8b-5c4d-9e08-76cddf8a24cc,cooking,no_share,low,high,posterior,61
d41d0660-bc8b-5c4d-9e08-76cddf8a24cc,cooking,no_share,low,high,prior,73
d41d0660-bc8b-5c4d-9e08-76cddf8a24cc,dip,low_risk_share,high,high,posterior,42
d41d0660-bc8b-5c4d-9e08-76cddf8a24cc,dip,low_risk_share,high,high,prior,55
d41d0660-bc8b-5c4d-9e08-76cddf8a24cc,drinks,low_risk_share,low,low,posterior,59
d41d0660-bc8b-5c4d-9e08-76cddf8a24cc,drinks,low_risk_share,low,low,prior,60
d41d0660-bc8b-5c4d-9e08-76cddf8a24cc,driving,low_risk_share,low,high,posterior,59
d41d0660-bc8b-5c4d-9e08-76cddf8a24cc,driving,low_risk_share,low,high,prior,62
d41d0660-bc8b-5c4d-9e08-76cddf8a24cc,fair,no_share,high,high,posterior,25
d41d0660-bc8b-5c4d-9e08-76cddf8a24cc,fair,no_share,high,high,prior,86
d41d0660-bc8b-5c4d-9e08-76cddf8a24cc,gala,low_risk_share,low,low,posterior,62
d41d0660-bc8b-5c4d-9e08-76cddf8a24cc,gala,low_risk_share,low,low,prior,60
d41d0660-bc8b-5c4d-9e08-76cddf8a24cc,hike,high_risk_share,low,low,posterior,94
d41d0660-bc8b-5c4d-9e08-76cddf8a24cc,hike,high_risk_share,low,low,prior,57
d41d0660-bc8b-5c4d-9e08-76cddf8a24cc,oysters,high_risk_share,high,high,posterior,100
d41d0660-bc8b-5c4d-9e08-76cddf8a24cc,oysters,high_risk_share,high,high,prior,57
d41d0660-bc8b-5c4d-9e08-76cddf8a24cc,social,high_risk_share,low,low,posterior,100
d41d0660-bc8b-5c4d-9e08-76cddf8a24cc,social,high_risk_share,low,low,prior,57
d41d0660-bc8b-5c4d-9e08-76cddf8a24cc,soup,high_risk_share,high,low,posterior,100
d41d0660-bc8b-5c4d-9e08-76cddf8a24cc,soup,high_risk_share,high,low,prior,58
d41d0660-bc8b-5c4d-9e08-76cddf8a24cc,takeout,no_share,low,low,posterior,41
d41d0660-bc8b-5c4d-9e08-76cddf8a24cc,takeout,no_share,low,low,prior,57
d41d0660-bc8b-5c4d-9e08-76cddf8a24cc,wedding,low_risk_share,high,low,posterior,59
d41d0660-bc8b-5c4d-9e08-76cddf8a24cc,wedding,low_risk_share,high,low,prior,57
d6a0fa76-c576-55e1-81c9-c34d31475c25,apples,high_risk_share,low,low,posterior,48
d6a0fa76-c576-55e1-81c9-c34d31475c25,apples,high_risk_share,low,low,prior,47
d6a0fa76-c576-55e1-81c9-c34d31475c25,basketball,low_risk_share,high,low,posterior,58
d6a0fa76-c576-55e1-81c9-c34d31475c25,basketball,low_risk_share,high,low,prior,54
d6a0fa76-c576-55e1-81c9-c34d31475c25,birthday,no_share,high,low,posterior,59
d6a0fa76-c576-55e1-81c9-c34d31475c25,birthday,no_share,high,low,prior,62
d6a0fa76-c576-55e1-81c9-c34d31475c25,brunch,no_share,low,high,posterior,47
d6a0fa76-c576-55e1-81c9-c34d31475c25,brunch,no_share,low,high,prior,45
d6a0fa76-c576-55e1-81c9-c34d31475c25,cooking,high_risk_share,low,high,posterior,47
d6a0fa76-c576-55e1-81c9-c34d31475c25,cooking,high_risk_share,low,high,prior,44
d6a0fa76-c576-55e1-81c9-c34d31475c25,dip,no_share,low,low,posterior,48
d6a0fa76-c576-55e1-81c9-c34d31475c25,dip,no_share,low,low,prior,54
d6a0fa76-c576-55e1-81c9-c34d31475c25,drinks,high_risk_share,high,low,posterior,59
d6a0fa76-c576-55e1-81c9-c34d31475c25,drinks,high_risk_share,high,low,prior,54
d6a0fa76-c576-55e1-81c9-c34d31475c25,driving,high_risk_share,high,high,posterior,29
d6a0fa76-c576-55e1-81c9-c34d31475c25,driving,high_risk_share,high,high,prior,48
d6a0fa76-c576-55e1-81c9-c34d31475c25,fair,high_risk_share,low,high,posterior,39
d6a0fa76-c576-55e1-81c9-c34d31475c25,fair,high_risk_share,low,high,prior,44
d6a0fa76-c576-55e1-81c9-c34d31475c25,gala,low_risk_share,low,low,posterior,32
d6a0fa76-c576-55e1-81c9-c34d31475c25,gala,low_risk_share,low,low,prior,45
d6a0fa76-c576-55e1-81c9-c34d31475c25,hike,no_share,high,high,posterior,37
d6a0fa76-c576-55e1-81c9-c34d31475c25,hike,no_share,high,high,prior,35
d6a0fa76-c576-55e1-81c9-c34d31475c25,oysters,low_risk_share,high,high,posterior,28
d6a0fa76-c576-55e1-81c9-c34d31475c25,oysters,low_risk_share,high,high,prior,44
d6a0fa76-c576-55e1-81c9-c34d31475c25,social,low_risk_share,low,low,posterior,35
d6a0fa76-c576-55e1-81c9-c34d31475c25,social,low_risk_share,low,low,prior,45
d6a0fa76-c576-55e1-81c9-c34d31475c25,soup,no_share,high,low,posterior,46
d6a0fa76-c576-55e1-81c9-c34d31475c25,soup,no_share,high,low,prior,48
d6a0fa76-c576-55e1-81c9-c34d31475c25,takeout,low_risk_share,low,high,posterior,41
d6a0fa76-c576-55e1-81c9-c34d31475c25,takeout,low_risk_share,low,high,prior,41
d6a0fa76-c576-55e1-81c9-c34d31475c25,wedding,no_share,low,low,posterior,41
d6a0fa76-c576-55e1-81c9-c34d31475c25,wedding,no_share,low,low,prior,46
ec5b33ab-6f0d-5a1e-9c3f-bb220a351113,apples,no_share,low,high,posterior,50
ec5b33ab-6f0d-5a1e-9c3f-bb220a351113,apples,no_share,low,high,prior,59
ec5b33ab-6f0d-5a1e-9c3f-bb220a351113,basketball,high_risk_share,high,high,posterior,57
ec5b33ab-6f0d-5a1e-9c3f-bb220a351113,basketball,high_risk_share,high,high,prior,40
ec5b33ab-6f0d-5a1e-9c3f-bb220a351113,birthday,no_share,high,high,posterior,16
ec5b33ab-6f0d-5a1e-9c3f-bb220a351113,birthday,no_share,high,high,prior,52
ec5b33ab-6f0d-5a1e-9c3f-bb220a351113,brunch,high_risk_share,high,high,posterior,58
ec5b33ab-6f0d-5a1e-9c3f-bb220a351113,brunch,high_risk_share,high,high,prior,55
ec5b33ab-6f0d-5a1e-9c3f-bb220a351113,cooking,high_risk_share,high,low,posterior,70
ec5b33ab-6f0d-5a1e-9c3f-bb220a351113,cooking,high_risk_share,high,low,prior,61
ec5b33ab-6f0d-5a1e-9c3f-bb220a351113,dip,high_risk_share,high,low,posterior,64
ec5b33ab-6f0d-5a1e-9c3f-bb220a351113,dip,high_risk_share,high,low,prior,51
ec5b33ab-6f0d-5a1e-9c3f-bb220a351113,drinks,high_risk_share,low,low,posterior,70
ec5b33ab-6f0d-5a1e-9c3f-bb220a351113,drinks,high_risk_share,low,low,prior,58
ec5b33ab-6f0d-5a1e-9c3f-bb220a351113,driving,no_share,high,high,posterior,32
ec5b33ab-6f0d-5a1e-9c3f-bb220a351113,driving,no_share,high,high,prior,65
ec5b33ab-6f0d-5a1e-9c3f-bb220a351113,fair,high_risk_share,low,high,posterior,69
ec5b33ab-6f0d-5a1e-9c3f-bb220a351113,fair,high_risk_share,low,high,prior,58
ec5b33ab-6f0d-5a1e-9c3f-bb220a351113,gala,low_risk_share,low,high,posterior,39
ec5b33ab-6f0d-5a1e-9c3f-bb220a351113,gala,low_risk_share,low,high,prior,60
ec5b33ab-6f0d-5a1e-9c3f-bb220a351113,hike,high_risk_share,low,low,posterior,71
ec5b33ab-6f0d-5a1e-9c3f-bb220a351113,hike,high_risk_share,low,low,prior,62
ec5b33ab-6f0d-5a1e-9c3f-bb220a351113,oysters,low_risk_share,high,low,posterior,45
ec5b33ab-6f0d-5a1e-9c3f-bb220a351113,oysters,low_risk_share,high,low,prior,43
ec5b33ab-6f0d-5a1e-9c3f-bb220a351113,social,no_share,high,low,posterior,40
ec5b33ab-6f0d-5a1e-9c3f-bb220a351113,social,no_share,high,low,prior,49
ec5b33ab-6f0d-5a1e-9c3f-bb220a351113,soup,low_risk_share,low,low,posterior,28
ec5b33ab-6f0d-5a1e-9c3f-bb220a351113,soup,low_risk_share,low,low,prior,58
ec5b33ab-6f0d-5a1e-9c3f-bb220a351113,takeout,low_risk_share,high,high,posterior,39
ec5b33ab-6f0d-5a1e-9c3f-bb220a351113,takeout,low_risk_share,high,high,prior,43
ec5b33ab-6f0d-5a1e-9c3f-bb220a351113,wedding,no_share,low,low,posterior,45
ec5b33ab-6f0d-5a1e-9c3f-bb220a351113,wedding,no_share,low,low,prior,57
