subject_id,scenario_label,action_condition,effort_condition,intimacy_condition,stage,response
1bd33e6d-198d-5cdc-9cd0-028ae8f4727e,birthday,action_1,low,50,prior,85
1bd33e6d-198d-5cdc-9cd0-028ae8f4727e,birthday,action_1,low,50,posterior,100
1bd33e6d-198d-5cdc-9cd0-028ae8f4727e,drinks,action_0,high,75,prior,72
1bd33e6d-198d-5cdc-9cd0-028ae8f4727e,drinks,action_0,high,75,posterior,85
1bd33e6d-198d-5cdc-9cd0-028ae8f4727e,dip,action_2,low,75,prior,89
1bd33e6d-198d-5cdc-9cd0-028ae8f4727e,dip,action_2,low,75,posterior,98
1bd33e6d-198d-5cdc-9cd0-028ae8f4727e,basketball,action_1,high,100,prior,100
1bd33e6d-198d-5cdc-9cd0-028ae8f4727e,basketball,action_1,high,100,posterior,100
1bd33e6d-198d-5cdc-9cd0-028ae8f4727e,social,action_2,low,100,prior,88
1bd33e6d-198d-5cdc-9cd0-028ae8f4727e,social,action_2,low,100,posterior,100
1bd33e6d-198d-5cdc-9cd0-028ae8f4727e,hike,action_0,low,50,prior,50
1bd33e6d-198d-5cdc-9cd0-028ae8f4727e,hike,action_0,low,50,posterior,27
1bd33e6d-198d-5cdc-9cd0-028ae8f4727e,driving,action_0,high,0,prior,63
1bd33e6d-198d-5cdc-9cd0-028ae8f4727e,driving,action_0,high,0,posterior,50
1bd33e6d-198d-5cdc-9cd0-028ae8f4727e,oysters,action_1,low,0,prior,100
1bd33e6d-198d-5cdc-9cd0-028ae8f4727e,oysters,action_1,low,0,posterior,100
1bd33e6d-198d-5cdc-9cd0-028ae8f4727e,wedding,action_2,high,100,prior,94
1bd33e6d-198d-5cdc-9cd0-028ae8f4727e,wedding,action_2,high,100,posterior,100
1bd33e6d-198d-5cdc-9cd0-028ae8f4727e,cooking,action_1,low,75,prior,94
1bd33e6d-198d-5cdc-9cd0-028ae8f4727e,cooking,action_1,low,75,posterior,96
1bd33e6d-198d-5cdc-9cd0-028ae8f4727e,takeout,action_2,low,50,prior,83
1bd33e6d-198d-5cdc-9cd0-028ae8f4727e,takeout,action_2,low,50,posterior,100
1bd33e6d-198d-5cdc-9cd0-028ae8f4727e,gala,action_1,high,50,prior,72
1bd33e6d-198d-5cdc-9cd0-028ae8f4727e,gala,action_1,high,50,posterior,100
1bd33e6d-198d-5cdc-9cd0-028ae8f4727e,soup,action_0,low,75,prior,96
1bd33e6d-198d-5cdc-9cd0-028ae8f4727e,soup,action_0,low,75,posterior,2
1bd33e6d-198d-5cdc-9cd0-028ae8f4727e,fair,action_2,high,0,prior,84
1bd33e6d-198d-5cdc-9cd0-028ae8f4727e,fair,action_2,high,0,posterior,100
1bd33e6d-198d-5cdc-9cd0-028ae8f4727e,apples,action_2,low,0,prior,74
1bd33e6d-198d-5cdc-9cd0-028ae8f4727e,apples,action_2,low,0,posterior,100
1bd33e6d-198d-5cdc-9cd0-028ae8f4727e,brunch,action_1,high,75,prior,85
1bd33e6d-198d-5cdc-9cd0-028ae8f4727e,brunch,action_1,high,75,posterior,100
aaaad4ed-dc93-58f1-8083-cadc2f79065f,birthday,action_1,low,75,prior,74
aaaad4ed-dc93-58f1-8083-cadc2f79065f,birthday,action_1,low,75,posterior,50
aaaad4ed-dc93-58f1-8083-cadc2f79065f,cooking,action_0,high,100,prior,100
aaaad4ed-dc93-58f1-8083-cadc2f79065f,cooking,action_0,high,100,posterior,0
aaaad4ed-dc93-58f1-8083-cadc2f79065f,apples,action_1,low,100,prior,50
aaaad4ed-dc93-58f1-8083-cadc2f79065f,apples,action_1,low,100,posterior,50
aaaad4ed-dc93-58f1-8083-cadc2f79065f,basketball,action_2,low,50,prior,26
aaaad4ed-dc93-58f1-8083-cadc2f79065f,basketball,action_2,low,50,posterior,50
aaaad4ed-dc93-58f1-8083-cadc2f79065f,soup,action_1,high,50,prior,0
aaaad4ed-dc93-58f1-8083-cadc2f79065f,soup,action_1,high,50,posterior,100
aaaad4ed-dc93-58f1-8083-cadc2f79065f,takeout,action_1,low,0,prior,50
aaaad4ed-dc93-58f1-8083-cadc2f79065f,takeout,action_1,low,0,posterior,50
aaaad4ed-dc93-58f1-8083-cadc2f79065f,brunch,action_2,high,100,prior,0
aaaad4ed-dc93-58f1-8083-cadc2f79065f,brunch,action_2,high,100,posterior,100
aaaad4ed-dc93-58f1-8083-cadc2f79065f,social,action_2,high,0,prior,0
aaaad4ed-dc93-58f1-8083-cadc2f79065f,social,action_2,high,0,posterior,50
aaaad4ed-dc93-58f1-8083-cadc2f79065f,driving,action_0,high,0,prior,100
aaaad4ed-dc93-58f1-8083-cadc2f79065f,driving,action_0,high,0,posterior,70
aaaad4ed-dc93-58f1-8083-cadc2f79065f,gala,action_2,low,75,prior,100
aaaad4ed-dc93-58f1-8083-cadc2f79065f,gala,action_2,low,75,posterior,100
aaaad4ed-dc93-58f1-8083-cadc2f79065f,hike,action_0,high,75,prior,50
aaaad4ed-dc93-58f1-8083-cadc2f79065f,hike,action_0,high,75,posterior,50
aaaad4ed-dc93-58f1-8083-cadc2f79065f,fair,action_2,low,0,prior,0
aaaad4ed-dc93-58f1-8083-cadc2f79065f,fair,action_2,low,0,posterior,100
aaaad4ed-dc93-58f1-8083-cadc2f79065f,wedding,action_1,high,100,prior,73
aaaad4ed-dc93-58f1-8083-cadc2f79065f,wedding,action_1,high,100,posterior,100
aaaad4ed-dc93-58f1-8083-cadc2f79065f,drinks,action_1,high,0,prior,22
aaaad4ed-dc93-58f1-8083-cadc2f79065f,drinks,action_1,high,0,posterior,100
aaaad4ed-dc93-58f1-8083-cadc2f79065f,oysters,action_2,high,50,prior,74
aaaad4ed-dc93-58f1-8083-cadc2f79065f,oysters,action_2,high,50,posterior,100
aaaad4ed-dc93-58f1-8083-cadc2f79065f,dip,action_0,low,50,prior,100
aaaad4ed-dc93-58f1-8083-cadc2f79065f,dip,action_0,low,50,posterior,0
9490e996-78b5-5a3c-9cc1-09e00e8f3927,birthday,action_2,low,75,prior,50
9490e996-78b5-5a3c-9cc1-09e00e8f3927,birthday,action_2,low,75,posterior,53
9490e996-78b5-5a3c-9cc1-09e00e8f3927,gala,action_0,low,75,prior,73
9490e996-78b5-5a3c-9cc1-09e00e8f3927,gala,action_0,low,75,posterior,39
9490e996-78b5-5a3c-9cc1-09e00e8f3927,drinks,action_1,low,0,prior,50
9490e996-78b5-5a3c-9cc1-09e00e8f3927,drinks,action_1,low,0,posterior,90
9490e996-78b5-5a3c-9cc1-09e00e8f3927,soup,action_2,high,75,prior,50
9490e996-78b5-5a3c-9cc1-09e00e8f3927,soup,action_2,high,75,posterior,100
9490e996-78b5-5a3c-9cc1-09e00e8f3927,apples,action_1,high,100,prior,65
9490e996-78b5-5a3c-9cc1-09e00e8f3927,apples,action_1,high,100,posterior,100
9490e996-78b5-5a3c-9cc1-09e00e8f3927,hike,action_2,low,100,prior,22
9490e996-78b5-5a3c-9cc1-09e00e8f3927,hike,action_2,low,100,posterior,19
9490e996-78b5-5a3c-9cc1-09e00e8f3927,driving,action_1,high,0,prior,63
9490e996-78b5-5a3c-9cc1-09e00e8f3927,driving,action_1,high,0,posterior,61
9490e996-78b5-5a3c-9cc1-09e00e8f3927,basketball,action_0,high,0,prior,74
9490e996-78b5-5a3c-9cc1-09e00e8f3927,basketball,action_0,high,0,posterior,20
9490e996-78b5-5a3c-9cc1-09e00e8f3927,oysters,action_0,low,0,prior,74
9490e996-78b5-5a3c-9cc1-09e00e8f3927,oysters,action_0,low,0,posterior,63
9490e996-78b5-5a3c-9cc1-09e00e8f3927,takeout,action_1,high,75,prior,71
9490e996-78b5-5a3c-9cc1-09e00e8f3927,takeout,action_1,high,75,posterior,88
9490e996-78b5-5a3c-9cc1-09e00e8f3927,wedding,action_0,high,50,prior,68
9490e996-78b5-5a3c-9cc1-09e00e8f3927,wedding,action_0,high,50,posterior,68
9490e996-78b5-5a3c-9cc1-09e00e8f3927,dip,action_1,low,100,prior,40
9490e996-78b5-5a3c-9cc1-09e00e8f3927,dip,action_1,low,100,posterior,70
9490e996-78b5-5a3c-9cc1-09e00e8f3927,social,action_1,low,50,prior,59
9490e996-78b5-5a3c-9cc1-09e00e8f3927,social,action_1,low,50,posterior,85
9490e996-78b5-5a3c-9cc1-09e00e8f3927,brunch,action_1,high,50,prior,50
9490e996-78b5-5a3c-9cc1-09e00e8f3927,brunch,action_1,high,50,posterior,78
9490e996-78b5-5a3c-9cc1-09e00e8f3927,cooking,action_2,high,0,prior,50
9490e996-78b5-5a3c-9cc1-09e00e8f3927,cooking,action_2,high,0,posterior,87
9490e996-78b5-5a3c-9cc1-09e00e8f3927,fair,action_0,low,100,prior,35
9490e996-78b5-5a3c-9cc1-09e00e8f3927,fair,action_0,low,100,posterior,11
d9206b10-3f29-50e1-b977-52c3a5e01f0b,hike,action_1,high,100,prior,25
d9206b10-3f29-50e1-b977-52c3a5e01f0b,hike,action_1,high,100,posterior,67
d9206b10-3f29-50e1-b977-52c3a5e01f0b,oysters,action_2,high,0,prior,76
d9206b10-3f29-50e1-b977-52c3a5e01f0b,oysters,action_2,high,0,posterior,75
d9206b10-3f29-50e1-b977-52c3a5e01f0b,wedding,action_2,high,100,prior,76
d9206b10-3f29-50e1-b977-52c3a5e01f0b,wedding,action_2,high,100,posterior,85
d9206b10-3f29-50e1-b977-52c3a5e01f0b,basketball,action_0,high,100,prior,86
d9206b10-3f29-50e1-b977-52c3a5e01f0b,basketball,action_0,high,100,posterior,20
d9206b10-3f29-50e1-b977-52c3a5e01f0b,apples,action_2,high,50,prior,76
d9206b10-3f29-50e1-b977-52c3a5e01f0b,apples,action_2,high,50,posterior,82
d9206b10-3f29-50e1-b977-52c3a5e01f0b,takeout,action_2,low,50,prior,78
d9206b10-3f29-50e1-b977-52c3a5e01f0b,takeout,action_2,low,50,posterior,88
d9206b10-3f29-50e1-b977-52c3a5e01f0b,dip,action_1,high,0,prior,77
d9206b10-3f29-50e1-b977-52c3a5e01f0b,dip,action_1,high,0,posterior,77
d9206b10-3f29-50e1-b977-52c3a5e01f0b,brunch,action_0,low,100,prior,86
d9206b10-3f29-50e1-b977-52c3a5e01f0b,brunch,action_0,low,100,posterior,18
d9206b10-3f29-50e1-b977-52c3a5e01f0b,drinks,action_0,high,75,prior,83
d9206b10-3f29-50e1-b977-52c3a5e01f0b,drinks,action_0,high,75,posterior,88
d9206b10-3f29-50e1-b977-52c3a5e01f0b,social,action_1,low,75,prior,70
d9206b10-3f29-50e1-b977-52c3a5e01f0b,social,action_1,low,75,posterior,79
d9206b10-3f29-50e1-b977-52c3a5e01f0b,fair,action_1,low,100,prior,72
d9206b10-3f29-50e1-b977-52c3a5e01f0b,fair,action_1,low,100,posterior,19
d9206b10-3f29-50e1-b977-52c3a5e01f0b,gala,action_0,high,0,prior,85
d9206b10-3f29-50e1-b977-52c3a5e01f0b,gala,action_0,high,0,posterior,25
d9206b10-3f29-50e1-b977-52c3a5e01f0b,soup,action_1,high,50,prior,78
d9206b10-3f29-50e1-b977-52c3a5e01f0b,soup,action_1,high,50,posterior,82
d9206b10-3f29-50e1-b977-52c3a5e01f0b,driving,action_0,high,50,prior,79
d9206b10-3f29-50e1-b977-52c3a5e01f0b,driving,action_0,high,50,posterior,82
d9206b10-3f29-50e1-b977-52c3a5e01f0b,cooking,action_0,low,50,prior,80
d9206b10-3f29-50e1-b977-52c3a5e01f0b,cooking,action_0,low,50,posterior,19
d9206b10-3f29-50e1-b977-52c3a5e01f0b,birthday,action_2,low,0,prior,75
d9206b10-3f29-50e1-b977-52c3a5e01f0b,birthday,action_2,low,0,posterior,81
721863c7-9b6d-510a-bf58-e3d2bf06ddc7,soup,action_2,low,50,prior,6
721863c7-9b6d-510a-bf58-e3d2bf06ddc7,soup,action_2,low,50,posterior,100
721863c7-9b6d-510a-bf58-e3d2bf06ddc7,basketball,action_0,high,50,prior,100
721863c7-9b6d-510a-bf58-e3d2bf06ddc7,basketball,action_0,high,50,posterior,9
721863c7-9b6d-510a-bf58-e3d2bf06ddc7,birthday,action_1,low,50,prior,50
721863c7-9b6d-510a-bf58-e3d2bf06ddc7,birthday,action_1,low,50,posterior,50
721863c7-9b6d-510a-bf58-e3d2bf06ddc7,hike,action_0,high,100,prior,8
721863c7-9b6d-510a-bf58-e3d2bf06ddc7,hike,action_0,high,100,posterior,3
721863c7-9b6d-510a-bf58-e3d2bf06ddc7,dip,action_2,low,0,prior,8
721863c7-9b6d-510a-bf58-e3d2bf06ddc7,dip,action_2,low,0,posterior,92
721863c7-9b6d-510a-bf58-e3d2bf06ddc7,cooking,action_0,high,75,prior,96
721863c7-9b6d-510a-bf58-e3d2bf06ddc7,cooking,action_0,high,75,posterior,9
721863c7-9b6d-510a-bf58-e3d2bf06ddc7,oysters,action_0,low,75,prior,94
721863c7-9b6d-510a-bf58-e3d2bf06ddc7,oysters,action_0,low,75,posterior,7
721863c7-9b6d-510a-bf58-e3d2bf06ddc7,driving,action_1,high,75,prior,91
721863c7-9b6d-510a-bf58-e3d2bf06ddc7,driving,action_1,high,75,posterior,95
721863c7-9b6d-510a-bf58-e3d2bf06ddc7,gala,action_2,low,100,prior,93
721863c7-9b6d-510a-bf58-e3d2bf06ddc7,gala,action_2,low,100,posterior,94
721863c7-9b6d-510a-bf58-e3d2bf06ddc7,fair,action_2,high,50,prior,51
721863c7-9b6d-510a-bf58-e3d2bf06ddc7,fair,action_2,high,50,posterior,53
721863c7-9b6d-510a-bf58-e3d2bf06ddc7,apples,action_1,low,100,prior,93
721863c7-9b6d-510a-bf58-e3d2bf06ddc7,apples,action_1,low,100,posterior,92
721863c7-9b6d-510a-bf58-e3d2bf06ddc7,social,action_1,high,0,prior,97
721863c7-9b6d-510a-bf58-e3d2bf06ddc7,social,action_1,high,0,posterior,96
721863c7-9b6d-510a-bf58-e3d2bf06ddc7,wedding,action_0,low,100,prior,88
721863c7-9b6d-510a-bf58-e3d2bf06ddc7,wedding,action_0,low,100,posterior,8
721863c7-9b6d-510a-bf58-e3d2bf06ddc7,drinks,action_1,low,75,prior,96
721863c7-9b6d-510a-bf58-e3d2bf06ddc7,drinks,action_1,low,75,posterior,96
721863c7-9b6d-510a-bf58-e3d2bf06ddc7,takeout,action_2,high,75,prior,89
721863c7-9b6d-510a-bf58-e3d2bf06ddc7,takeout,action_2,high,75,posterior,91
721863c7-9b6d-510a-bf58-e3d2bf06ddc7,brunch,action_0,low,0,prior,51
721863c7-9b6d-510a-bf58-e3d2bf06ddc7,brunch,action_0,low,0,posterior,51
0e97af8d-1833-5a45-8b9e-5322dec59cd0,social,action_1,low,100,prior,82
0e97af8d-1833-5a45-8b9e-5322dec59cd0,social,action_1,low,100,posterior,82
0e97af8d-1833-5a45-8b9e-5322dec59cd0,driving,action_0,low,100,prior,85
0e97af8d-1833-5a45-8b9e-5322dec59cd0,driving,action_0,low,100,posterior,82
0e97af8d-1833-5a45-8b9e-5322dec59cd0,fair,action_2,low,100,prior,81
0e97af8d-1833-5a45-8b9e-5322dec59cd0,fair,action_2,low,100,posterior,78
0e97af8d-1833-5a45-8b9e-5322dec59cd0,wedding,action_2,low,0,prior,87
0e97af8d-1833-5a45-8b9e-5322dec59cd0,wedding,action_2,low,0,posterior,79
0e97af8d-1833-5a45-8b9e-5322dec59cd0,oysters,action_1,high,0,prior,83
0e97af8d-1833-5a45-8b9e-5322dec59cd0,oysters,action_1,high,0,posterior,84
0e97af8d-1833-5a45-8b9e-5322dec59cd0,gala,action_1,low,75,prior,84
0e97af8d-1833-5a45-8b9e-5322dec59cd0,gala,action_1,low,75,posterior,80
0e97af8d-1833-5a45-8b9e-5322dec59cd0,dip,action_0,low,75,prior,83
0e97af8d-1833-5a45-8b9e-5322dec59cd0,dip,action_0,low,75,posterior,88
0e97af8d-1833-5a45-8b9e-5322dec59cd0,birthday,action_2,high,50,prior,82
0e97af8d-1833-5a45-8b9e-5322dec59cd0,birthday,action_2,high,50,posterior,71
0e97af8d-1833-5a45-8b9e-5322dec59cd0,basketball,action_1,high,75,prior,70
0e97af8d-1833-5a45-8b9e-5322dec59cd0,basketball,action_1,high,75,posterior,74
0e97af8d-1833-5a45-8b9e-5322dec59cd0,hike,action_2,low,50,prior,76
0e97af8d-1833-5a45-8b9e-5322dec59cd0,hike,action_2,low,50,posterior,74
0e97af8d-1833-5a45-8b9e-5322dec59cd0,brunch,action_0,high,100,prior,77
0e97af8d-1833-5a45-8b9e-5322dec59cd0,brunch,action_0,high,100,posterior,67
0e97af8d-1833-5a45-8b9e-5322dec59cd0,takeout,action_0,high,50,prior,75
0e97af8d-1833-5a45-8b9e-5322dec59cd0,takeout,action_0,high,50,posterior,78
0e97af8d-1833-5a45-8b9e-5322dec59cd0,cooking,action_0,low,0,prior,77
0e97af8d-1833-5a45-8b9e-5322dec59cd0,cooking,action_0,low,0,posterior,59
0e97af8d-1833-5a45-8b9e-5322dec59cd0,apples,action_2,high,75,prior,71
0e97af8d-1833-5a45-8b9e-5322dec59cd0,apples,action_2,high,75,posterior,72
0e97af8d-1833-5a45-8b9e-5322dec59cd0,soup,action_1,low,50,prior,72
0e97af8d-1833-5a45-8b9e-5322dec59cd0,soup,action_1,low,50,posterior,63
0e97af8d-1833-5a45-8b9e-5322dec59cd0,drinks,action_0,high,75,prior,74
0e97af8d-1833-5a45-8b9e-5322dec59cd0,drinks,action_0,high,75,posterior,70
049ae7cd-224a-572d-adad-77fdbab165ac,cooking,action_2,low,100,prior,88
049ae7cd-224a-572d-adad-77fdbab165ac,cooking,action_2,low,100,posterior,97
049ae7cd-224a-572d-adad-77fdbab165ac,apples,action_1,low,75,prior,73
049ae7cd-224a-572d-adad-77fdbab165ac,apples,action_1,low,75,posterior,93
049ae7cd-224a-572d-adad-77fdbab165ac,hike,action_1,low,50,prior,22
049ae7cd-224a-572d-adad-77fdbab165ac,hike,action_1,low,50,posterior,8
049ae7cd-224a-572d-adad-77fdbab165ac,basketball,action_0,low,0,prior,86
049ae7cd-224a-572d-adad-77fdbab165ac,basketball,action_0,low,0,posterior,0
049ae7cd-224a-572d-adad-77fdbab165ac,takeout,action_1,low,100,prior,78
049ae7cd-224a-572d-adad-77fdbab165ac,takeout,action_1,low,100,posterior,60
049ae7cd-224a-572d-adad-77fdbab165ac,birthday,action_0,low,100,prior,68
049ae7cd-224a-572d-adad-77fdbab165ac,birthday,action_0,low,100,posterior,6
049ae7cd-224a-572d-adad-77fdbab165ac,gala,action_2,high,50,prior,66
049ae7cd-224a-572d-adad-77fdbab165ac,gala,action_2,high,50,posterior,100
049ae7cd-224a-572d-adad-77fdbab165ac,drinks,action_2,low,75,prior,60
049ae7cd-224a-572d-adad-77fdbab165ac,drinks,action_2,low,75,posterior,100
049ae7cd-224a-572d-adad-77fdbab165ac,wedding,action_1,high,75,prior,50
049ae7cd-224a-572d-adad-77fdbab165ac,wedding,action_1,high,75,posterior,100
049ae7cd-224a-572d-adad-77fdbab165ac,driving,action_0,high,50,prior,69
049ae7cd-224a-572d-adad-77fdbab165ac,driving,action_0,high,50,posterior,28
049ae7cd-224a-572d-adad-77fdbab165ac,dip,action_2,high,75,prior,61
049ae7cd-224a-572d-adad-77fdbab165ac,dip,action_2,high,75,posterior,100
049ae7cd-224a-572d-adad-77fdbab165ac,brunch,action_2,low,50,prior,50
049ae7cd-224a-572d-adad-77fdbab165ac,brunch,action_2,low,50,posterior,50
049ae7cd-224a-572d-adad-77fdbab165ac,fair,action_1,high,0,prior,76
049ae7cd-224a-572d-adad-77fdbab165ac,fair,action_1,high,0,posterior,100
049ae7cd-224a-572d-adad-77fdbab165ac,soup,action_0,low,75,prior,38
049ae7cd-224a-572d-adad-77fdbab165ac,soup,action_0,low,75,posterior,0
049ae7cd-224a-572d-adad-77fdbab165ac,social,action_0,high,100,prior,5
049ae7cd-224a-572d-adad-77fdbab165ac,social,action_0,high,100,posterior,0
049ae7cd-224a-572d-adad-77fdbab165ac,oysters,action_1,low,0,prior,51
049ae7cd-224a-572d-adad-77fdbab165ac,oysters,action_1,low,0,posterior,100
c6f8a1e1-0083-5f6a-b79d-6ad707e366aa,drinks,action_2,high,0,prior,11
c6f8a1e1-0083-5f6a-b79d-6ad707e366aa,drinks,action_2,high,0,posterior,100
c6f8a1e1-0083-5f6a-b79d-6ad707e366aa,oysters,action_1,low,100,prior,50
c6f8a1e1-0083-5f6a-b79d-6ad707e366aa,oysters,action_1,low,100,posterior,19
c6f8a1e1-0083-5f6a-b79d-6ad707e366aa,apples,action_2,low,0,prior,50
c6f8a1e1-0083-5f6a-b79d-6ad707e366aa,apples,action_2,low,0,posterior,50
c6f8a1e1-0083-5f6a-b79d-6ad707e366aa,fair,action_2,low,50,prior,62
c6f8a1e1-0083-5f6a-b79d-6ad707e366aa,fair,action_2,low,50,posterior,93
c6f8a1e1-0083-5f6a-b79d-6ad707e366aa,cooking,action_2,high,100,prior,83
c6f8a1e1-0083-5f6a-b79d-6ad707e366aa,cooking,action_2,high,100,posterior,100
c6f8a1e1-0083-5f6a-b79d-6ad707e366aa,hike,action_1,high,0,prior,63
c6f8a1e1-0083-5f6a-b79d-6ad707e366aa,hike,action_1,high,0,posterior,87
c6f8a1e1-0083-5f6a-b79d-6ad707e366aa,birthday,action_1,low,75,prior,50
c6f8a1e1-0083-5f6a-b79d-6ad707e366aa,birthday,action_1,low,75,posterior,50
c6f8a1e1-0083-5f6a-b79d-6ad707e366aa,takeout,action_2,high,50,prior,80
c6f8a1e1-0083-5f6a-b79d-6ad707e366aa,takeout,action_2,high,50,posterior,87
c6f8a1e1-0083-5f6a-b79d-6ad707e366aa,social,action_0,high,50,prior,64
c6f8a1e1-0083-5f6a-b79d-6ad707e366aa,social,action_0,high,50,posterior,0
c6f8a1e1-0083-5f6a-b79d-6ad707e366aa,brunch,action_0,low,50,prior,50
c6f8a1e1-0083-5f6a-b79d-6ad707e366aa,brunch,action_0,low,50,posterior,0
c6f8a1e1-0083-5f6a-b79d-6ad707e366aa,basketball,action_0,low,100,prior,64
c6f8a1e1-0083-5f6a-b79d-6ad707e366aa,basketball,action_0,low,100,posterior,0
c6f8a1e1-0083-5f6a-b79d-6ad707e366aa,gala,action_0,low,0,prior,21
c6f8a1e1-0083-5f6a-b79d-6ad707e366aa,gala,action_0,low,0,posterior,0
c6f8a1e1-0083-5f6a-b79d-6ad707e366aa,wedding,action_0,high,100,prior,65
c6f8a1e1-0083-5f6a-b79d-6ad707e366aa,wedding,action_0,high,100,posterior,0
c6f8a1e1-0083-5f6a-b79d-6ad707e366aa,driving,action_1,high,50,prior,70
c6f8a1e1-0083-5f6a-b79d-6ad707e366aa,driving,action_1,high,50,posterior,87
c6f8a1e1-0083-5f6a-b79d-6ad707e366aa,soup,action_2,high,75,prior,59
c6f8a1e1-0083-5f6a-b79d-6ad707e366aa,soup,action_2,high,75,posterior,100
c6f8a1e1-0083-5f6a-b79d-6ad707e366aa,dip,action_0,high,75,prior,57
c6f8a1e1-0083-5f6a-b79d-6ad707e366aa,dip,action_0,high,75,posterior,0
ac600481-2826-501c-bd46-c7076eca2180,apples,action_0,low,100,prior,75
ac600481-2826-501c-bd46-c7076eca2180,apples,action_0,low,100,posterior,25
ac600481-2826-501c-bd46-c7076eca2180,gala,action_1,low,100,prior,100
ac600481-2826-501c-bd46-c7076eca2180,gala,action_1,low,100,posterior,100
ac600481-2826-501c-bd46-c7076eca2180,basketball,action_0,high,75,prior,35
ac600481-2826-501c-bd46-c7076eca2180,basketball,action_0,high,75,posterior,15
ac600481-2826-501c-bd46-c7076eca2180,drinks,action_2,high,100,prior,27
ac600481-2826-501c-bd46-c7076eca2180,drinks,action_2,high,100,posterior,100
ac600481-2826-501c-bd46-c7076eca2180,hike,action_2,high,75,prior,23
ac600481-2826-501c-bd46-c7076eca2180,hike,action_2,high,75,posterior,59
ac600481-2826-501c-bd46-c7076eca2180,takeout,action_0,low,50,prior,74
ac600481-2826-501c-bd46-c7076eca2180,takeout,action_0,low,50,posterior,20
ac600481-2826-501c-bd46-c7076eca2180,fair,action_0,low,75,prior,38
ac600481-2826-501c-bd46-c7076eca2180,fair,action_0,low,75,posterior,18
ac600481-2826-501c-bd46-c7076eca2180,social,action_0,high,100,prior,23
ac600481-2826-501c-bd46-c7076eca2180,social,action_0,high,100,posterior,11
ac600481-2826-501c-bd46-c7076eca2180,soup,action_0,high,50,prior,15
ac600481-2826-501c-bd46-c7076eca2180,soup,action_0,high,50,posterior,0
ac600481-2826-501c-bd46-c7076eca2180,brunch,action_1,high,75,prior,65
ac600481-2826-501c-bd46-c7076eca2180,brunch,action_1,high,75,posterior,87
ac600481-2826-501c-bd46-c7076eca2180,dip,action_1,high,0,prior,9
ac600481-2826-501c-bd46-c7076eca2180,dip,action_1,high,0,posterior,100
ac600481-2826-501c-bd46-c7076eca2180,driving,action_2,high,50,prior,84
ac600481-2826-501c-bd46-c7076eca2180,driving,action_2,high,50,posterior,98
ac600481-2826-501c-bd46-c7076eca2180,cooking,action_1,low,75,prior,100
ac600481-2826-501c-bd46-c7076eca2180,cooking,action_1,low,75,posterior,100
ac600481-2826-501c-bd46-c7076eca2180,birthday,action_2,low,50,prior,68
ac600481-2826-501c-bd46-c7076eca2180,birthday,action_2,low,50,posterior,60
ac600481-2826-501c-bd46-c7076eca2180,oysters,action_2,low,0,prior,33
ac600481-2826-501c-bd46-c7076eca2180,oysters,action_2,low,0,posterior,100
ac600481-2826-501c-bd46-c7076eca2180,wedding,action_0,low,0,prior,76
ac600481-2826-501c-bd46-c7076eca2180,wedding,action_0,low,0,posterior,15
f58533dc-c454-5962-b6ed-de0fc199bcc1,cooking,action_2,high,100,prior,88
f58533dc-c454-5962-b6ed-de0fc199bcc1,cooking,action_2,high,100,posterior,86
f58533dc-c454-5962-b6ed-de0fc199bcc1,wedding,action_0,low,100,prior,20
f58533dc-c454-5962-b6ed-de0fc199bcc1,wedding,action_0,low,100,posterior,13
f58533dc-c454-5962-b6ed-de0fc199bcc1,gala,action_2,low,75,prior,19
f58533dc-c454-5962-b6ed-de0fc199bcc1,gala,action_2,low,75,posterior,61
f58533dc-c454-5962-b6ed-de0fc199bcc1,fair,action_0,high,0,prior,19
f58533dc-c454-5962-b6ed-de0fc199bcc1,fair,action_0,high,0,posterior,20
f58533dc-c454-5962-b6ed-de0fc199bcc1,birthday,action_2,high,75,prior,75
f58533dc-c454-5962-b6ed-de0fc199bcc1,birthday,action_2,high,75,posterior,78
f58533dc-c454-5962-b6ed-de0fc199bcc1,soup,action_1,low,0,prior,14
f58533dc-c454-5962-b6ed-de0fc199bcc1,soup,action_1,low,0,posterior,67
f58533dc-c454-5962-b6ed-de0fc199bcc1,apples,action_0,low,75,prior,67
f58533dc-c454-5962-b6ed-de0fc199bcc1,apples,action_0,low,75,posterior,18
f58533dc-c454-5962-b6ed-de0fc199bcc1,social,action_2,high,0,prior,16
f58533dc-c454-5962-b6ed-de0fc199bcc1,social,action_2,high,0,posterior,86
f58533dc-c454-5962-b6ed-de0fc199bcc1,oysters,action_1,high,75,prior,85
f58533dc-c454-5962-b6ed-de0fc199bcc1,oysters,action_1,high,75,posterior,81
f58533dc-c454-5962-b6ed-de0fc199bcc1,driving,action_0,high,50,prior,22
f58533dc-c454-5962-b6ed-de0fc199bcc1,driving,action_0,high,50,posterior,17
f58533dc-c454-5962-b6ed-de0fc199bcc1,basketball,action_1,low,50,prior,79
f58533dc-c454-5962-b6ed-de0fc199bcc1,basketball,action_1,low,50,posterior,84
f58533dc-c454-5962-b6ed-de0fc199bcc1,hike,action_1,high,100,prior,22
f58533dc-c454-5962-b6ed-de0fc199bcc1,hike,action_1,high,100,posterior,21
f58533dc-c454-5962-b6ed-de0fc199bcc1,takeout,action_0,low,0,prior,22
f58533dc-c454-5962-b6ed-de0fc199bcc1,takeout,action_0,low,0,posterior,11
f58533dc-c454-5962-b6ed-de0fc199bcc1,brunch,action_0,low,50,prior,50
f58533dc-c454-5962-b6ed-de0fc199bcc1,brunch,action_0,low,50,posterior,22
f58533dc-c454-5962-b6ed-de0fc199bcc1,drinks,action_1,high,50,prior,27
f58533dc-c454-5962-b6ed-de0fc199bcc1,drinks,action_1,high,50,posterior,61
f58533dc-c454-5962-b6ed-de0fc199bcc1,dip,action_2,low,100,prior,91
f58533dc-c454-5962-b6ed-de0fc199bcc1,dip,action_2,low,100,posterior,87
d5cf924f-dd34-5bc3-aa60-0b9b71c1e93b,fair,action_1,high,0,prior,23
d5cf924f-dd34-5bc3-aa60-0b9b71c1e93b,fair,action_1,high,0,posterior,4
d5cf924f-dd34-5bc3-aa60-0b9b71c1e93b,brunch,action_0,high,100,prior,90
d5cf924f-dd34-5bc3-aa60-0b9b71c1e93b,brunch,action_0,high,100,posterior,1
d5cf924f-dd34-5bc3-aa60-0b9b71c1e93b,birthday,action_2,low,100,prior,7
d5cf924f-dd34-5bc3-aa60-0b9b71c1e93b,birthday,action_2,low,100,posterior,97
d5cf924f-dd34-5bc3-aa60-0b9b71c1e93b,gala,action_0,high,0,prior,6
d5cf924f-dd34-5bc3-aa60-0b9b71c1e93b,gala,action_0,high,0,posterior,3
d5cf924f-dd34-5bc3-aa60-0b9b71c1e93b,drinks,action_2,low,75,prior,97
d5cf924f-dd34-5bc3-aa60-0b9b71c1e93b,drinks,action_2,low,75,posterior,100
d5cf924f-dd34-5bc3-aa60-0b9b71c1e93b,cooking,action_0,low,0,prior,1
d5cf924f-dd34-5bc3-aa60-0b9b71c1e93b,cooking,action_0,low,0,posterior,0
d5cf924f-dd34-5bc3-aa60-0b9b71c1e93b,apples,action_1,low,100,prior,82
d5cf924f-dd34-5bc3-aa60-0b9b71c1e93b,apples,action_1,low,100,posterior,98
d5cf924f-dd34-5bc3-aa60-0b9b71c1e93b,driving,action_1,low,0,prior,1
d5cf924f-dd34-5bc3-aa60-0b9b71c1e93b,driving,action_1,low,0,posterior,1
d5cf924f-dd34-5bc3-aa60-0b9b71c1e93b,dip,action_1,low,50,prior,81
d5cf924f-dd34-5bc3-aa60-0b9b71c1e93b,dip,action_1,low,50,posterior,100
d5cf924f-dd34-5bc3-aa60-0b9b71c1e93b,social,action_0,high,50,prior,88
d5cf924f-dd34-5bc3-aa60-0b9b71c1e93b,social,action_0,high,50,posterior,0
d5cf924f-dd34-5bc3-aa60-0b9b71c1e93b,takeout,action_2,high,75,prior,100
d5cf924f-dd34-5bc3-aa60-0b9b71c1e93b,takeout,action_2,high,75,posterior,100
d5cf924f-dd34-5bc3-aa60-0b9b71c1e93b,oysters,action_2,high,50,prior,95
d5cf924f-dd34-5bc3-aa60-0b9b71c1e93b,oysters,action_2,high,50,posterior,100
d5cf924f-dd34-5bc3-aa60-0b9b71c1e93b,hike,action_0,low,100,prior,0
d5cf924f-dd34-5bc3-aa60-0b9b71c1e93b,hike,action_0,low,100,posterior,0
d5cf924f-dd34-5bc3-aa60-0b9b71c1e93b,wedding,action_1,high,75,prior,97
d5cf924f-dd34-5bc3-aa60-0b9b71c1e93b,wedding,action_1,high,75,posterior,100
d5cf924f-dd34-5bc3-aa60-0b9b71c1e93b,soup,action_0,low,75,prior,0
d5cf924f-dd34-5bc3-aa60-0b9b71c1e93b,soup,action_0,low,75,posterior,0
d5cf924f-dd34-5bc3-aa60-0b9b71c1e93b,basketball,action_1,high,100,prior,100
d5cf924f-dd34-5bc3-aa60-0b9b71c1e93b,basketball,action_1,high,100,posterior,100
cabfbecb-2c02-5977-8b5d-c2307bd7e1b8,wedding,action_2,low,50,prior,41
cabfbecb-2c02-5977-8b5d-c2307bd7e1b8,wedding,action_2,low,50,posterior,93
cabfbecb-2c02-5977-8b5d-c2307bd7e1b8,driving,action_0,high,100,prior,91
cabfbecb-2c02-5977-8b5d-c2307bd7e1b8,driving,action_0,high,100,posterior,88
cabfbecb-2c02-5977-8b5d-c2307bd7e1b8,social,action_2,low,100,prior,50
cabfbecb-2c02-5977-8b5d-c2307bd7e1b8,social,action_2,low,100,posterior,91
cabfbecb-2c02-5977-8b5d-c2307bd7e1b8,gala,action_1,low,100,prior,91
cabfbecb-2c02-5977-8b5d-c2307bd7e1b8,gala,action_1,low,100,posterior,96
cabfbecb-2c02-5977-8b5d-c2307bd7e1b8,fair,action_1,high,0,prior,13
cabfbecb-2c02-5977-8b5d-c2307bd7e1b8,fair,action_1,high,0,posterior,62
cabfbecb-2c02-5977-8b5d-c2307bd7e1b8,brunch,action_1,high,75,prior,50
cabfbecb-2c02-5977-8b5d-c2307bd7e1b8,brunch,action_1,high,75,posterior,82
cabfbecb-2c02-5977-8b5d-c2307bd7e1b8,birthday,action_0,low,75,prior,35
cabfbecb-2c02-5977-8b5d-c2307bd7e1b8,birthday,action_0,low,75,posterior,11
cabfbecb-2c02-5977-8b5d-c2307bd7e1b8,dip,action_1,low,50,prior,91
cabfbecb-2c02-5977-8b5d-c2307bd7e1b8,dip,action_1,low,50,posterior,90
cabfbecb-2c02-5977-8b5d-c2307bd7e1b8,basketball,action_0,low,0,prior,60
cabfbecb-2c02-5977-8b5d-c2307bd7e1b8,basketball,action_0,low,0,posterior,3
cabfbecb-2c02-5977-8b5d-c2307bd7e1b8,apples,action_1,low,75,prior,69
cabfbecb-2c02-5977-8b5d-c2307bd7e1b8,apples,action_1,low,75,posterior,89
cabfbecb-2c02-5977-8b5d-c2307bd7e1b8,takeout,action_0,high,75,prior,50
cabfbecb-2c02-5977-8b5d-c2307bd7e1b8,takeout,action_0,high,75,posterior,20
cabfbecb-2c02-5977-8b5d-c2307bd7e1b8,soup,action_2,low,0,prior,8
cabfbecb-2c02-5977-8b5d-c2307bd7e1b8,soup,action_2,low,0,posterior,86
cabfbecb-2c02-5977-8b5d-c2307bd7e1b8,drinks,action_2,high,75,prior,50
cabfbecb-2c02-5977-8b5d-c2307bd7e1b8,drinks,action_2,high,75,posterior,92
cabfbecb-2c02-5977-8b5d-c2307bd7e1b8,cooking,action_0,high,50,prior,63
cabfbecb-2c02-5977-8b5d-c2307bd7e1b8,cooking,action_0,high,50,posterior,21
cabfbecb-2c02-5977-8b5d-c2307bd7e1b8,hike,action_0,low,100,prior,50
cabfbecb-2c02-5977-8b5d-c2307bd7e1b8,hike,action_0,low,100,posterior,19
cabfbecb-2c02-5977-8b5d-c2307bd7e1b8,oysters,action_2,high,50,prior,67
cabfbecb-2c02-5977-8b5d-c2307bd7e1b8,oysters,action_2,high,50,posterior,95
7e543f15-28da-5de1-9618-c9b12f9c4cd4,driving,action_1,low,75,prior,100
7e543f15-28da-5de1-9618-c9b12f9c4cd4,driving,action_1,low,75,posterior,100
7e543f15-28da-5de1-9618-c9b12f9c4cd4,dip,action_0,high,100,prior,100
7e543f15-28da-5de1-9618-c9b12f9c4cd4,dip,action_0,high,100,posterior,50
7e543f15-28da-5de1-9618-c9b12f9c4cd4,brunch,action_0,low,100,prior,80
7e543f15-28da-5de1-9618-c9b12f9c4cd4,brunch,action_0,low,100,posterior,45
7e543f15-28da-5de1-9618-c9b12f9c4cd4,hike,action_2,low,50,prior,43
7e543f15-28da-5de1-9618-c9b12f9c4cd4,hike,action_2,low,50,posterior,50
7e543f15-28da-5de1-9618-c9b12f9c4cd4,cooking,action_1,low,0,prior,100
7e543f15-28da-5de1-9618-c9b12f9c4cd4,cooking,action_1,low,0,posterior,100
7e543f15-28da-5de1-9618-c9b12f9c4cd4,fair,action_1,low,100,prior,5
7e543f15-28da-5de1-9618-c9b12f9c4cd4,fair,action_1,low,100,posterior,50
7e543f15-28da-5de1-9618-c9b12f9c4cd4,social,action_0,low,0,prior,50
7e543f15-28da-5de1-9618-c9b12f9c4cd4,social,action_0,low,0,posterior,43
7e543f15-28da-5de1-9618-c9b12f9c4cd4,oysters,action_0,high,50,prior,71
7e543f15-28da-5de1-9618-c9b12f9c4cd4,oysters,action_0,high,50,posterior,63
7e543f15-28da-5de1-9618-c9b12f9c4cd4,gala,action_0,low,75,prior,94
7e543f15-28da-5de1-9618-c9b12f9c4cd4,gala,action_0,low,75,posterior,26
7e543f15-28da-5de1-9618-c9b12f9c4cd4,takeout,action_2,low,100,prior,100
7e543f15-28da-5de1-9618-c9b12f9c4cd4,takeout,action_2,low,100,posterior,100
7e543f15-28da-5de1-9618-c9b12f9c4cd4,basketball,action_1,high,0,prior,4
7e543f15-28da-5de1-9618-c9b12f9c4cd4,basketball,action_1,high,0,posterior,67
7e543f15-28da-5de1-9618-c9b12f9c4cd4,birthday,action_2,high,75,prior,42
7e543f15-28da-5de1-9618-c9b12f9c4cd4,birthday,action_2,high,75,posterior,61
7e543f15-28da-5de1-9618-c9b12f9c4cd4,apples,action_2,low,75,prior,23
7e543f15-28da-5de1-9618-c9b12f9c4cd4,apples,action_2,low,75,posterior,50
7e543f15-28da-5de1-9618-c9b12f9c4cd4,soup,action_1,low,50,prior,93
7e543f15-28da-5de1-9618-c9b12f9c4cd4,soup,action_1,low,50,posterior,100
7e543f15-28da-5de1-9618-c9b12f9c4cd4,wedding,action_2,high,50,prior,100
7e543f15-28da-5de1-9618-c9b12f9c4cd4,wedding,action_2,high,50,posterior,50
7e543f15-28da-5de1-9618-c9b12f9c4cd4,drinks,action_1,high,75,prior,10
7e543f15-28da-5de1-9618-c9b12f9c4cd4,drinks,action_1,high,75,posterior,100
95ecebc1-bc1c-55bf-846f-e7e4c701de1c,gala,action_2,high,75,prior,77
95ecebc1-bc1c-55bf-846f-e7e4c701de1c,gala,action_2,high,75,posterior,98
95ecebc1-bc1c-55bf-846f-e7e4c701de1c,fair,action_2,high,0,prior,50
95ecebc1-bc1c-55bf-846f-e7e4c701de1c,fair,action_2,high,0,posterior,76
95ecebc1-bc1c-55bf-846f-e7e4c701de1c,oysters,action_2,high,100,prior,100
95ecebc1-bc1c-55bf-846f-e7e4c701de1c,oysters,action_2,high,100,posterior,99
95ecebc1-bc1c-55bf-846f-e7e4c701de1c,takeout,action_0,low,100,prior,50
95ecebc1-bc1c-55bf-846f-e7e4c701de1c,takeout,action_0,low,100,posterior,7
95ecebc1-bc1c-55bf-846f-e7e4c701de1c,drinks,action_0,low,0,prior,42
95ecebc1-bc1c-55bf-846f-e7e4c701de1c,drinks,action_0,low,0,posterior,8
95ecebc1-bc1c-55bf-846f-e7e4c701de1c,social,action_1,high,100,prior,54
95ecebc1-bc1c-55bf-846f-e7e4c701de1c,social,action_1,high,100,posterior,87
95ecebc1-bc1c-55bf-846f-e7e4c701de1c,cooking,action_0,low,50,prior,68
95ecebc1-bc1c-55bf-846f-e7e4c701de1c,cooking,action_0,low,50,posterior,4
95ecebc1-bc1c-55bf-846f-e7e4c701de1c,brunch,action_1,high,50,prior,39
95ecebc1-bc1c-55bf-846f-e7e4c701de1c,brunch,action_1,high,50,posterior,82
95ecebc1-bc1c-55bf-846f-e7e4c701de1c,basketball,action_1,low,0,prior,43
95ecebc1-bc1c-55bf-846f-e7e4c701de1c,basketball,action_1,low,0,posterior,48
95ecebc1-bc1c-55bf-846f-e7e4c701de1c,dip,action_0,high,50,prior,50
95ecebc1-bc1c-55bf-846f-e7e4c701de1c,dip,action_0,high,50,posterior,3
95ecebc1-bc1c-55bf-846f-e7e4c701de1c,hike,action_2,low,75,prior,31
95ecebc1-bc1c-55bf-846f-e7e4c701de1c,hike,action_2,low,75,posterior,79
95ecebc1-bc1c-55bf-846f-e7e4c701de1c,driving,action_1,high,75,prior,64
95ecebc1-bc1c-55bf-846f-e7e4c701de1c,driving,action_1,high,75,posterior,86
95ecebc1-bc1c-55bf-846f-e7e4c701de1c,soup,action_0,high,0,prior,17
95ecebc1-bc1c-55bf-846f-e7e4c701de1c,soup,action_0,high,0,posterior,2
95ecebc1-bc1c-55bf-846f-e7e4c701de1c,apples,action_2,low,100,prior,80
95ecebc1-bc1c-55bf-846f-e7e4c701de1c,apples,action_2,low,100,posterior,98
95ecebc1-bc1c-55bf-846f-e7e4c701de1c,birthday,action_0,low,75,prior,41
95ecebc1-bc1c-55bf-846f-e7e4c701de1c,birthday,action_0,low,75,posterior,5
95ecebc1-bc1c-55bf-846f-e7e4c701de1c,wedding,action_1,low,50,prior,47
95ecebc1-bc1c-55bf-846f-e7e4c701de1c,wedding,action_1,low,50,posterior,97
12968e66-c10c-5dd5-bb86-4327c8f2039d,social,action_2,low,75,prior,68
12968e66-c10c-5dd5-bb86-4327c8f2039d,social,action_2,low,75,posterior,94
12968e66-c10c-5dd5-bb86-4327c8f2039d,dip,action_2,high,0,prior,20
12968e66-c10c-5dd5-bb86-4327c8f2039d,dip,action_2,high,0,posterior,51
12968e66-c10c-5dd5-bb86-4327c8f2039d,wedding,action_1,low,0,prior,39
12968e66-c10c-5dd5-bb86-4327c8f2039d,wedding,action_1,low,0,posterior,45
12968e66-c10c-5dd5-bb86-4327c8f2039d,apples,action_1,low,50,prior,67
12968e66-c10c-5dd5-bb86-4327c8f2039d,apples,action_1,low,50,posterior,69
12968e66-c10c-5dd5-bb86-4327c8f2039d,takeout,action_0,low,50,prior,50
12968e66-c10c-5dd5-bb86-4327c8f2039d,takeout,action_0,low,50,posterior,50
12968e66-c10c-5dd5-bb86-4327c8f2039d,hike,action_1,high,75,prior,45
12968e66-c10c-5dd5-bb86-4327c8f2039d,hike,action_1,high,75,posterior,57
12968e66-c10c-5dd5-bb86-4327c8f2039d,birthday,action_2,high,100,prior,48
12968e66-c10c-5dd5-bb86-4327c8f2039d,birthday,action_2,high,100,posterior,45
12968e66-c10c-5dd5-bb86-4327c8f2039d,oysters,action_1,low,75,prior,64
12968e66-c10c-5dd5-bb86-4327c8f2039d,oysters,action_1,low,75,posterior,65
12968e66-c10c-5dd5-bb86-4327c8f2039d,drinks,action_0,high,0,prior,50
12968e66-c10c-5dd5-bb86-4327c8f2039d,drinks,action_0,high,0,posterior,44
12968e66-c10c-5dd5-bb86-4327c8f2039d,cooking,action_2,low,50,prior,60
12968e66-c10c-5dd5-bb86-4327c8f2039d,cooking,action_2,low,50,posterior,68
12968e66-c10c-5dd5-bb86-4327c8f2039d,driving,action_1,high,100,prior,50
12968e66-c10c-5dd5-bb86-4327c8f2039d,driving,action_1,high,100,posterior,58
12968e66-c10c-5dd5-bb86-4327c8f2039d,basketball,action_0,low,75,prior,55
12968e66-c10c-5dd5-bb86-4327c8f2039d,basketball,action_0,low,75,posterior,45
12968e66-c10c-5dd5-bb86-4327c8f2039d,brunch,action_0,high,75,prior,53
12968e66-c10c-5dd5-bb86-4327c8f2039d,brunch,action_0,high,75,posterior,42
12968e66-c10c-5dd5-bb86-4327c8f2039d,gala,action_2,low,100,prior,61
12968e66-c10c-5dd5-bb86-4327c8f2039d,gala,action_2,low,100,posterior,63
12968e66-c10c-5dd5-bb86-4327c8f2039d,fair,action_2,low,0,prior,50
12968e66-c10c-5dd5-bb86-4327c8f2039d,fair,action_2,low,0,posterior,67
12968e66-c10c-5dd5-bb86-4327c8f2039d,soup,action_1,high,50,prior,55
12968e66-c10c-5dd5-bb86-4327c8f2039d,soup,action_1,high,50,posterior,63
977e1348-c211-5747-b62b-999d6b79e0e5,gala,action_2,high,0,prior,0
977e1348-c211-5747-b62b-999d6b79e0e5,gala,action_2,high,0,posterior,9
977e1348-c211-5747-b62b-999d6b79e0e5,wedding,action_1,high,100,prior,100
977e1348-c211-5747-b62b-999d6b79e0e5,wedding,action_1,high,100,posterior,100
977e1348-c211-5747-b62b-999d6b79e0e5,driving,action_0,high,75,prior,100
977e1348-c211-5747-b62b-999d6b79e0e5,driving,action_0,high,75,posterior,99
977e1348-c211-5747-b62b-999d6b79e0e5,brunch,action_0,low,0,prior,3
977e1348-c211-5747-b62b-999d6b79e0e5,brunch,action_0,low,0,posterior,20
977e1348-c211-5747-b62b-999d6b79e0e5,social,action_2,low,75,prior,82
977e1348-c211-5747-b62b-999d6b79e0e5,social,action_2,low,75,posterior,100
977e1348-c211-5747-b62b-999d6b79e0e5,soup,action_1,high,75,prior,92
977e1348-c211-5747-b62b-999d6b79e0e5,soup,action_1,high,75,posterior,100
977e1348-c211-5747-b62b-999d6b79e0e5,oysters,action_2,high,75,prior,100
977e1348-c211-5747-b62b-999d6b79e0e5,oysters,action_2,high,75,posterior,98
977e1348-c211-5747-b62b-999d6b79e0e5,apples,action_2,low,100,prior,99
977e1348-c211-5747-b62b-999d6b79e0e5,apples,action_2,low,100,posterior,100
977e1348-c211-5747-b62b-999d6b79e0e5,dip,action_2,high,100,prior,100
977e1348-c211-5747-b62b-999d6b79e0e5,dip,action_2,high,100,posterior,100
977e1348-c211-5747-b62b-999d6b79e0e5,takeout,action_1,low,50,prior,51
977e1348-c211-5747-b62b-999d6b79e0e5,takeout,action_1,low,50,posterior,49
977e1348-c211-5747-b62b-999d6b79e0e5,drinks,action_1,low,0,prior,48
977e1348-c211-5747-b62b-999d6b79e0e5,drinks,action_1,low,0,posterior,48
977e1348-c211-5747-b62b-999d6b79e0e5,fair,action_0,low,75,prior,85
977e1348-c211-5747-b62b-999d6b79e0e5,fair,action_0,low,75,posterior,48
977e1348-c211-5747-b62b-999d6b79e0e5,cooking,action_1,high,50,prior,93
977e1348-c211-5747-b62b-999d6b79e0e5,cooking,action_1,high,50,posterior,96
977e1348-c211-5747-b62b-999d6b79e0e5,basketball,action_0,high,0,prior,100
977e1348-c211-5747-b62b-999d6b79e0e5,basketball,action_0,high,0,posterior,1
977e1348-c211-5747-b62b-999d6b79e0e5,birthday,action_2,low,0,prior,51
977e1348-c211-5747-b62b-999d6b79e0e5,birthday,action_2,low,0,posterior,74
977e1348-c211-5747-b62b-999d6b79e0e5,hike,action_0,low,50,prior,48
977e1348-c211-5747-b62b-999d6b79e0e5,hike,action_0,low,50,posterior,13
87901b70-0056-5632-acf2-2d13d92d9692,brunch,action_1,low,0,prior,66
87901b70-0056-5632-acf2-2d13d92d9692,brunch,action_1,low,0,posterior,59
87901b70-0056-5632-acf2-2d13d92d9692,basketball,action_2,low,75,prior,68
87901b70-0056-5632-acf2-2d13d92d9692,basketball,action_2,low,75,posterior,64
87901b70-0056-5632-acf2-2d13d92d9692,driving,action_1,high,0,prior,30
87901b70-0056-5632-acf2-2d13d92d9692,driving,action_1,high,0,posterior,39
87901b70-0056-5632-acf2-2d13d92d9692,oysters,action_2,high,0,prior,59
87901b70-0056-5632-acf2-2d13d92d9692,oysters,action_2,high,0,posterior,72
87901b70-0056-5632-acf2-2d13d92d9692,apples,action_1,high,100,prior,66
87901b70-0056-5632-acf2-2d13d92d9692,apples,action_1,high,100,posterior,32
87901b70-0056-5632-acf2-2d13d92d9692,takeout,action_2,low,50,prior,63
87901b70-0056-5632-acf2-2d13d92d9692,takeout,action_2,low,50,posterior,42
87901b70-0056-5632-acf2-2d13d92d9692,social,action_2,high,100,prior,41
87901b70-0056-5632-acf2-2d13d92d9692,social,action_2,high,100,posterior,67
87901b70-0056-5632-acf2-2d13d92d9692,gala,action_1,low,75,prior,36
87901b70-0056-5632-acf2-2d13d92d9692,gala,action_1,low,75,posterior,36
87901b70-0056-5632-acf2-2d13d92d9692,soup,action_2,low,0,prior,32
87901b70-0056-5632-acf2-2d13d92d9692,soup,action_2,low,0,posterior,63
87901b70-0056-5632-acf2-2d13d92d9692,fair,action_0,high,0,prior,74
87901b70-0056-5632-acf2-2d13d92d9692,fair,action_0,high,0,posterior,61
87901b70-0056-5632-acf2-2d13d92d9692,wedding,action_1,high,50,prior,66
87901b70-0056-5632-acf2-2d13d92d9692,wedding,action_1,high,50,posterior,67
87901b70-0056-5632-acf2-2d13d92d9692,hike,action_2,high,50,prior,69
87901b70-0056-5632-acf2-2d13d92d9692,hike,action_2,high,50,posterior,71
87901b70-0056-5632-acf2-2d13d92d9692,dip,action_1,low,100,prior,40
87901b70-0056-5632-acf2-2d13d92d9692,dip,action_1,low,100,posterior,40
87901b70-0056-5632-acf2-2d13d92d9692,birthday,action_0,low,50,prior,36
87901b70-0056-5632-acf2-2d13d92d9692,birthday,action_0,low,50,posterior,46
87901b70-0056-5632-acf2-2d13d92d9692,cooking,action_0,high,75,prior,71
87901b70-0056-5632-acf2-2d13d92d9692,cooking,action_0,high,75,posterior,62
87901b70-0056-5632-acf2-2d13d92d9692,drinks,action_0,high,100,prior,65
87901b70-0056-5632-acf2-2d13d92d9692,drinks,action_0,high,100,posterior,36
e113a002-847c-562b-98ad-c1f08e16d68a,apples,action_0,high,50,prior,0
e113a002-847c-562b-98ad-c1f08e16d68a,apples,action_0,high,50,posterior,0
e113a002-847c-562b-98ad-c1f08e16d68a,drinks,action_0,low,100,prior,100
e113a002-847c-562b-98ad-c1f08e16d68a,drinks,action_0,low,100,posterior,0
e113a002-847c-562b-98ad-c1f08e16d68a,hike,action_2,high,75,prior,0
e113a002-847c-562b-98ad-c1f08e16d68a,hike,action_2,high,75,posterior,100
e113a002-847c-562b-98ad-c1f08e16d68a,soup,action_2,high,0,prior,6
e113a002-847c-562b-98ad-c1f08e16d68a,soup,action_2,high,0,posterior,100
e113a002-847c-562b-98ad-c1f08e16d68a,brunch,action_0,low,0,prior,43
e113a002-847c-562b-98ad-c1f08e16d68a,brunch,action_0,low,0,posterior,0
e113a002-847c-562b-98ad-c1f08e16d68a,fair,action_1,high,100,prior,50
e113a002-847c-562b-98ad-c1f08e16d68a,fair,action_1,high,100,posterior,100
e113a002-847c-562b-98ad-c1f08e16d68a,basketball,action_0,high,0,prior,100
e113a002-847c-562b-98ad-c1f08e16d68a,basketball,action_0,high,0,posterior,0
e113a002-847c-562b-98ad-c1f08e16d68a,dip,action_1,high,75,prior,0
e113a002-847c-562b-98ad-c1f08e16d68a,dip,action_1,high,75,posterior,100
e113a002-847c-562b-98ad-c1f08e16d68a,wedding,action_1,low,0,prior,70
e113a002-847c-562b-98ad-c1f08e16d68a,wedding,action_1,low,0,posterior,100
e113a002-847c-562b-98ad-c1f08e16d68a,takeout,action_1,low,50,prior,50
e113a002-847c-562b-98ad-c1f08e16d68a,takeout,action_1,low,50,posterior,0
e113a002-847c-562b-98ad-c1f08e16d68a,birthday,action_2,low,100,prior,50
e113a002-847c-562b-98ad-c1f08e16d68a,birthday,action_2,low,100,posterior,48
e113a002-847c-562b-98ad-c1f08e16d68a,social,action_2,low,75,prior,67
e113a002-847c-562b-98ad-c1f08e16d68a,social,action_2,low,75,posterior,100
e113a002-847c-562b-98ad-c1f08e16d68a,oysters,action_0,low,50,prior,100
e113a002-847c-562b-98ad-c1f08e16d68a,oysters,action_0,low,50,posterior,0
e113a002-847c-562b-98ad-c1f08e16d68a,gala,action_0,low,75,prior,50
e113a002-847c-562b-98ad-c1f08e16d68a,gala,action_0,low,75,posterior,0
e113a002-847c-562b-98ad-c1f08e16d68a,cooking,action_1,high,50,prior,83
e113a002-847c-562b-98ad-c1f08e16d68a,cooking,action_1,high,50,posterior,100
e113a002-847c-562b-98ad-c1f08e16d68a,driving,action_2,high,100,prior,55
e113a002-847c-562b-98ad-c1f08e16d68a,driving,action_2,high,100,posterior,100
c05a4b25-1eb3-595c-a72a-c9acc865e8aa,dip,action_2,low,0,prior,50
c05a4b25-1eb3-595c-a72a-c9acc865e8aa,dip,action_2,low,0,posterior,100
c05a4b25-1eb3-595c-a72a-c9acc865e8aa,gala,action_1,high,0,prior,0
c05a4b25-1eb3-595c-a72a-c9acc865e8aa,gala,action_1,high,0,posterior,100
c05a4b25-1eb3-595c-a72a-c9acc865e8aa,social,action_1,low,100,prior,50
c05a4b25-1eb3-595c-a72a-c9acc865e8aa,social,action_1,low,100,posterior,100
c05a4b25-1eb3-595c-a72a-c9acc865e8aa,wedding,action_2,high,0,prior,89
c05a4b25-1eb3-595c-a72a-c9acc865e8aa,wedding,action_2,high,0,posterior,100
c05a4b25-1eb3-595c-a72a-c9acc865e8aa,oysters,action_1,low,75,prior,100
c05a4b25-1eb3-595c-a72a-c9acc865e8aa,oysters,action_1,low,75,posterior,100
c05a4b25-1eb3-595c-a72a-c9acc865e8aa,soup,action_1,high,50,prior,74
c05a4b25-1eb3-595c-a72a-c9acc865e8aa,soup,action_1,high,50,posterior,100
c05a4b25-1eb3-595c-a72a-c9acc865e8aa,drinks,action_2,low,50,prior,100
c05a4b25-1eb3-595c-a72a-c9acc865e8aa,drinks,action_2,low,50,posterior,100
c05a4b25-1eb3-595c-a72a-c9acc865e8aa,cooking,action_0,low,50,prior,100
c05a4b25-1eb3-595c-a72a-c9acc865e8aa,cooking,action_0,low,50,posterior,0
c05a4b25-1eb3-595c-a72a-c9acc865e8aa,takeout,action_0,low,0,prior,0
c05a4b25-1eb3-595c-a72a-c9acc865e8aa,takeout,action_0,low,0,posterior,0
c05a4b25-1eb3-595c-a72a-c9acc865e8aa,driving,action_0,high,75,prior,100
c05a4b25-1eb3-595c-a72a-c9acc865e8aa,driving,action_0,high,75,posterior,25
c05a4b25-1eb3-595c-a72a-c9acc865e8aa,fair,action_0,low,100,prior,100
c05a4b25-1eb3-595c-a72a-c9acc865e8aa,fair,action_0,low,100,posterior,0
c05a4b25-1eb3-595c-a72a-c9acc865e8aa,brunch,action_2,high,50,prior,50
c05a4b25-1eb3-595c-a72a-c9acc865e8aa,brunch,action_2,high,50,posterior,51
c05a4b25-1eb3-595c-a72a-c9acc865e8aa,birthday,action_2,high,100,prior,50
c05a4b25-1eb3-595c-a72a-c9acc865e8aa,birthday,action_2,high,100,posterior,100
c05a4b25-1eb3-595c-a72a-c9acc865e8aa,hike,action_0,high,50,prior,50
c05a4b25-1eb3-595c-a72a-c9acc865e8aa,hike,action_0,high,50,posterior,50
c05a4b25-1eb3-595c-a72a-c9acc865e8aa,basketball,action_2,high,75,prior,100
c05a4b25-1eb3-595c-a72a-c9acc865e8aa,basketball,action_2,high,75,posterior,100
c05a4b25-1eb3-595c-a72a-c9acc865e8aa,apples,action_0,high,100,prior,50
c05a4b25-1eb3-595c-a72a-c9acc865e8aa,apples,action_0,high,100,posterior,0
b1e8aa5b-1c05-5e44-b8fa-6452c15a253e,soup,action_1,low,75,prior,0
b1e8aa5b-1c05-5e44-b8fa-6452c15a253e,soup,action_1,low,75,posterior,100
b1e8aa5b-1c05-5e44-b8fa-6452c15a253e,brunch,action_0,high,75,prior,49
b1e8aa5b-1c05-5e44-b8fa-6452c15a253e,brunch,action_0,high,75,posterior,0
b1e8aa5b-1c05-5e44-b8fa-6452c15a253e,wedding,action_1,low,0,prior,49
b1e8aa5b-1c05-5e44-b8fa-6452c15a253e,wedding,action_1,low,0,posterior,0
b1e8aa5b-1c05-5e44-b8fa-6452c15a253e,takeout,action_0,high,0,prior,38
b1e8aa5b-1c05-5e44-b8fa-6452c15a253e,takeout,action_0,high,0,posterior,0
b1e8aa5b-1c05-5e44-b8fa-6452c15a253e,oysters,action_2,high,0,prior,62
b1e8aa5b-1c05-5e44-b8fa-6452c15a253e,oysters,action_2,high,0,posterior,100
b1e8aa5b-1c05-5e44-b8fa-6452c15a253e,birthday,action_0,high,100,prior,64
b1e8aa5b-1c05-5e44-b8fa-6452c15a253e,birthday,action_0,high,100,posterior,0
b1e8aa5b-1c05-5e44-b8fa-6452c15a253e,cooking,action_2,low,50,prior,51
b1e8aa5b-1c05-5e44-b8fa-6452c15a253e,cooking,action_2,low,50,posterior,83
b1e8aa5b-1c05-5e44-b8fa-6452c15a253e,fair,action_2,low,75,prior,49
b1e8aa5b-1c05-5e44-b8fa-6452c15a253e,fair,action_2,low,75,posterior,49
b1e8aa5b-1c05-5e44-b8fa-6452c15a253e,apples,action_1,high,100,prior,24
b1e8aa5b-1c05-5e44-b8fa-6452c15a253e,apples,action_1,high,100,posterior,50
b1e8aa5b-1c05-5e44-b8fa-6452c15a253e,driving,action_2,high,100,prior,67
b1e8aa5b-1c05-5e44-b8fa-6452c15a253e,driving,action_2,high,100,posterior,100
b1e8aa5b-1c05-5e44-b8fa-6452c15a253e,dip,action_2,low,0,prior,64
b1e8aa5b-1c05-5e44-b8fa-6452c15a253e,dip,action_2,low,0,posterior,89
b1e8aa5b-1c05-5e44-b8fa-6452c15a253e,basketball,action_1,low,50,prior,50
b1e8aa5b-1c05-5e44-b8fa-6452c15a253e,basketball,action_1,low,50,posterior,100
b1e8aa5b-1c05-5e44-b8fa-6452c15a253e,social,action_0,low,50,prior,62
b1e8aa5b-1c05-5e44-b8fa-6452c15a253e,social,action_0,low,50,posterior,0
b1e8aa5b-1c05-5e44-b8fa-6452c15a253e,gala,action_2,low,100,prior,73
b1e8aa5b-1c05-5e44-b8fa-6452c15a253e,gala,action_2,low,100,posterior,100
b1e8aa5b-1c05-5e44-b8fa-6452c15a253e,hike,action_1,high,50,prior,66
b1e8aa5b-1c05-5e44-b8fa-6452c15a253e,hike,action_1,high,50,posterior,21
b1e8aa5b-1c05-5e44-b8fa-6452c15a253e,drinks,action_2,high,50,prior,13
b1e8aa5b-1c05-5e44-b8fa-6452c15a253e,drinks,action_2,high,50,posterior,100
7f25404f-39ab-5861-becb-72ca91a63442,basketball,action_0,high,100,prior,100
7f25404f-39ab-5861-becb-72ca91a63442,basketball,action_0,high,100,posterior,0
7f25404f-39ab-5861-becb-72ca91a63442,gala,action_1,high,50,prior,13
7f25404f-39ab-5861-becb-72ca91a63442,gala,action_1,high,50,posterior,0
7f25404f-39ab-5861-becb-72ca91a63442,hike,action_2,high,0,prior,20
7f25404f-39ab-5861-becb-72ca91a63442,hike,action_2,high,0,posterior,50
7f25404f-39ab-5861-becb-72ca91a63442,birthday,action_0,high,75,prior,100
7f25404f-39ab-5861-becb-72ca91a63442,birthday,action_0,high,75,posterior,0
7f25404f-39ab-5861-becb-72ca91a63442,dip,action_2,high,50,prior,100
7f25404f-39ab-5861-becb-72ca91a63442,dip,action_2,high,50,posterior,79
7f25404f-39ab-5861-becb-72ca91a63442,wedding,action_1,low,50,prior,100
7f25404f-39ab-5861-becb-72ca91a63442,wedding,action_1,low,50,posterior,100
7f25404f-39ab-5861-becb-72ca91a63442,driving,action_2,low,75,prior,50
7f25404f-39ab-5861-becb-72ca91a63442,driving,action_2,low,75,posterior,100
7f25404f-39ab-5861-becb-72ca91a63442,brunch,action_0,high,0,prior,100
7f25404f-39ab-5861-becb-72ca91a63442,brunch,action_0,high,0,posterior,0
7f25404f-39ab-5861-becb-72ca91a63442,drinks,action_2,high,100,prior,50
7f25404f-39ab-5861-becb-72ca91a63442,drinks,action_2,high,100,posterior,100
7f25404f-39ab-5861-becb-72ca91a63442,cooking,action_1,high,100,prior,58
7f25404f-39ab-5861-becb-72ca91a63442,cooking,action_1,high,100,posterior,100
7f25404f-39ab-5861-becb-72ca91a63442,fair,action_2,low,100,prior,50
7f25404f-39ab-5861-becb-72ca91a63442,fair,action_2,low,100,posterior,100
7f25404f-39ab-5861-becb-72ca91a63442,soup,action_1,low,0,prior,100
7f25404f-39ab-5861-becb-72ca91a63442,soup,action_1,low,0,posterior,100
7f25404f-39ab-5861-becb-72ca91a63442,social,action_1,low,75,prior,50
7f25404f-39ab-5861-becb-72ca91a63442,social,action_1,low,75,posterior,100
7f25404f-39ab-5861-becb-72ca91a63442,apples,action_2,low,0,prior,50
7f25404f-39ab-5861-becb-72ca91a63442,apples,action_2,low,0,posterior,100
7f25404f-39ab-5861-becb-72ca91a63442,oysters,action_0,low,50,prior,100
7f25404f-39ab-5861-becb-72ca91a63442,oysters,action_0,low,50,posterior,20
7f25404f-39ab-5861-becb-72ca91a63442,takeout,action_2,low,50,prior,50
7f25404f-39ab-5861-becb-72ca91a63442,takeout,action_2,low,50,posterior,100
9f3c932b-6a27-5d2a-bb8f-b7992d2f9a35,drinks,action_0,low,0,prior,74
9f3c932b-6a27-5d2a-bb8f-b7992d2f9a35,drinks,action_0,low,0,posterior,39
9f3c932b-6a27-5d2a-bb8f-b7992d2f9a35,dip,action_2,high,100,prior,28
9f3c932b-6a27-5d2a-bb8f-b7992d2f9a35,dip,action_2,high,100,posterior,78
9f3c932b-6a27-5d2a-bb8f-b7992d2f9a35,cooking,action_2,low,0,prior,60
9f3c932b-6a27-5d2a-bb8f-b7992d2f9a35,cooking,action_2,low,0,posterior,63
9f3c932b-6a27-5d2a-bb8f-b7992d2f9a35,gala,action_2,low,50,prior,75
9f3c932b-6a27-5d2a-bb8f-b7992d2f9a35,gala,action_2,low,50,posterior,35
9f3c932b-6a27-5d2a-bb8f-b7992d2f9a35,oysters,action_1,high,50,prior,69
9f3c932b-6a27-5d2a-bb8f-b7992d2f9a35,oysters,action_1,high,50,posterior,66
9f3c932b-6a27-5d2a-bb8f-b7992d2f9a35,wedding,action_2,high,50,prior,80
9f3c932b-6a27-5d2a-bb8f-b7992d2f9a35,wedding,action_2,high,50,posterior,66
9f3c932b-6a27-5d2a-bb8f-b7992d2f9a35,social,action_2,high,75,prior,66
9f3c932b-6a27-5d2a-bb8f-b7992d2f9a35,social,action_2,high,75,posterior,69
9f3c932b-6a27-5d2a-bb8f-b7992d2f9a35,hike,action_0,low,100,prior,64
9f3c932b-6a27-5d2a-bb8f-b7992d2f9a35,hike,action_0,low,100,posterior,68
9f3c932b-6a27-5d2a-bb8f-b7992d2f9a35,basketball,action_0,high,50,prior,74
9f3c932b-6a27-5d2a-bb8f-b7992d2f9a35,basketball,action_0,high,50,posterior,36
9f3c932b-6a27-5d2a-bb8f-b7992d2f9a35,fair,action_1,high,0,prior,37
9f3c932b-6a27-5d2a-bb8f-b7992d2f9a35,fair,action_1,high,0,posterior,59
9f3c932b-6a27-5d2a-bb8f-b7992d2f9a35,takeout,action_2,high,0,prior,41
9f3c932b-6a27-5d2a-bb8f-b7992d2f9a35,takeout,action_2,high,0,posterior,65
9f3c932b-6a27-5d2a-bb8f-b7992d2f9a35,brunch,action_0,high,100,prior,69
9f3c932b-6a27-5d2a-bb8f-b7992d2f9a35,brunch,action_0,high,100,posterior,34
9f3c932b-6a27-5d2a-bb8f-b7992d2f9a35,driving,action_1,low,75,prior,56
9f3c932b-6a27-5d2a-bb8f-b7992d2f9a35,driving,action_1,low,75,posterior,63
9f3c932b-6a27-5d2a-bb8f-b7992d2f9a35,apples,action_0,low,50,prior,68
9f3c932b-6a27-5d2a-bb8f-b7992d2f9a35,apples,action_0,low,50,posterior,86
9f3c932b-6a27-5d2a-bb8f-b7992d2f9a35,soup,action_1,low,100,prior,34
9f3c932b-6a27-5d2a-bb8f-b7992d2f9a35,soup,action_1,low,100,posterior,83
9f3c932b-6a27-5d2a-bb8f-b7992d2f9a35,birthday,action_0,high,75,prior,63
9f3c932b-6a27-5d2a-bb8f-b7992d2f9a35,birthday,action_0,high,75,posterior,70
9bf92d07-2ccb-5021-b12a-93c64332bf06,soup,action_1,high,100,prior,97
9bf92d07-2ccb-5021-b12a-93c64332bf06,soup,action_1,high,100,posterior,84
9bf92d07-2ccb-5021-b12a-93c64332bf06,gala,action_0,low,75,prior,67
9bf92d07-2ccb-5021-b12a-93c64332bf06,gala,action_0,low,75,posterior,74
9bf92d07-2ccb-5021-b12a-93c64332bf06,apples,action_2,high,0,prior,65
9bf92d07-2ccb-5021-b12a-93c64332bf06,apples,action_2,high,0,posterior,93
9bf92d07-2ccb-5021-b12a-93c64332bf06,drinks,action_1,high,75,prior,63
9bf92d07-2ccb-5021-b12a-93c64332bf06,drinks,action_1,high,75,posterior,83
9bf92d07-2ccb-5021-b12a-93c64332bf06,hike,action_2,low,50,prior,67
9bf92d07-2ccb-5021-b12a-93c64332bf06,hike,action_2,low,50,posterior,74
9bf92d07-2ccb-5021-b12a-93c64332bf06,basketball,action_0,high,0,prior,69
9bf92d07-2ccb-5021-b12a-93c64332bf06,basketball,action_0,high,0,posterior,81
9bf92d07-2ccb-5021-b12a-93c64332bf06,driving,action_0,high,75,prior,71
9bf92d07-2ccb-5021-b12a-93c64332bf06,driving,action_0,high,75,posterior,75
9bf92d07-2ccb-5021-b12a-93c64332bf06,brunch,action_0,low,50,prior,70
9bf92d07-2ccb-5021-b12a-93c64332bf06,brunch,action_0,low,50,posterior,82
9bf92d07-2ccb-5021-b12a-93c64332bf06,fair,action_2,low,75,prior,72
9bf92d07-2ccb-5021-b12a-93c64332bf06,fair,action_2,low,75,posterior,82
9bf92d07-2ccb-5021-b12a-93c64332bf06,wedding,action_1,low,50,prior,75
9bf92d07-2ccb-5021-b12a-93c64332bf06,wedding,action_1,low,50,posterior,88
9bf92d07-2ccb-5021-b12a-93c64332bf06,social,action_1,high,50,prior,74
9bf92d07-2ccb-5021-b12a-93c64332bf06,social,action_1,high,50,posterior,85
9bf92d07-2ccb-5021-b12a-93c64332bf06,cooking,action_1,low,0,prior,89
9bf92d07-2ccb-5021-b12a-93c64332bf06,cooking,action_1,low,0,posterior,88
9bf92d07-2ccb-5021-b12a-93c64332bf06,dip,action_2,low,100,prior,82
9bf92d07-2ccb-5021-b12a-93c64332bf06,dip,action_2,low,100,posterior,96
9bf92d07-2ccb-5021-b12a-93c64332bf06,birthday,action_2,low,0,prior,82
9bf92d07-2ccb-5021-b12a-93c64332bf06,birthday,action_2,low,0,posterior,88
9bf92d07-2ccb-5021-b12a-93c64332bf06,takeout,action_1,low,75,prior,74
9bf92d07-2ccb-5021-b12a-93c64332bf06,takeout,action_1,low,75,posterior,80
9bf92d07-2ccb-5021-b12a-93c64332bf06,oysters,action_2,high,100,prior,86
9bf92d07-2ccb-5021-b12a-93c64332bf06,oysters,action_2,high,100,posterior,96
05d6c88f-16a8-5124-9210-d610d8caaa25,apples,action_1,high,50,prior,91
05d6c88f-16a8-5124-9210-d610d8caaa25,apples,action_1,high,50,posterior,100
05d6c88f-16a8-5124-9210-d610d8caaa25,basketball,action_2,low,0,prior,72
05d6c88f-16a8-5124-9210-d610d8caaa25,basketball,action_2,low,0,posterior,100
05d6c88f-16a8-5124-9210-d610d8caaa25,soup,action_0,low,50,prior,62
05d6c88f-16a8-5124-9210-d610d8caaa25,soup,action_0,low,50,posterior,54
05d6c88f-16a8-5124-9210-d610d8caaa25,social,action_2,high,50,prior,42
05d6c88f-16a8-5124-9210-d610d8caaa25,social,action_2,high,50,posterior,100
05d6c88f-16a8-5124-9210-d610d8caaa25,cooking,action_1,high,0,prior,78
05d6c88f-16a8-5124-9210-d610d8caaa25,cooking,action_1,high,0,posterior,75
05d6c88f-16a8-5124-9210-d610d8caaa25,dip,action_0,low,100,prior,26
05d6c88f-16a8-5124-9210-d610d8caaa25,dip,action_0,low,100,posterior,3
05d6c88f-16a8-5124-9210-d610d8caaa25,wedding,action_0,high,75,prior,67
05d6c88f-16a8-5124-9210-d610d8caaa25,wedding,action_0,high,75,posterior,16
05d6c88f-16a8-5124-9210-d610d8caaa25,drinks,action_2,high,0,prior,41
05d6c88f-16a8-5124-9210-d610d8caaa25,drinks,action_2,high,0,posterior,94
05d6c88f-16a8-5124-9210-d610d8caaa25,oysters,action_1,low,75,prior,69
05d6c88f-16a8-5124-9210-d610d8caaa25,oysters,action_1,low,75,posterior,89
05d6c88f-16a8-5124-9210-d610d8caaa25,takeout,action_0,high,0,prior,43
05d6c88f-16a8-5124-9210-d610d8caaa25,takeout,action_0,high,0,posterior,34
05d6c88f-16a8-5124-9210-d610d8caaa25,driving,action_2,low,50,prior,77
05d6c88f-16a8-5124-9210-d610d8caaa25,driving,action_2,low,50,posterior,79
05d6c88f-16a8-5124-9210-d610d8caaa25,gala,action_2,high,100,prior,77
05d6c88f-16a8-5124-9210-d610d8caaa25,gala,action_2,high,100,posterior,82
05d6c88f-16a8-5124-9210-d610d8caaa25,birthday,action_1,high,100,prior,50
05d6c88f-16a8-5124-9210-d610d8caaa25,birthday,action_1,high,100,posterior,56
05d6c88f-16a8-5124-9210-d610d8caaa25,brunch,action_0,high,100,prior,45
05d6c88f-16a8-5124-9210-d610d8caaa25,brunch,action_0,high,100,posterior,20
05d6c88f-16a8-5124-9210-d610d8caaa25,hike,action_1,low,100,prior,45
05d6c88f-16a8-5124-9210-d610d8caaa25,hike,action_1,low,100,posterior,56
05d6c88f-16a8-5124-9210-d610d8caaa25,fair,action_0,high,50,prior,45
05d6c88f-16a8-5124-9210-d610d8caaa25,fair,action_0,high,50,posterior,37
dab4c4e3-1594-5fdc-afe8-dfdbe7053939,takeout,action_1,high,0,prior,67
dab4c4e3-1594-5fdc-afe8-dfdbe7053939,takeout,action_1,high,0,posterior,77
dab4c4e3-1594-5fdc-afe8-dfdbe7053939,oysters,action_1,low,50,prior,70
dab4c4e3-1594-5fdc-afe8-dfdbe7053939,oysters,action_1,low,50,posterior,89
dab4c4e3-1594-5fdc-afe8-dfdbe7053939,cooking,action_0,high,0,prior,56
dab4c4e3-1594-5fdc-afe8-dfdbe7053939,cooking,action_0,high,0,posterior,7
dab4c4e3-1594-5fdc-afe8-dfdbe7053939,soup,action_2,low,100,prior,83
dab4c4e3-1594-5fdc-afe8-dfdbe7053939,soup,action_2,low,100,posterior,100
dab4c4e3-1594-5fdc-afe8-dfdbe7053939,dip,action_1,high,100,prior,36
dab4c4e3-1594-5fdc-afe8-dfdbe7053939,dip,action_1,high,100,posterior,82
dab4c4e3-1594-5fdc-afe8-dfdbe7053939,drinks,action_0,low,0,prior,42
dab4c4e3-1594-5fdc-afe8-dfdbe7053939,drinks,action_0,low,0,posterior,25
dab4c4e3-1594-5fdc-afe8-dfdbe7053939,gala,action_0,low,100,prior,97
dab4c4e3-1594-5fdc-afe8-dfdbe7053939,gala,action_0,low,100,posterior,19
dab4c4e3-1594-5fdc-afe8-dfdbe7053939,wedding,action_2,high,75,prior,62
dab4c4e3-1594-5fdc-afe8-dfdbe7053939,wedding,action_2,high,75,posterior,77
dab4c4e3-1594-5fdc-afe8-dfdbe7053939,apples,action_2,high,50,prior,41
dab4c4e3-1594-5fdc-afe8-dfdbe7053939,apples,action_2,high,50,posterior,76
dab4c4e3-1594-5fdc-afe8-dfdbe7053939,brunch,action_0,low,75,prior,77
dab4c4e3-1594-5fdc-afe8-dfdbe7053939,brunch,action_0,low,75,posterior,33
dab4c4e3-1594-5fdc-afe8-dfdbe7053939,driving,action_1,high,75,prior,33
dab4c4e3-1594-5fdc-afe8-dfdbe7053939,driving,action_1,high,75,posterior,75
dab4c4e3-1594-5fdc-afe8-dfdbe7053939,fair,action_0,high,100,prior,65
dab4c4e3-1594-5fdc-afe8-dfdbe7053939,fair,action_0,high,100,posterior,34
dab4c4e3-1594-5fdc-afe8-dfdbe7053939,hike,action_1,low,0,prior,37
dab4c4e3-1594-5fdc-afe8-dfdbe7053939,hike,action_1,low,0,posterior,75
dab4c4e3-1594-5fdc-afe8-dfdbe7053939,social,action_1,low,100,prior,58
dab4c4e3-1594-5fdc-afe8-dfdbe7053939,social,action_1,low,100,posterior,73
dab4c4e3-1594-5fdc-afe8-dfdbe7053939,basketball,action_2,low,75,prior,61
dab4c4e3-1594-5fdc-afe8-dfdbe7053939,basketball,action_2,low,75,posterior,62
dab4c4e3-1594-5fdc-afe8-dfdbe7053939,birthday,action_0,high,50,prior,39
dab4c4e3-1594-5fdc-afe8-dfdbe7053939,birthday,action_0,high,50,posterior,27
08b84579-987e-5497-9cf6-a6d75aa0894a,cooking,action_2,high,75,prior,81
08b84579-987e-5497-9cf6-a6d75aa0894a,cooking,action_2,high,75,posterior,50
08b84579-987e-5497-9cf6-a6d75aa0894a,birthday,action_0,low,100,prior,45
08b84579-987e-5497-9cf6-a6d75aa0894a,birthday,action_0,low,100,posterior,33
08b84579-987e-5497-9cf6-a6d75aa0894a,drinks,action_1,high,100,prior,60
08b84579-987e-5497-9cf6-a6d75aa0894a,drinks,action_1,high,100,posterior,50
08b84579-987e-5497-9cf6-a6d75aa0894a,oysters,action_0,low,75,prior,38
08b84579-987e-5497-9cf6-a6d75aa0894a,oysters,action_0,low,75,posterior,38
08b84579-987e-5497-9cf6-a6d75aa0894a,soup,action_1,high,50,prior,50
08b84579-987e-5497-9cf6-a6d75aa0894a,soup,action_1,high,50,posterior,83
08b84579-987e-5497-9cf6-a6d75aa0894a,wedding,action_2,low,75,prior,60
08b84579-987e-5497-9cf6-a6d75aa0894a,wedding,action_2,low,75,posterior,72
08b84579-987e-5497-9cf6-a6d75aa0894a,basketball,action_2,high,0,prior,77
08b84579-987e-5497-9cf6-a6d75aa0894a,basketball,action_2,high,0,posterior,95
08b84579-987e-5497-9cf6-a6d75aa0894a,social,action_0,high,50,prior,50
08b84579-987e-5497-9cf6-a6d75aa0894a,social,action_0,high,50,posterior,8
08b84579-987e-5497-9cf6-a6d75aa0894a,brunch,action_1,low,0,prior,67
08b84579-987e-5497-9cf6-a6d75aa0894a,brunch,action_1,low,0,posterior,74
08b84579-987e-5497-9cf6-a6d75aa0894a,fair,action_0,high,0,prior,11
08b84579-987e-5497-9cf6-a6d75aa0894a,fair,action_0,high,0,posterior,52
08b84579-987e-5497-9cf6-a6d75aa0894a,hike,action_1,low,100,prior,56
08b84579-987e-5497-9cf6-a6d75aa0894a,hike,action_1,low,100,posterior,48
08b84579-987e-5497-9cf6-a6d75aa0894a,takeout,action_2,low,100,prior,51
08b84579-987e-5497-9cf6-a6d75aa0894a,takeout,action_2,low,100,posterior,91
08b84579-987e-5497-9cf6-a6d75aa0894a,dip,action_0,low,0,prior,85
08b84579-987e-5497-9cf6-a6d75aa0894a,dip,action_0,low,0,posterior,25
08b84579-987e-5497-9cf6-a6d75aa0894a,apples,action_1,high,75,prior,38
08b84579-987e-5497-9cf6-a6d75aa0894a,apples,action_1,high,75,posterior,17
08b84579-987e-5497-9cf6-a6d75aa0894a,driving,action_1,low,50,prior,82
08b84579-987e-5497-9cf6-a6d75aa0894a,driving,action_1,low,50,posterior,13
08b84579-987e-5497-9cf6-a6d75aa0894a,gala,action_1,high,0,prior,0
08b84579-987e-5497-9cf6-a6d75aa0894a,gala,action_1,high,0,posterior,93
a0605845-b062-553a-b153-fcb2ba3347c1,gala,action_2,high,75,prior,100
a0605845-b062-553a-b153-fcb2ba3347c1,gala,action_2,high,75,posterior,100
a0605845-b062-553a-b153-fcb2ba3347c1,takeout,action_0,high,100,prior,100
a0605845-b062-553a-b153-fcb2ba3347c1,takeout,action_0,high,100,posterior,0
a0605845-b062-553a-b153-fcb2ba3347c1,drinks,action_2,low,50,prior,100
a0605845-b062-553a-b153-fcb2ba3347c1,drinks,action_2,low,50,posterior,100
a0605845-b062-553a-b153-fcb2ba3347c1,fair,action_2,low,0,prior,1
a0605845-b062-553a-b153-fcb2ba3347c1,fair,action_2,low,0,posterior,100
a0605845-b062-553a-b153-fcb2ba3347c1,birthday,action_0,low,75,prior,100
a0605845-b062-553a-b153-fcb2ba3347c1,birthday,action_0,low,75,posterior,0
a0605845-b062-553a-b153-fcb2ba3347c1,apples,action_0,high,75,prior,100
a0605845-b062-553a-b153-fcb2ba3347c1,apples,action_0,high,75,posterior,0
a0605845-b062-553a-b153-fcb2ba3347c1,dip,action_1,low,100,prior,100
a0605845-b062-553a-b153-fcb2ba3347c1,dip,action_1,low,100,posterior,100
a0605845-b062-553a-b153-fcb2ba3347c1,cooking,action_2,high,100,prior,100
a0605845-b062-553a-b153-fcb2ba3347c1,cooking,action_2,high,100,posterior,100
a0605845-b062-553a-b153-fcb2ba3347c1,oysters,action_0,low,0,prior,0
a0605845-b062-553a-b153-fcb2ba3347c1,oysters,action_0,low,0,posterior,50
a0605845-b062-553a-b153-fcb2ba3347c1,hike,action_1,high,75,prior,76
a0605845-b062-553a-b153-fcb2ba3347c1,hike,action_1,high,75,posterior,100
a0605845-b062-553a-b153-fcb2ba3347c1,driving,action_0,high,50,prior,66
a0605845-b062-553a-b153-fcb2ba3347c1,driving,action_0,high,50,posterior,48
a0605845-b062-553a-b153-fcb2ba3347c1,brunch,action_0,low,100,prior,8
a0605845-b062-553a-b153-fcb2ba3347c1,brunch,action_0,low,100,posterior,0
a0605845-b062-553a-b153-fcb2ba3347c1,soup,action_1,high,0,prior,0
a0605845-b062-553a-b153-fcb2ba3347c1,soup,action_1,high,0,posterior,100
a0605845-b062-553a-b153-fcb2ba3347c1,wedding,action_0,low,50,prior,100
a0605845-b062-553a-b153-fcb2ba3347c1,wedding,action_0,low,50,posterior,0
a0605845-b062-553a-b153-fcb2ba3347c1,social,action_1,low,75,prior,100
a0605845-b062-553a-b153-fcb2ba3347c1,social,action_1,low,75,posterior,100
a0605845-b062-553a-b153-fcb2ba3347c1,basketball,action_2,high,50,prior,27
a0605845-b062-553a-b153-fcb2ba3347c1,basketball,action_2,high,50,posterior,100
5d32c809-2dc0-5adf-a01b-031f107be91f,brunch,action_0,high,100,prior,96
5d32c809-2dc0-5adf-a01b-031f107be91f,brunch,action_0,high,100,posterior,4
5d32c809-2dc0-5adf-a01b-031f107be91f,soup,action_0,low,75,prior,6
5d32c809-2dc0-5adf-a01b-031f107be91f,soup,action_0,low,75,posterior,3
5d32c809-2dc0-5adf-a01b-031f107be91f,dip,action_2,low,0,prior,94
5d32c809-2dc0-5adf-a01b-031f107be91f,dip,action_2,low,0,posterior,95
5d32c809-2dc0-5adf-a01b-031f107be91f,social,action_0,low,100,prior,94
5d32c809-2dc0-5adf-a01b-031f107be91f,social,action_0,low,100,posterior,4
5d32c809-2dc0-5adf-a01b-031f107be91f,cooking,action_0,high,75,prior,100
5d32c809-2dc0-5adf-a01b-031f107be91f,cooking,action_0,high,75,posterior,4
5d32c809-2dc0-5adf-a01b-031f107be91f,wedding,action_2,high,75,prior,96
5d32c809-2dc0-5adf-a01b-031f107be91f,wedding,action_2,high,75,posterior,92
5d32c809-2dc0-5adf-a01b-031f107be91f,apples,action_1,low,75,prior,4
5d32c809-2dc0-5adf-a01b-031f107be91f,apples,action_1,low,75,posterior,7
5d32c809-2dc0-5adf-a01b-031f107be91f,oysters,action_1,low,100,prior,95
5d32c809-2dc0-5adf-a01b-031f107be91f,oysters,action_1,low,100,posterior,97
5d32c809-2dc0-5adf-a01b-031f107be91f,drinks,action_2,high,50,prior,3
5d32c809-2dc0-5adf-a01b-031f107be91f,drinks,action_2,high,50,posterior,99
5d32c809-2dc0-5adf-a01b-031f107be91f,driving,action_2,low,50,prior,96
5d32c809-2dc0-5adf-a01b-031f107be91f,driving,action_2,low,50,posterior,95
5d32c809-2dc0-5adf-a01b-031f107be91f,basketball,action_2,high,100,prior,95
5d32c809-2dc0-5adf-a01b-031f107be91f,basketball,action_2,high,100,posterior,98
5d32c809-2dc0-5adf-a01b-031f107be91f,takeout,action_1,high,75,prior,93
5d32c809-2dc0-5adf-a01b-031f107be91f,takeout,action_1,high,75,posterior,98
5d32c809-2dc0-5adf-a01b-031f107be91f,hike,action_0,low,50,prior,96
5d32c809-2dc0-5adf-a01b-031f107be91f,hike,action_0,low,50,posterior,94
5d32c809-2dc0-5adf-a01b-031f107be91f,birthday,action_0,high,50,prior,2
5d32c809-2dc0-5adf-a01b-031f107be91f,birthday,action_0,high,50,posterior,50
5d32c809-2dc0-5adf-a01b-031f107be91f,gala,action_0,low,0,prior,4
5d32c809-2dc0-5adf-a01b-031f107be91f,gala,action_0,low,0,posterior,2
5d32c809-2dc0-5adf-a01b-031f107be91f,fair,action_1,high,0,prior,5
5d32c809-2dc0-5adf-a01b-031f107be91f,fair,action_1,high,0,posterior,92
a9bc858d-ae8c-5548-a9c8-90fccd50fb60,dip,action_0,low,75,prior,76
a9bc858d-ae8c-5548-a9c8-90fccd50fb60,dip,action_0,low,75,posterior,69
a9bc858d-ae8c-5548-a9c8-90fccd50fb60,oysters,action_2,low,100,prior,65
a9bc858d-ae8c-5548-a9c8-90fccd50fb60,oysters,action_2,low,100,posterior,41
a9bc858d-ae8c-5548-a9c8-90fccd50fb60,takeout,action_0,low,50,prior,37
a9bc858d-ae8c-5548-a9c8-90fccd50fb60,takeout,action_0,low,50,posterior,61
a9bc858d-ae8c-5548-a9c8-90fccd50fb60,basketball,action_2,high,75,prior,69
a9bc858d-ae8c-5548-a9c8-90fccd50fb60,basketball,action_2,high,75,posterior,40
a9bc858d-ae8c-5548-a9c8-90fccd50fb60,fair,action_1,high,50,prior,85
a9bc858d-ae8c-5548-a9c8-90fccd50fb60,fair,action_1,high,50,posterior,46
a9bc858d-ae8c-5548-a9c8-90fccd50fb60,birthday,action_2,high,100,prior,67
a9bc858d-ae8c-5548-a9c8-90fccd50fb60,birthday,action_2,high,100,posterior,66
a9bc858d-ae8c-5548-a9c8-90fccd50fb60,apples,action_0,high,75,prior,65
a9bc858d-ae8c-5548-a9c8-90fccd50fb60,apples,action_0,high,75,posterior,73
a9bc858d-ae8c-5548-a9c8-90fccd50fb60,social,action_0,high,0,prior,67
a9bc858d-ae8c-5548-a9c8-90fccd50fb60,social,action_0,high,0,posterior,71
a9bc858d-ae8c-5548-a9c8-90fccd50fb60,gala,action_1,high,75,prior,30
a9bc858d-ae8c-5548-a9c8-90fccd50fb60,gala,action_1,high,75,posterior,38
a9bc858d-ae8c-5548-a9c8-90fccd50fb60,drinks,action_2,low,0,prior,82
a9bc858d-ae8c-5548-a9c8-90fccd50fb60,drinks,action_2,low,0,posterior,68
a9bc858d-ae8c-5548-a9c8-90fccd50fb60,soup,action_0,low,0,prior,34
a9bc858d-ae8c-5548-a9c8-90fccd50fb60,soup,action_0,low,0,posterior,37
a9bc858d-ae8c-5548-a9c8-90fccd50fb60,hike,action_1,low,0,prior,75
a9bc858d-ae8c-5548-a9c8-90fccd50fb60,hike,action_1,low,0,posterior,61
a9bc858d-ae8c-5548-a9c8-90fccd50fb60,cooking,action_2,high,0,prior,34
a9bc858d-ae8c-5548-a9c8-90fccd50fb60,cooking,action_2,high,0,posterior,73
a9bc858d-ae8c-5548-a9c8-90fccd50fb60,brunch,action_2,low,75,prior,28
a9bc858d-ae8c-5548-a9c8-90fccd50fb60,brunch,action_2,low,75,posterior,32
a9bc858d-ae8c-5548-a9c8-90fccd50fb60,wedding,action_1,low,50,prior,33
a9bc858d-ae8c-5548-a9c8-90fccd50fb60,wedding,action_1,low,50,posterior,42
a9bc858d-ae8c-5548-a9c8-90fccd50fb60,driving,action_1,high,100,prior,63
a9bc858d-ae8c-5548-a9c8-90fccd50fb60,driving,action_1,high,100,posterior,39
