scenario_label,observed_action,intimacy,model,p_low,p_high
apples,0,0,full_padded,0.7660854458808899,0.2339145839214325
apples,0,50,full_padded,0.7542117238044739,0.24578824639320374
apples,0,75,full_padded,0.7700499296188354,0.22995001077651978
apples,0,100,full_padded,0.740985631942749,0.2590143382549286
apples,1,0,full_padded,0.2903929650783539,0.7096070647239685
apples,1,50,full_padded,0.3333982229232788,0.6666017770767212
apples,1,75,full_padded,0.35119765996932983,0.6488022804260254
apples,1,100,full_padded,0.3609289228916168,0.6390710473060608
apples,2,0,full_padded,0.30250582098960876,0.6974941492080688
apples,2,50,full_padded,0.2785513997077942,0.721448540687561
apples,2,75,full_padded,0.23573553562164307,0.7642644643783569
apples,2,100,full_padded,0.30306610465049744,0.6969338655471802
apples,3,0,full_padded,0.2381267249584198,0.7618732452392578
apples,3,50,full_padded,0.30205804109573364,0.6979419589042664
apples,3,75,full_padded,0.282934308052063,0.7170656323432922
apples,3,100,full_padded,0.2824786603450775,0.7175213694572449
basketball,0,0,full_padded,0.8058540225028992,0.19414596259593964
basketball,0,50,full_padded,0.7781255841255188,0.2218744158744812
basketball,0,75,full_padded,0.7650859951972961,0.23491398990154266
basketball,0,100,full_padded,0.775933563709259,0.22406639158725739
basketball,1,0,full_padded,0.4243355691432953,0.5756644606590271
basketball,1,50,full_padded,0.3717729151248932,0.6282271146774292
basketball,1,75,full_padded,0.4069925546646118,0.5930073857307434
basketball,1,100,full_padded,0.3958682715892792,0.6041316986083984
basketball,2,0,full_padded,0.385824054479599,0.6141759753227234
basketball,2,50,full_padded,0.40304669737815857,0.596953272819519
basketball,2,75,full_padded,0.3921419680118561,0.6078580617904663
basketball,2,100,full_padded,0.4210604429244995,0.5789395570755005
basketball,3,0,full_padded,0.4043996334075928,0.595600426197052
basketball,3,50,full_padded,0.3929128050804138,0.6070871353149414
basketball,3,75,full_padded,0.43676090240478516,0.5632391571998596
basketball,3,100,full_padded,0.4016382694244385,0.5983617305755615
birthday,0,0,full_padded,0.7012739777565002,0.29872602224349976
birthday,0,50,full_padded,0.5768717527389526,0.42312827706336975
birthday,0,75,full_padded,0.6474378108978271,0.35256218910217285
birthday,0,100,full_padded,0.7100402116775513,0.28995975852012634
birthday,1,0,full_padded,0.29150334000587463,0.708496630191803
birthday,1,50,full_padded,0.273095965385437,0.726904034614563
birthday,1,75,full_padded,0.28657546639442444,0.7134245038032532
birthday,1,100,full_padded,0.2946121096611023,0.7053878903388977
birthday,2,0,full_padded,0.3249187469482422,0.675081193447113
birthday,2,50,full_padded,0.32077455520629883,0.6792254447937012
birthday,2,75,full_padded,0.32298919558525085,0.6770108342170715
birthday,2,100,full_padded,0.32429584860801697,0.6757041215896606
birthday,3,0,full_padded,0.32854539155960083,0.6714546084403992
birthday,3,50,full_padded,0.3320845365524292,0.6679154634475708
birthday,3,75,full_padded,0.31282302737236023,0.6871769428253174
birthday,3,100,full_padded,0.3221595287322998,0.6778404712677002
brunch,0,0,full_padded,0.27450719475746155,0.7254928350448608
brunch,0,50,full_padded,0.2907272279262543,0.7092727422714233
brunch,0,75,full_padded,0.286455899477005,0.7135441303253174
brunch,0,100,full_padded,0.2869829833507538,0.7130169868469238
brunch,1,0,full_padded,0.23048925399780273,0.769510805606842
brunch,1,50,full_padded,0.2365025281906128,0.7634974718093872
brunch,1,75,full_padded,0.23882298171520233,0.7611770033836365
brunch,1,100,full_padded,0.24057702720165253,0.7594229578971863
brunch,2,0,full_padded,0.22587017714977264,0.7741298675537109
brunch,2,50,full_padded,0.26896238327026367,0.7310376167297363
brunch,2,75,full_padded,0.26772773265838623,0.7322722673416138
brunch,2,100,full_padded,0.2571328282356262,0.742867112159729
brunch,3,0,full_padded,0.18026137351989746,0.8197386264801025
brunch,3,50,full_padded,0.21522676944732666,0.7847732305526733
brunch,3,75,full_padded,0.21180696785449982,0.7881929874420166
brunch,3,100,full_padded,0.22360900044441223,0.7763909697532654
cooking,0,0,full_padded,0.8055635094642639,0.19443649053573608
cooking,0,50,full_padded,0.8332895040512085,0.16671045124530792
cooking,0,75,full_padded,0.8126980066299438,0.18730199337005615
cooking,0,100,full_padded,0.7996611595153809,0.20033881068229675
cooking,1,0,full_padded,0.3357413411140442,0.6642586588859558
cooking,1,50,full_padded,0.24638144671916962,0.7536185383796692
cooking,1,75,full_padded,0.2665843963623047,0.7334156036376953
cooking,1,100,full_padded,0.2604132890701294,0.7395867109298706
cooking,2,0,full_padded,0.1296057105064392,0.8703942894935608
cooking,2,50,full_padded,0.11839570850133896,0.8816043138504028
cooking,2,75,full_padded,0.24354153871536255,0.7564585208892822
cooking,2,100,full_padded,0.27929219603538513,0.7207078337669373
cooking,3,0,full_padded,0.09890000522136688,0.9010999798774719
cooking,3,50,full_padded,0.10185392946004868,0.8981460332870483
cooking,3,75,full_padded,0.16965532302856445,0.8303446769714355
cooking,3,100,full_padded,0.1693241000175476,0.8306758403778076
dip,0,0,full_padded,0.8138200044631958,0.186179980635643
dip,0,50,full_padded,0.8662732839584351,0.13372671604156494
dip,0,75,full_padded,0.8611346483230591,0.13886535167694092
dip,0,100,full_padded,0.8475209474563599,0.15247903764247894
dip,1,0,full_padded,0.1140383705496788,0.885961651802063
dip,1,50,full_padded,0.08341193199157715,0.9165880680084229
dip,1,75,full_padded,0.18032725155353546,0.819672703742981
dip,1,100,full_padded,0.11580254137516022,0.884197473526001
dip,2,0,full_padded,0.13011574745178223,0.8698842525482178
dip,2,50,full_padded,0.09254710376262665,0.9074528813362122
dip,2,75,full_padded,0.1252034455537796,0.8747965097427368
dip,2,100,full_padded,0.11684390902519226,0.8831560611724854
dip,3,0,full_padded,0.2407676875591278,0.7592322826385498
dip,3,50,full_padded,0.11087621748447418,0.8891237378120422
dip,3,75,full_padded,0.1417829394340515,0.8582170605659485
dip,3,100,full_padded,0.11097878217697144,0.8890212178230286
drinks,0,0,full_padded,0.6288595199584961,0.3711404800415039
drinks,0,50,full_padded,0.6245995759963989,0.3754003643989563
drinks,0,75,full_padded,0.6361451148986816,0.36385491490364075
drinks,0,100,full_padded,0.6364622116088867,0.3635377585887909
drinks,1,0,full_padded,0.11715669929981232,0.8828433156013489
drinks,1,50,full_padded,0.12730516493320465,0.8726948499679565
drinks,1,75,full_padded,0.10952216386795044,0.8904778361320496
drinks,1,100,full_padded,0.11641717702150345,0.8835827708244324
drinks,2,0,full_padded,0.16217075288295746,0.8378292322158813
drinks,2,50,full_padded,0.10323382169008255,0.8967662453651428
drinks,2,75,full_padded,0.09021402150392532,0.9097859263420105
drinks,2,100,full_padded,0.13612844049930573,0.8638715744018555
drinks,3,0,full_padded,0.1383930742740631,0.8616068959236145
drinks,3,50,full_padded,0.12162227183580399,0.8783777356147766
drinks,3,75,full_padded,0.1298779994249344,0.8701220154762268
drinks,3,100,full_padded,0.12871651351451874,0.8712835311889648
driving,0,0,full_padded,0.61449134349823,0.38550859689712524
driving,0,50,full_padded,0.6545454859733582,0.34545451402664185
driving,0,75,full_padded,0.6248091459274292,0.3751908540725708
driving,0,100,full_padded,0.651278018951416,0.348721981048584
driving,1,0,full_padded,0.2686272859573364,0.7313726544380188
driving,1,50,full_padded,0.2576155364513397,0.7423844933509827
driving,1,75,full_padded,0.24765026569366455,0.7523497343063354
driving,1,100,full_padded,0.23825784027576447,0.7617421746253967
driving,2,0,full_padded,0.2585352957248688,0.7414646744728088
driving,2,50,full_padded,0.25876468420028687,0.7412353157997131
driving,2,75,full_padded,0.2599119544029236,0.7400880455970764
driving,2,100,full_padded,0.26695284247398376,0.7330471873283386
driving,3,0,full_padded,0.2751190960407257,0.7248809337615967
driving,3,50,full_padded,0.2763958275318146,0.723604142665863
driving,3,75,full_padded,0.2643042504787445,0.7356957197189331
driving,3,100,full_padded,0.2711195647716522,0.7288804650306702
fair,0,0,full_padded,0.8053733706474304,0.1946265995502472
fair,0,50,full_padded,0.8226738572120667,0.17732611298561096
fair,0,75,full_padded,0.7904204726219177,0.20957951247692108
fair,0,100,full_padded,0.7967382073402405,0.20326174795627594
fair,1,0,full_padded,0.5509737133979797,0.4490262269973755
fair,1,50,full_padded,0.5172588229179382,0.48274117708206177
fair,1,75,full_padded,0.5746256113052368,0.42537441849708557
fair,1,100,full_padded,0.5419583916664124,0.45804163813591003
fair,2,0,full_padded,0.5312455296516418,0.46875444054603577
fair,2,50,full_padded,0.45454201102256775,0.5454579591751099
fair,2,75,full_padded,0.5207770466804504,0.47922298312187195
fair,2,100,full_padded,0.5495095252990723,0.4504905045032501
fair,3,0,full_padded,0.19080540537834167,0.8091946244239807
fair,3,50,full_padded,0.17792746424674988,0.8220725059509277
fair,3,75,full_padded,0.2418047934770584,0.7581952214241028
fair,3,100,full_padded,0.23634430766105652,0.7636557221412659
gala,0,0,full_padded,0.7623899579048157,0.23761002719402313
gala,0,50,full_padded,0.7665202617645264,0.23347969353199005
gala,0,75,full_padded,0.7450751662254333,0.25492480397224426
gala,0,100,full_padded,0.7655943632125854,0.23440566658973694
gala,1,0,full_padded,0.1496661752462387,0.8503338098526001
gala,1,50,full_padded,0.13631178438663483,0.8636882305145264
gala,1,75,full_padded,0.16181965172290802,0.8381803631782532
gala,1,100,full_padded,0.12486954778432846,0.8751304149627686
gala,2,0,full_padded,0.11550194770097733,0.8844980597496033
gala,2,50,full_padded,0.1239282563328743,0.8760717511177063
gala,2,75,full_padded,0.1423531174659729,0.8576468229293823
gala,2,100,full_padded,0.12158636003732681,0.8784136772155762
gala,3,0,full_padded,0.08692743629217148,0.9130725264549255
gala,3,50,full_padded,0.08433575928211212,0.9156641960144043
gala,3,75,full_padded,0.09795824438333511,0.9020417332649231
gala,3,100,full_padded,0.09220969676971436,0.9077903032302856
hike,0,0,full_padded,0.6859899759292603,0.31400996446609497
hike,0,50,full_padded,0.6831330060958862,0.316866934299469
hike,0,75,full_padded,0.7116813063621521,0.2883186340332031
hike,0,100,full_padded,0.7218381762504578,0.2781619131565094
hike,1,0,full_padded,0.24510562419891357,0.7548944354057312
hike,1,50,full_padded,0.2103697955608368,0.7896302342414856
hike,1,75,full_padded,0.2641341984272003,0.7358657717704773
hike,1,100,full_padded,0.2774328887462616,0.722567081451416
hike,2,0,full_padded,0.3277537226676941,0.6722462177276611
hike,2,50,full_padded,0.3631962537765503,0.6368037462234497
hike,2,75,full_padded,0.32293733954429626,0.6770626902580261
hike,2,100,full_padded,0.3421297073364258,0.6578702926635742
hike,3,0,full_padded,0.2520092725753784,0.7479906678199768
hike,3,50,full_padded,0.23725569248199463,0.7627443075180054
hike,3,75,full_padded,0.2344839870929718,0.7655160427093506
hike,3,100,full_padded,0.24313773214817047,0.7568622827529907
oysters,0,0,full_padded,0.5742453336715698,0.4257546663284302
oysters,0,50,full_padded,0.6766407489776611,0.32335928082466125
oysters,0,75,full_padded,0.7380619645118713,0.26193803548812866
oysters,0,100,full_padded,0.7870122790336609,0.2129877209663391
oysters,1,0,full_padded,0.3414361774921417,0.6585637927055359
oysters,1,50,full_padded,0.3172639012336731,0.6827360987663269
oysters,1,75,full_padded,0.3425271809101105,0.6574728488922119
oysters,1,100,full_padded,0.3704187572002411,0.6295812129974365
oysters,2,0,full_padded,0.37721771001815796,0.6227823495864868
oysters,2,50,full_padded,0.41284307837486267,0.5871568918228149
oysters,2,75,full_padded,0.4644548296928406,0.5355451703071594
oysters,2,100,full_padded,0.44464346766471863,0.5553565621376038
oysters,3,0,full_padded,0.25787630677223206,0.7421237230300903
oysters,3,50,full_padded,0.23469562828540802,0.7653043866157532
oysters,3,75,full_padded,0.2658812403678894,0.7341188192367554
oysters,3,100,full_padded,0.33413735032081604,0.6658626794815063
social,0,0,full_padded,0.6101730465888977,0.3898269534111023
social,0,50,full_padded,0.55568927526474,0.4443106949329376
social,0,75,full_padded,0.5475823283195496,0.4524177014827728
social,0,100,full_padded,0.6152111291885376,0.3847889006137848
social,1,0,full_padded,0.24004174768924713,0.7599582076072693
social,1,50,full_padded,0.25637608766555786,0.7436239123344421
social,1,75,full_padded,0.2574427127838135,0.7425572872161865
social,1,100,full_padded,0.2829417884349823,0.7170582413673401
social,2,0,full_padded,0.2805742621421814,0.7194257974624634
social,2,50,full_padded,0.3089701533317566,0.6910298466682434
social,2,75,full_padded,0.275095134973526,0.7249048352241516
social,2,100,full_padded,0.30188247561454773,0.6981175541877747
social,3,0,full_padded,0.21895341575145721,0.7810466289520264
social,3,50,full_padded,0.2132386565208435,0.7867614030838013
social,3,75,full_padded,0.21405696868896484,0.7859429717063904
social,3,100,full_padded,0.22839652001857758,0.7716034054756165
soup,0,0,full_padded,0.6102310419082642,0.38976895809173584
soup,0,50,full_padded,0.5996659994125366,0.40033403038978577
soup,0,75,full_padded,0.5998620390892029,0.40013793110847473
soup,0,100,full_padded,0.6147016286849976,0.38529840111732483
soup,1,0,full_padded,0.31520700454711914,0.6847929954528809
soup,1,50,full_padded,0.28842902183532715,0.7115709781646729
soup,1,75,full_padded,0.3252837657928467,0.6747162342071533
soup,1,100,full_padded,0.2911970913410187,0.7088029384613037
soup,2,0,full_padded,0.3139389753341675,0.6860610246658325
soup,2,50,full_padded,0.3520907163619995,0.6479092240333557
soup,2,75,full_padded,0.3620063364505768,0.6379936933517456
soup,2,100,full_padded,0.3607020676136017,0.6392979025840759
soup,3,0,full_padded,0.35916638374328613,0.6408336758613586
soup,3,50,full_padded,0.34749919176101685,0.6525008082389832
soup,3,75,full_padded,0.34224268794059753,0.6577572822570801
soup,3,100,full_padded,0.3682290315628052,0.6317709684371948
takeout,0,0,full_padded,0.7463962435722351,0.2536037266254425
takeout,0,50,full_padded,0.7384644746780396,0.26153555512428284
takeout,0,75,full_padded,0.7362027168273926,0.2637972831726074
takeout,0,100,full_padded,0.7189382910728455,0.28106167912483215
takeout,1,0,full_padded,0.40937694907188416,0.5906230211257935
takeout,1,50,full_padded,0.4218447208404541,0.5781552195549011
takeout,1,75,full_padded,0.4183080196380615,0.5816919803619385
takeout,1,100,full_padded,0.4500395655632019,0.5499604940414429
takeout,2,0,full_padded,0.42086806893348694,0.5791319012641907
takeout,2,50,full_padded,0.41436004638671875,0.5856398940086365
takeout,2,75,full_padded,0.42314785718917847,0.5768521428108215
takeout,2,100,full_padded,0.4166489839553833,0.5833510160446167
takeout,3,0,full_padded,0.5363359451293945,0.46366405487060547
takeout,3,50,full_padded,0.5296033024787903,0.47039666771888733
takeout,3,75,full_padded,0.5537017583847046,0.4462982416152954
takeout,3,100,full_padded,0.5093503594398499,0.49064964056015015
wedding,0,0,full_padded,0.8422701954841614,0.15772977471351624
wedding,0,50,full_padded,0.8253229260444641,0.1746770292520523
wedding,0,75,full_padded,0.8268648982048035,0.17313508689403534
wedding,0,100,full_padded,0.8320811986923218,0.16791878640651703
wedding,1,0,full_padded,0.428625226020813,0.571374773979187
wedding,1,50,full_padded,0.4194916784763336,0.5805084109306335
wedding,1,75,full_padded,0.4140738844871521,0.5859261751174927
wedding,1,100,full_padded,0.4239988923072815,0.5760010480880737
wedding,2,0,full_padded,0.39118313789367676,0.6088168621063232
wedding,2,50,full_padded,0.3985457122325897,0.6014543175697327
wedding,2,75,full_padded,0.40230515599250793,0.5976948738098145
wedding,2,100,full_padded,0.3885534405708313,0.6114464998245239
wedding,3,0,full_padded,0.28283417224884033,0.7171658277511597
wedding,3,50,full_padded,0.28493013978004456,0.7150698304176331
wedding,3,75,full_padded,0.3067404627799988,0.6932594776153564
wedding,3,100,full_padded,0.2919728457927704,0.7080271244049072
apples,0,0,discomfort_only_padded,0.5,0.5
apples,0,50,discomfort_only_padded,0.5,0.5
apples,0,75,discomfort_only_padded,0.5,0.5
apples,0,100,discomfort_only_padded,0.5,0.5
apples,1,0,discomfort_only_padded,0.5,0.5
apples,1,50,discomfort_only_padded,0.5,0.5
apples,1,75,discomfort_only_padded,0.5,0.5
apples,1,100,discomfort_only_padded,0.5,0.5
apples,2,0,discomfort_only_padded,0.5,0.5
apples,2,50,discomfort_only_padded,0.5,0.5
apples,2,75,discomfort_only_padded,0.5,0.5
apples,2,100,discomfort_only_padded,0.5,0.5
apples,3,0,discomfort_only_padded,0.5,0.5
apples,3,50,discomfort_only_padded,0.5,0.5
apples,3,75,discomfort_only_padded,0.5,0.5
apples,3,100,discomfort_only_padded,0.5,0.5
basketball,0,0,discomfort_only_padded,0.5,0.5
basketball,0,50,discomfort_only_padded,0.5,0.5
basketball,0,75,discomfort_only_padded,0.5,0.5
basketball,0,100,discomfort_only_padded,0.5,0.5
basketball,1,0,discomfort_only_padded,0.5,0.5
basketball,1,50,discomfort_only_padded,0.5,0.5
basketball,1,75,discomfort_only_padded,0.5,0.5
basketball,1,100,discomfort_only_padded,0.5,0.5
basketball,2,0,discomfort_only_padded,0.5,0.5
basketball,2,50,discomfort_only_padded,0.5,0.5
basketball,2,75,discomfort_only_padded,0.5,0.5
basketball,2,100,discomfort_only_padded,0.5,0.5
basketball,3,0,discomfort_only_padded,0.5,0.5
basketball,3,50,discomfort_only_padded,0.5,0.5
basketball,3,75,discomfort_only_padded,0.5,0.5
basketball,3,100,discomfort_only_padded,0.5,0.5
birthday,0,0,discomfort_only_padded,0.5,0.5
birthday,0,50,discomfort_only_padded,0.5,0.5
birthday,0,75,discomfort_only_padded,0.5,0.5
birthday,0,100,discomfort_only_padded,0.5,0.5
birthday,1,0,discomfort_only_padded,0.5,0.5
birthday,1,50,discomfort_only_padded,0.5,0.5
birthday,1,75,discomfort_only_padded,0.5,0.5
birthday,1,100,discomfort_only_padded,0.5,0.5
birthday,2,0,discomfort_only_padded,0.5,0.5
birthday,2,50,discomfort_only_padded,0.5,0.5
birthday,2,75,discomfort_only_padded,0.5,0.5
birthday,2,100,discomfort_only_padded,0.5,0.5
birthday,3,0,discomfort_only_padded,0.5,0.5
birthday,3,50,discomfort_only_padded,0.5,0.5
birthday,3,75,discomfort_only_padded,0.5,0.5
birthday,3,100,discomfort_only_padded,0.5,0.5
brunch,0,0,discomfort_only_padded,0.5,0.5
brunch,0,50,discomfort_only_padded,0.5,0.5
brunch,0,75,discomfort_only_padded,0.5,0.5
brunch,0,100,discomfort_only_padded,0.5,0.5
brunch,1,0,discomfort_only_padded,0.5,0.5
brunch,1,50,discomfort_only_padded,0.5,0.5
brunch,1,75,discomfort_only_padded,0.5,0.5
brunch,1,100,discomfort_only_padded,0.5,0.5
brunch,2,0,discomfort_only_padded,0.5,0.5
brunch,2,50,discomfort_only_padded,0.5,0.5
brunch,2,75,discomfort_only_padded,0.5,0.5
brunch,2,100,discomfort_only_padded,0.5,0.5
brunch,3,0,discomfort_only_padded,0.5,0.5
brunch,3,50,discomfort_only_padded,0.5,0.5
brunch,3,75,discomfort_only_padded,0.5,0.5
brunch,3,100,discomfort_only_padded,0.5,0.5
cooking,0,0,discomfort_only_padded,0.5,0.5
cooking,0,50,discomfort_only_padded,0.5,0.5
cooking,0,75,discomfort_only_padded,0.5,0.5
cooking,0,100,discomfort_only_padded,0.5,0.5
cooking,1,0,discomfort_only_padded,0.5,0.5
cooking,1,50,discomfort_only_padded,0.5,0.5
cooking,1,75,discomfort_only_padded,0.5,0.5
cooking,1,100,discomfort_only_padded,0.5,0.5
cooking,2,0,discomfort_only_padded,0.5,0.5
cooking,2,50,discomfort_only_padded,0.5,0.5
cooking,2,75,discomfort_only_padded,0.5,0.5
cooking,2,100,discomfort_only_padded,0.5,0.5
cooking,3,0,discomfort_only_padded,0.5,0.5
cooking,3,50,discomfort_only_padded,0.5,0.5
cooking,3,75,discomfort_only_padded,0.5,0.5
cooking,3,100,discomfort_only_padded,0.5,0.5
dip,0,0,discomfort_only_padded,0.5,0.5
dip,0,50,discomfort_only_padded,0.5,0.5
dip,0,75,discomfort_only_padded,0.5,0.5
dip,0,100,discomfort_only_padded,0.5,0.5
dip,1,0,discomfort_only_padded,0.5,0.5
dip,1,50,discomfort_only_padded,0.5,0.5
dip,1,75,discomfort_only_padded,0.5,0.5
dip,1,100,discomfort_only_padded,0.5,0.5
dip,2,0,discomfort_only_padded,0.5,0.5
dip,2,50,discomfort_only_padded,0.5,0.5
dip,2,75,discomfort_only_padded,0.5,0.5
dip,2,100,discomfort_only_padded,0.5,0.5
dip,3,0,discomfort_only_padded,0.5,0.5
dip,3,50,discomfort_only_padded,0.5,0.5
dip,3,75,discomfort_only_padded,0.5,0.5
dip,3,100,discomfort_only_padded,0.5,0.5
drinks,0,0,discomfort_only_padded,0.5,0.5
drinks,0,50,discomfort_only_padded,0.5,0.5
drinks,0,75,discomfort_only_padded,0.5,0.5
drinks,0,100,discomfort_only_padded,0.5,0.5
drinks,1,0,discomfort_only_padded,0.5,0.5
drinks,1,50,discomfort_only_padded,0.5,0.5
drinks,1,75,discomfort_only_padded,0.5,0.5
drinks,1,100,discomfort_only_padded,0.5,0.5
drinks,2,0,discomfort_only_padded,0.5,0.5
drinks,2,50,discomfort_only_padded,0.5,0.5
drinks,2,75,discomfort_only_padded,0.5,0.5
drinks,2,100,discomfort_only_padded,0.5,0.5
drinks,3,0,discomfort_only_padded,0.5,0.5
drinks,3,50,discomfort_only_padded,0.5,0.5
drinks,3,75,discomfort_only_padded,0.5,0.5
drinks,3,100,discomfort_only_padded,0.5,0.5
driving,0,0,discomfort_only_padded,0.5,0.5
driving,0,50,discomfort_only_padded,0.5,0.5
driving,0,75,discomfort_only_padded,0.5,0.5
driving,0,100,discomfort_only_padded,0.5,0.5
driving,1,0,discomfort_only_padded,0.5,0.5
driving,1,50,discomfort_only_padded,0.5,0.5
driving,1,75,discomfort_only_padded,0.5,0.5
driving,1,100,discomfort_only_padded,0.5,0.5
driving,2,0,discomfort_only_padded,0.5,0.5
driving,2,50,discomfort_only_padded,0.5,0.5
driving,2,75,discomfort_only_padded,0.5,0.5
driving,2,100,discomfort_only_padded,0.5,0.5
driving,3,0,discomfort_only_padded,0.5,0.5
driving,3,50,discomfort_only_padded,0.5,0.5
driving,3,75,discomfort_only_padded,0.5,0.5
driving,3,100,discomfort_only_padded,0.5,0.5
fair,0,0,discomfort_only_padded,0.5,0.5
fair,0,50,discomfort_only_padded,0.5,0.5
fair,0,75,discomfort_only_padded,0.5,0.5
fair,0,100,discomfort_only_padded,0.5,0.5
fair,1,0,discomfort_only_padded,0.5,0.5
fair,1,50,discomfort_only_padded,0.5,0.5
fair,1,75,discomfort_only_padded,0.5,0.5
fair,1,100,discomfort_only_padded,0.5,0.5
fair,2,0,discomfort_only_padded,0.5,0.5
fair,2,50,discomfort_only_padded,0.5,0.5
fair,2,75,discomfort_only_padded,0.5,0.5
fair,2,100,discomfort_only_padded,0.5,0.5
fair,3,0,discomfort_only_padded,0.5,0.5
fair,3,50,discomfort_only_padded,0.5,0.5
fair,3,75,discomfort_only_padded,0.5,0.5
fair,3,100,discomfort_only_padded,0.5,0.5
gala,0,0,discomfort_only_padded,0.5,0.5
gala,0,50,discomfort_only_padded,0.5,0.5
gala,0,75,discomfort_only_padded,0.5,0.5
gala,0,100,discomfort_only_padded,0.5,0.5
gala,1,0,discomfort_only_padded,0.5,0.5
gala,1,50,discomfort_only_padded,0.5,0.5
gala,1,75,discomfort_only_padded,0.5,0.5
gala,1,100,discomfort_only_padded,0.5,0.5
gala,2,0,discomfort_only_padded,0.5,0.5
gala,2,50,discomfort_only_padded,0.5,0.5
gala,2,75,discomfort_only_padded,0.5,0.5
gala,2,100,discomfort_only_padded,0.5,0.5
gala,3,0,discomfort_only_padded,0.5,0.5
gala,3,50,discomfort_only_padded,0.5,0.5
gala,3,75,discomfort_only_padded,0.5,0.5
gala,3,100,discomfort_only_padded,0.5,0.5
hike,0,0,discomfort_only_padded,0.5,0.5
hike,0,50,discomfort_only_padded,0.5,0.5
hike,0,75,discomfort_only_padded,0.5,0.5
hike,0,100,discomfort_only_padded,0.5,0.5
hike,1,0,discomfort_only_padded,0.5,0.5
hike,1,50,discomfort_only_padded,0.5,0.5
hike,1,75,discomfort_only_padded,0.5,0.5
hike,1,100,discomfort_only_padded,0.5,0.5
hike,2,0,discomfort_only_padded,0.5,0.5
hike,2,50,discomfort_only_padded,0.5,0.5
hike,2,75,discomfort_only_padded,0.5,0.5
hike,2,100,discomfort_only_padded,0.5,0.5
hike,3,0,discomfort_only_padded,0.5,0.5
hike,3,50,discomfort_only_padded,0.5,0.5
hike,3,75,discomfort_only_padded,0.5,0.5
hike,3,100,discomfort_only_padded,0.5,0.5
oysters,0,0,discomfort_only_padded,0.5,0.5
oysters,0,50,discomfort_only_padded,0.5,0.5
oysters,0,75,discomfort_only_padded,0.5,0.5
oysters,0,100,discomfort_only_padded,0.5,0.5
oysters,1,0,discomfort_only_padded,0.5,0.5
oysters,1,50,discomfort_only_padded,0.5,0.5
oysters,1,75,discomfort_only_padded,0.5,0.5
oysters,1,100,discomfort_only_padded,0.5,0.5
oysters,2,0,discomfort_only_padded,0.5,0.5
oysters,2,50,discomfort_only_padded,0.5,0.5
oysters,2,75,discomfort_only_padded,0.5,0.5
oysters,2,100,discomfort_only_padded,0.5,0.5
oysters,3,0,discomfort_only_padded,0.5,0.5
oysters,3,50,discomfort_only_padded,0.5,0.5
oysters,3,75,discomfort_only_padded,0.5,0.5
oysters,3,100,discomfort_only_padded,0.5,0.5
social,0,0,discomfort_only_padded,0.5,0.5
social,0,50,discomfort_only_padded,0.5,0.5
social,0,75,discomfort_only_padded,0.5,0.5
social,0,100,discomfort_only_padded,0.5,0.5
social,1,0,discomfort_only_padded,0.5,0.5
social,1,50,discomfort_only_padded,0.5,0.5
social,1,75,discomfort_only_padded,0.5,0.5
social,1,100,discomfort_only_padded,0.5,0.5
social,2,0,discomfort_only_padded,0.5,0.5
social,2,50,discomfort_only_padded,0.5,0.5
social,2,75,discomfort_only_padded,0.5,0.5
social,2,100,discomfort_only_padded,0.5,0.5
social,3,0,discomfort_only_padded,0.5,0.5
social,3,50,discomfort_only_padded,0.5,0.5
social,3,75,discomfort_only_padded,0.5,0.5
social,3,100,discomfort_only_padded,0.5,0.5
soup,0,0,discomfort_only_padded,0.5,0.5
soup,0,50,discomfort_only_padded,0.5,0.5
soup,0,75,discomfort_only_padded,0.5,0.5
soup,0,100,discomfort_only_padded,0.5,0.5
soup,1,0,discomfort_only_padded,0.5,0.5
soup,1,50,discomfort_only_padded,0.5,0.5
soup,1,75,discomfort_only_padded,0.5,0.5
soup,1,100,discomfort_only_padded,0.5,0.5
soup,2,0,discomfort_only_padded,0.5,0.5
soup,2,50,discomfort_only_padded,0.5,0.5
soup,2,75,discomfort_only_padded,0.5,0.5
soup,2,100,discomfort_only_padded,0.5,0.5
soup,3,0,discomfort_only_padded,0.5,0.5
soup,3,50,discomfort_only_padded,0.5,0.5
soup,3,75,discomfort_only_padded,0.5,0.5
soup,3,100,discomfort_only_padded,0.5,0.5
takeout,0,0,discomfort_only_padded,0.5,0.5
takeout,0,50,discomfort_only_padded,0.5,0.5
takeout,0,75,discomfort_only_padded,0.5,0.5
takeout,0,100,discomfort_only_padded,0.5,0.5
takeout,1,0,discomfort_only_padded,0.5,0.5
takeout,1,50,discomfort_only_padded,0.5,0.5
takeout,1,75,discomfort_only_padded,0.5,0.5
takeout,1,100,discomfort_only_padded,0.5,0.5
takeout,2,0,discomfort_only_padded,0.5,0.5
takeout,2,50,discomfort_only_padded,0.5,0.5
takeout,2,75,discomfort_only_padded,0.5,0.5
takeout,2,100,discomfort_only_padded,0.5,0.5
takeout,3,0,discomfort_only_padded,0.5,0.5
takeout,3,50,discomfort_only_padded,0.5,0.5
takeout,3,75,discomfort_only_padded,0.5,0.5
takeout,3,100,discomfort_only_padded,0.5,0.5
wedding,0,0,discomfort_only_padded,0.5,0.5
wedding,0,50,discomfort_only_padded,0.5,0.5
wedding,0,75,discomfort_only_padded,0.5,0.5
wedding,0,100,discomfort_only_padded,0.5,0.5
wedding,1,0,discomfort_only_padded,0.5,0.5
wedding,1,50,discomfort_only_padded,0.5,0.5
wedding,1,75,discomfort_only_padded,0.5,0.5
wedding,1,100,discomfort_only_padded,0.5,0.5
wedding,2,0,discomfort_only_padded,0.5,0.5
wedding,2,50,discomfort_only_padded,0.5,0.5
wedding,2,75,discomfort_only_padded,0.5,0.5
wedding,2,100,discomfort_only_padded,0.5,0.5
wedding,3,0,discomfort_only_padded,0.5,0.5
wedding,3,50,discomfort_only_padded,0.5,0.5
wedding,3,75,discomfort_only_padded,0.5,0.5
wedding,3,100,discomfort_only_padded,0.5,0.5
apples,0,0,base_padded,0.7584537863731384,0.24154622852802277
apples,0,50,base_padded,0.7416661977767944,0.2583337426185608
apples,0,75,base_padded,0.7600892782211304,0.2399107664823532
apples,0,100,base_padded,0.7244317531585693,0.2755682170391083
apples,1,0,base_padded,0.2713163495063782,0.7286836504936218
apples,1,50,base_padded,0.32606568932533264,0.6739343404769897
apples,1,75,base_padded,0.32672885060310364,0.6732711791992188
apples,1,100,base_padded,0.3450163006782532,0.6549837589263916
apples,2,0,base_padded,0.290109783411026,0.7098903059959412
apples,2,50,base_padded,0.2589394450187683,0.7410604953765869
apples,2,75,base_padded,0.21907927095890045,0.7809207439422607
apples,2,100,base_padded,0.29312580823898315,0.7068742513656616
apples,3,0,base_padded,0.2237454056739807,0.7762546539306641
apples,3,50,base_padded,0.28931868076324463,0.7106813192367554
apples,3,75,base_padded,0.2729996144771576,0.72700035572052
apples,3,100,base_padded,0.2749800682067871,0.7250199317932129
basketball,0,0,base_padded,0.8058034777641296,0.19419649243354797
basketball,0,50,base_padded,0.7777181267738342,0.22228184342384338
basketball,0,75,base_padded,0.7651503086090088,0.2348496913909912
basketball,0,100,base_padded,0.76902174949646,0.23097826540470123
basketball,1,0,base_padded,0.4296122193336487,0.5703877806663513
basketball,1,50,base_padded,0.37872543931007385,0.6212745904922485
basketball,1,75,base_padded,0.41370999813079834,0.5862900614738464
basketball,1,100,base_padded,0.392108291387558,0.6078916788101196
basketball,2,0,base_padded,0.38951608538627625,0.6104838848114014
basketball,2,50,base_padded,0.4072345793247223,0.5927654504776001
basketball,2,75,base_padded,0.3992648124694824,0.6007351279258728
basketball,2,100,base_padded,0.4159791171550751,0.5840208530426025
basketball,3,0,base_padded,0.41302990913391113,0.5869700908660889
basketball,3,50,base_padded,0.4007800221443176,0.5992199182510376
basketball,3,75,base_padded,0.44523361325263977,0.5547664165496826
basketball,3,100,base_padded,0.3992597460746765,0.6007401943206787
birthday,0,0,base_padded,0.711868405342102,0.28813159465789795
birthday,0,50,base_padded,0.5934845209121704,0.40651553869247437
birthday,0,75,base_padded,0.6580379009246826,0.3419620990753174
birthday,0,100,base_padded,0.7044025659561157,0.2955974340438843
birthday,1,0,base_padded,0.2971596419811249,0.7028403878211975
birthday,1,50,base_padded,0.2726132869720459,0.7273867130279541
birthday,1,75,base_padded,0.2777509093284607,0.7222490310668945
birthday,1,100,base_padded,0.29468557238578796,0.7053143978118896
birthday,2,0,base_padded,0.3275144696235657,0.6724854707717896
birthday,2,50,base_padded,0.3305967450141907,0.6694033145904541
birthday,2,75,base_padded,0.33940261602401733,0.6605974435806274
birthday,2,100,base_padded,0.3271452784538269,0.6728547215461731
birthday,3,0,base_padded,0.34627828001976013,0.6537217497825623
birthday,3,50,base_padded,0.3276764452457428,0.6723235845565796
birthday,3,75,base_padded,0.32120203971862793,0.6787979602813721
birthday,3,100,base_padded,0.3237486183643341,0.6762514114379883
brunch,0,0,base_padded,0.275848925113678,0.724151074886322
brunch,0,50,base_padded,0.2764561176300049,0.7235438823699951
brunch,0,75,base_padded,0.27225184440612793,0.7277481555938721
brunch,0,100,base_padded,0.2648817002773285,0.7351183295249939
brunch,1,0,base_padded,0.22613872587680817,0.773861289024353
brunch,1,50,base_padded,0.23859703540802002,0.76140296459198
brunch,1,75,base_padded,0.2409956306219101,0.7590043544769287
brunch,1,100,base_padded,0.2285904884338379,0.7714095115661621
brunch,2,0,base_padded,0.24184146523475647,0.7581585049629211
brunch,2,50,base_padded,0.2623192369937897,0.7376807928085327
brunch,2,75,base_padded,0.25758862495422363,0.7424113750457764
brunch,2,100,base_padded,0.2485349029302597,0.7514650821685791
brunch,3,0,base_padded,0.178750142455101,0.8212498426437378
brunch,3,50,base_padded,0.22379659116268158,0.7762033939361572
brunch,3,75,base_padded,0.22000202536582947,0.7799980044364929
brunch,3,100,base_padded,0.22712746262550354,0.7728725671768188
cooking,0,0,base_padded,0.8085830807685852,0.191416934132576
cooking,0,50,base_padded,0.8407590389251709,0.1592409759759903
cooking,0,75,base_padded,0.8187741041183472,0.18122589588165283
cooking,0,100,base_padded,0.7989754676818848,0.20102454721927643
cooking,1,0,base_padded,0.3451850116252899,0.6548149585723877
cooking,1,50,base_padded,0.259297639131546,0.7407023310661316
cooking,1,75,base_padded,0.276551753282547,0.7234482765197754
cooking,1,100,base_padded,0.2677465081214905,0.7322534918785095
cooking,2,0,base_padded,0.132634237408638,0.867365837097168
cooking,2,50,base_padded,0.12098533660173416,0.8790146112442017
cooking,2,75,base_padded,0.2524734139442444,0.7475265860557556
cooking,2,100,base_padded,0.2902584969997406,0.709741473197937
cooking,3,0,base_padded,0.10137607902288437,0.8986239433288574
cooking,3,50,base_padded,0.10477961599826813,0.8952203392982483
cooking,3,75,base_padded,0.1829635500907898,0.8170364499092102
cooking,3,100,base_padded,0.18225938081741333,0.8177406191825867
dip,0,0,base_padded,0.7701535224914551,0.22984643280506134
dip,0,50,base_padded,0.8377469182014465,0.16225312650203705
dip,0,75,base_padded,0.838922917842865,0.16107706725597382
dip,0,100,base_padded,0.8110499978065491,0.18894998729228973
dip,1,0,base_padded,0.08103770762681961,0.918962299823761
dip,1,50,base_padded,0.06785272061824799,0.9321472644805908
dip,1,75,base_padded,0.1336956024169922,0.8663044571876526
dip,1,100,base_padded,0.08968649059534073,0.9103134870529175
dip,2,0,base_padded,0.10000639408826828,0.8999936580657959
dip,2,50,base_padded,0.07165399938821793,0.9283460378646851
dip,2,75,base_padded,0.08716286718845367,0.9128370881080627
dip,2,100,base_padded,0.08634212613105774,0.9136578440666199
dip,3,0,base_padded,0.25194647908210754,0.7480534911155701
dip,3,50,base_padded,0.08225931972265244,0.9177406430244446
dip,3,75,base_padded,0.10268247872591019,0.8973175287246704
dip,3,100,base_padded,0.08348390460014343,0.9165160655975342
drinks,0,0,base_padded,0.7227938771247864,0.2772061228752136
drinks,0,50,base_padded,0.7079756259918213,0.2920243442058563
drinks,0,75,base_padded,0.6994068622589111,0.30059319734573364
drinks,0,100,base_padded,0.7249072790145874,0.2750926613807678
drinks,1,0,base_padded,0.15796993672847748,0.8420301079750061
drinks,1,50,base_padded,0.1680479645729065,0.8319520354270935
drinks,1,75,base_padded,0.12274744361639023,0.8772525191307068
drinks,1,100,base_padded,0.16514895856380463,0.8348510265350342
drinks,2,0,base_padded,0.2427297830581665,0.7572702169418335
drinks,2,50,base_padded,0.14043757319450378,0.8595623970031738
drinks,2,75,base_padded,0.1252831071615219,0.8747168779373169
drinks,2,100,base_padded,0.19500142335891724,0.804998517036438
drinks,3,0,base_padded,0.22531284391880035,0.7746871709823608
drinks,3,50,base_padded,0.18740148842334747,0.812598466873169
drinks,3,75,base_padded,0.2000703513622284,0.7999296188354492
drinks,3,100,base_padded,0.18405820429325104,0.8159418106079102
driving,0,0,base_padded,0.5938398241996765,0.4061601459980011
driving,0,50,base_padded,0.6003766655921936,0.3996233642101288
driving,0,75,base_padded,0.5869055986404419,0.41309434175491333
driving,0,100,base_padded,0.5983774662017822,0.4016225337982178
driving,1,0,base_padded,0.24218793213367462,0.7578120827674866
driving,1,50,base_padded,0.223926842212677,0.776073157787323
driving,1,75,base_padded,0.23118451237678528,0.7688154578208923
driving,1,100,base_padded,0.2154034972190857,0.7845964431762695
driving,2,0,base_padded,0.23675911128520966,0.7632408738136292
driving,2,50,base_padded,0.2369258552789688,0.7630741000175476
driving,2,75,base_padded,0.23578619956970215,0.7642138004302979
driving,2,100,base_padded,0.2385014146566391,0.7614985704421997
driving,3,0,base_padded,0.3061346709728241,0.6938653588294983
driving,3,50,base_padded,0.2666946053504944,0.7333053946495056
driving,3,75,base_padded,0.27458256483078003,0.72541743516922
driving,3,100,base_padded,0.27562960982322693,0.7243703603744507
fair,0,0,base_padded,0.7946869730949402,0.205313041806221
fair,0,50,base_padded,0.8195722699165344,0.180427685379982
fair,0,75,base_padded,0.8010787963867188,0.19892117381095886
fair,0,100,base_padded,0.7988496422767639,0.20115035772323608
fair,1,0,base_padded,0.5507852435112,0.44921478629112244
fair,1,50,base_padded,0.5186246037483215,0.4813753664493561
fair,1,75,base_padded,0.5682146549224854,0.43178537487983704
fair,1,100,base_padded,0.5500597357749939,0.4499402642250061
fair,2,0,base_padded,0.5119883418083191,0.4880116581916809
fair,2,50,base_padded,0.44266006350517273,0.5573399662971497
fair,2,75,base_padded,0.5087890028953552,0.49121102690696716
fair,2,100,base_padded,0.5261127948760986,0.473887175321579
fair,3,0,base_padded,0.17339429259300232,0.8266056776046753
fair,3,50,base_padded,0.16909608244895935,0.8309038877487183
fair,3,75,base_padded,0.23687323927879333,0.763126790523529
fair,3,100,base_padded,0.23050065338611603,0.7694993019104004
gala,0,0,base_padded,0.8213778138160706,0.17862217128276825
gala,0,50,base_padded,0.8211416602134705,0.17885835468769073
gala,0,75,base_padded,0.8241044878959656,0.17589552700519562
gala,0,100,base_padded,0.8049677610397339,0.19503217935562134
gala,1,0,base_padded,0.17748352885246277,0.8225164413452148
gala,1,50,base_padded,0.14620833098888397,0.8537916541099548
gala,1,75,base_padded,0.18675853312015533,0.8132414221763611
gala,1,100,base_padded,0.11539320647716522,0.8846067786216736
gala,2,0,base_padded,0.13323438167572021,0.8667656183242798
gala,2,50,base_padded,0.13857856392860413,0.8614214658737183
gala,2,75,base_padded,0.1630939394235611,0.8369060754776001
gala,2,100,base_padded,0.1273927390575409,0.8726072311401367
gala,3,0,base_padded,0.11338011920452118,0.8866198658943176
gala,3,50,base_padded,0.10794159024953842,0.8920583724975586
gala,3,75,base_padded,0.12355461716651917,0.8764454126358032
gala,3,100,base_padded,0.10861454159021378,0.8913854956626892
hike,0,0,base_padded,0.6929812431335449,0.30701881647109985
hike,0,50,base_padded,0.694311797618866,0.3056882321834564
hike,0,75,base_padded,0.7330504655838013,0.26694953441619873
hike,0,100,base_padded,0.7290161848068237,0.2709837555885315
hike,1,0,base_padded,0.25460004806518555,0.7453999519348145
hike,1,50,base_padded,0.21903032064437866,0.7809696793556213
hike,1,75,base_padded,0.28571224212646484,0.7142877578735352
hike,1,100,base_padded,0.2960989475250244,0.7039010524749756
hike,2,0,base_padded,0.35108378529548645,0.6489162445068359
hike,2,50,base_padded,0.38303402066230774,0.6169659495353699
hike,2,75,base_padded,0.3349471092224121,0.6650528311729431
hike,2,100,base_padded,0.3593044877052307,0.6406955122947693
hike,3,0,base_padded,0.27245280146598816,0.7275471687316895
hike,3,50,base_padded,0.24345120787620544,0.7565488219261169
hike,3,75,base_padded,0.24298667907714844,0.7570133209228516
hike,3,100,base_padded,0.2580682635307312,0.7419317364692688
oysters,0,0,base_padded,0.5673123598098755,0.4326876699924469
oysters,0,50,base_padded,0.5986167788505554,0.40138325095176697
oysters,0,75,base_padded,0.6057054996490479,0.39429450035095215
oysters,0,100,base_padded,0.6257538199424744,0.37424618005752563
oysters,1,0,base_padded,0.26111921668052673,0.7388807535171509
oysters,1,50,base_padded,0.23390434682369232,0.7660956382751465
oysters,1,75,base_padded,0.22604046761989594,0.7739595770835876
oysters,1,100,base_padded,0.24296866357326508,0.7570313215255737
oysters,2,0,base_padded,0.3095908463001251,0.6904091238975525
oysters,2,50,base_padded,0.324243426322937,0.675756573677063
oysters,2,75,base_padded,0.3549889624118805,0.6450110673904419
oysters,2,100,base_padded,0.32506063580513,0.6749393939971924
oysters,3,0,base_padded,0.18324638903141022,0.8167535662651062
oysters,3,50,base_padded,0.16683517396450043,0.8331648111343384
oysters,3,75,base_padded,0.18662984669208527,0.8133701682090759
oysters,3,100,base_padded,0.21298472583293915,0.7870152592658997
social,0,0,base_padded,0.5835872888565063,0.41641271114349365
social,0,50,base_padded,0.5495500564575195,0.4504499137401581
social,0,75,base_padded,0.5445416569709778,0.45545828342437744
social,0,100,base_padded,0.5911588668823242,0.4088411331176758
social,1,0,base_padded,0.21807241439819336,0.7819275856018066
social,1,50,base_padded,0.24165180325508118,0.7583481669425964
social,1,75,base_padded,0.24703004956245422,0.7529699206352234
social,1,100,base_padded,0.2542520761489868,0.7457479238510132
social,2,0,base_padded,0.2725546658039093,0.7274453639984131
social,2,50,base_padded,0.2963506281375885,0.7036493420600891
social,2,75,base_padded,0.2598910331726074,0.7401090264320374
social,2,100,base_padded,0.29259538650512695,0.707404613494873
social,3,0,base_padded,0.205338716506958,0.7946613430976868
social,3,50,base_padded,0.20185786485671997,0.79814213514328
social,3,75,base_padded,0.19839613139629364,0.8016038537025452
social,3,100,base_padded,0.20930400490760803,0.7906960248947144
soup,0,0,base_padded,0.6136309504508972,0.3863690495491028
soup,0,50,base_padded,0.6040964126586914,0.395903617143631
soup,0,75,base_padded,0.6046463251113892,0.3953537046909332
soup,0,100,base_padded,0.616787850856781,0.383212149143219
soup,1,0,base_padded,0.30858609080314636,0.691413938999176
soup,1,50,base_padded,0.28421303629875183,0.7157869935035706
soup,1,75,base_padded,0.31624752283096313,0.6837525367736816
soup,1,100,base_padded,0.2870190143585205,0.7129809856414795
soup,2,0,base_padded,0.3121102452278137,0.6878897547721863
soup,2,50,base_padded,0.3562236428260803,0.6437763571739197
soup,2,75,base_padded,0.36626923084259033,0.6337307691574097
soup,2,100,base_padded,0.36025649309158325,0.6397435069084167
soup,3,0,base_padded,0.3669864237308502,0.6330135464668274
soup,3,50,base_padded,0.3560969829559326,0.6439030170440674
soup,3,75,base_padded,0.35144510865211487,0.6485548615455627
soup,3,100,base_padded,0.37779128551483154,0.6222087144851685
takeout,0,0,base_padded,0.744414210319519,0.25558581948280334
takeout,0,50,base_padded,0.7316092252731323,0.2683907747268677
takeout,0,75,base_padded,0.7339504361152649,0.2660495340824127
takeout,0,100,base_padded,0.7147520184516907,0.2852479815483093
takeout,1,0,base_padded,0.4093894064426422,0.5906105637550354
takeout,1,50,base_padded,0.4224955439567566,0.5775044560432434
takeout,1,75,base_padded,0.41821321845054626,0.5817867517471313
takeout,1,100,base_padded,0.448407381772995,0.5515925884246826
takeout,2,0,base_padded,0.424801766872406,0.5751982927322388
takeout,2,50,base_padded,0.4175141155719757,0.5824859142303467
takeout,2,75,base_padded,0.42817771434783936,0.5718223452568054
takeout,2,100,base_padded,0.4205723702907562,0.5794275999069214
takeout,3,0,base_padded,0.5346567630767822,0.4653432071208954
takeout,3,50,base_padded,0.5285055637359619,0.4714944362640381
takeout,3,75,base_padded,0.5585996508598328,0.44140034914016724
takeout,3,100,base_padded,0.5063097476959229,0.49369022250175476
wedding,0,0,base_padded,0.8465490341186523,0.15345102548599243
wedding,0,50,base_padded,0.822888970375061,0.17711101472377777
wedding,0,75,base_padded,0.8284253478050232,0.171574667096138
wedding,0,100,base_padded,0.8309875726699829,0.16901236772537231
wedding,1,0,base_padded,0.4238262474536896,0.576173722743988
wedding,1,50,base_padded,0.4148702025413513,0.5851297974586487
wedding,1,75,base_padded,0.41079914569854736,0.5892008543014526
wedding,1,100,base_padded,0.416233628988266,0.5837663412094116
wedding,2,0,base_padded,0.39709264039993286,0.6029073596000671
wedding,2,50,base_padded,0.3956502079963684,0.6043497920036316
wedding,2,75,base_padded,0.4026130437850952,0.59738689661026
wedding,2,100,base_padded,0.38580211997032166,0.6141979098320007
wedding,3,0,base_padded,0.28998851776123047,0.7100115418434143
wedding,3,50,base_padded,0.29146742820739746,0.7085325717926025
wedding,3,75,base_padded,0.31359291076660156,0.6864071488380432
wedding,3,100,base_padded,0.2981204688549042,0.7018795609474182
