subject_id,scenario_label,action_condition,intimacy,stage,response
0d251f69-6ab6-5876-bac4-0dea98b95cd4,apples,action_3,75,posterior,54
0d251f69-6ab6-5876-bac4-0dea98b95cd4,apples,action_3,75,prior,89
0d251f69-6ab6-5876-bac4-0dea98b95cd4,basketball,action_2,50,posterior,83
0d251f69-6ab6-5876-bac4-0dea98b95cd4,basketball,action_2,50,prior,50
0d251f69-6ab6-5876-bac4-0dea98b95cd4,birthday,action_2,75,posterior,82
0d251f69-6ab6-5876-bac4-0dea98b95cd4,birthday,action_2,75,prior,50
0d251f69-6ab6-5876-bac4-0dea98b95cd4,brunch,action_2,100,posterior,100
0d251f69-6ab6-5876-bac4-0dea98b95cd4,brunch,action_2,100,prior,85
0d251f69-6ab6-5876-bac4-0dea98b95cd4,cooking,action_3,50,posterior,100
0d251f69-6ab6-5876-bac4-0dea98b95cd4,cooking,action_3,50,prior,100
0d251f69-6ab6-5876-bac4-0dea98b95cd4,dip,action_3,100,posterior,49
0d251f69-6ab6-5876-bac4-0dea98b95cd4,dip,action_3,100,prior,8
0d251f69-6ab6-5876-bac4-0dea98b95cd4,drinks,action_0,0,posterior,0
0d251f69-6ab6-5876-bac4-0dea98b95cd4,drinks,action_0,0,prior,86
0d251f69-6ab6-5876-bac4-0dea98b95cd4,driving,action_0,50,posterior,100
0d251f69-6ab6-5876-bac4-0dea98b95cd4,driving,action_0,50,prior,82
0d251f69-6ab6-5876-bac4-0dea98b95cd4,fair,action_0,75,posterior,19
0d251f69-6ab6-5876-bac4-0dea98b95cd4,fair,action_0,75,prior,75
0d251f69-6ab6-5876-bac4-0dea98b95cd4,gala,action_0,100,posterior,10
0d251f69-6ab6-5876-bac4-0dea98b95cd4,gala,action_0,100,prior,97
0d251f69-6ab6-5876-bac4-0dea98b95cd4,hike,action_1,0,posterior,100
0d251f69-6ab6-5876-bac4-0dea98b95cd4,hike,action_1,0,prior,71
0d251f69-6ab6-5876-bac4-0dea98b95cd4,oysters,action_1,50,posterior,78
0d251f69-6ab6-5876-bac4-0dea98b95cd4,oysters,action_1,50,prior,100
0d251f69-6ab6-5876-bac4-0dea98b95cd4,social,action_1,75,posterior,100
0d251f69-6ab6-5876-bac4-0dea98b95cd4,social,action_1,75,prior,51
0d251f69-6ab6-5876-bac4-0dea98b95cd4,soup,action_1,100,posterior,100
0d251f69-6ab6-5876-bac4-0dea98b95cd4,soup,action_1,100,prior,82
0d251f69-6ab6-5876-bac4-0dea98b95cd4,takeout,action_3,0,posterior,69
0d251f69-6ab6-5876-bac4-0dea98b95cd4,takeout,action_3,0,prior,50
0d251f69-6ab6-5876-bac4-0dea98b95cd4,wedding,action_2,0,posterior,25
0d251f69-6ab6-5876-bac4-0dea98b95cd4,wedding,action_2,0,prior,81
148ee7a6-adb2-5a5a-b9b9-ff38ee9e6d69,apples,action_2,0,posterior,86
148ee7a6-adb2-5a5a-b9b9-ff38ee9e6d69,apples,action_2,0,prior,11
148ee7a6-adb2-5a5a-b9b9-ff38ee9e6d69,basketball,action_0,100,posterior,92
148ee7a6-adb2-5a5a-b9b9-ff38ee9e6d69,basketball,action_0,100,prior,80
148ee7a6-adb2-5a5a-b9b9-ff38ee9e6d69,birthday,action_1,0,posterior,9
148ee7a6-adb2-5a5a-b9b9-ff38ee9e6d69,birthday,action_1,0,prior,31
148ee7a6-adb2-5a5a-b9b9-ff38ee9e6d69,brunch,action_1,50,posterior,79
148ee7a6-adb2-5a5a-b9b9-ff38ee9e6d69,brunch,action_1,50,prior,41
148ee7a6-adb2-5a5a-b9b9-ff38ee9e6d69,cooking,action_1,100,posterior,100
148ee7a6-adb2-5a5a-b9b9-ff38ee9e6d69,cooking,action_1,100,prior,98
148ee7a6-adb2-5a5a-b9b9-ff38ee9e6d69,dip,action_2,50,posterior,100
148ee7a6-adb2-5a5a-b9b9-ff38ee9e6d69,dip,action_2,50,prior,100
148ee7a6-adb2-5a5a-b9b9-ff38ee9e6d69,drinks,action_2,75,posterior,86
148ee7a6-adb2-5a5a-b9b9-ff38ee9e6d69,drinks,action_2,75,prior,90
148ee7a6-adb2-5a5a-b9b9-ff38ee9e6d69,driving,action_2,100,posterior,9
148ee7a6-adb2-5a5a-b9b9-ff38ee9e6d69,driving,action_2,100,prior,2
148ee7a6-adb2-5a5a-b9b9-ff38ee9e6d69,fair,action_3,0,posterior,14
148ee7a6-adb2-5a5a-b9b9-ff38ee9e6d69,fair,action_3,0,prior,15
148ee7a6-adb2-5a5a-b9b9-ff38ee9e6d69,gala,action_3,50,posterior,99
148ee7a6-adb2-5a5a-b9b9-ff38ee9e6d69,gala,action_3,50,prior,2
148ee7a6-adb2-5a5a-b9b9-ff38ee9e6d69,hike,action_3,75,posterior,91
148ee7a6-adb2-5a5a-b9b9-ff38ee9e6d69,hike,action_3,75,prior,92
148ee7a6-adb2-5a5a-b9b9-ff38ee9e6d69,oysters,action_3,100,posterior,100
148ee7a6-adb2-5a5a-b9b9-ff38ee9e6d69,oysters,action_3,100,prior,100
148ee7a6-adb2-5a5a-b9b9-ff38ee9e6d69,social,action_0,0,posterior,99
148ee7a6-adb2-5a5a-b9b9-ff38ee9e6d69,social,action_0,0,prior,98
148ee7a6-adb2-5a5a-b9b9-ff38ee9e6d69,soup,action_0,50,posterior,6
148ee7a6-adb2-5a5a-b9b9-ff38ee9e6d69,soup,action_0,50,prior,6
148ee7a6-adb2-5a5a-b9b9-ff38ee9e6d69,takeout,action_1,75,posterior,98
148ee7a6-adb2-5a5a-b9b9-ff38ee9e6d69,takeout,action_1,75,prior,100
148ee7a6-adb2-5a5a-b9b9-ff38ee9e6d69,wedding,action_0,75,posterior,18
148ee7a6-adb2-5a5a-b9b9-ff38ee9e6d69,wedding,action_0,75,prior,85
15e14378-9a5e-58a5-b38e-966e578b6fe9,apples,action_0,100,posterior,14
15e14378-9a5e-58a5-b38e-966e578b6fe9,apples,action_0,100,prior,71
15e14378-9a5e-58a5-b38e-966e578b6fe9,basketball,action_3,75,posterior,58
15e14378-9a5e-58a5-b38e-966e578b6fe9,basketball,action_3,75,prior,53
15e14378-9a5e-58a5-b38e-966e578b6fe9,birthday,action_3,100,posterior,91
15e14378-9a5e-58a5-b38e-966e578b6fe9,birthday,action_3,100,prior,58
15e14378-9a5e-58a5-b38e-966e578b6fe9,brunch,action_0,0,posterior,24
15e14378-9a5e-58a5-b38e-966e578b6fe9,brunch,action_0,0,prior,50
15e14378-9a5e-58a5-b38e-966e578b6fe9,cooking,action_0,75,posterior,30
15e14378-9a5e-58a5-b38e-966e578b6fe9,cooking,action_0,75,prior,75
15e14378-9a5e-58a5-b38e-966e578b6fe9,dip,action_1,0,posterior,89
15e14378-9a5e-58a5-b38e-966e578b6fe9,dip,action_1,0,prior,83
15e14378-9a5e-58a5-b38e-966e578b6fe9,drinks,action_1,50,posterior,86
15e14378-9a5e-58a5-b38e-966e578b6fe9,drinks,action_1,50,prior,50
15e14378-9a5e-58a5-b38e-966e578b6fe9,driving,action_1,75,posterior,49
15e14378-9a5e-58a5-b38e-966e578b6fe9,driving,action_1,75,prior,50
15e14378-9a5e-58a5-b38e-966e578b6fe9,fair,action_1,100,posterior,71
15e14378-9a5e-58a5-b38e-966e578b6fe9,fair,action_1,100,prior,49
15e14378-9a5e-58a5-b38e-966e578b6fe9,gala,action_2,0,posterior,86
15e14378-9a5e-58a5-b38e-966e578b6fe9,gala,action_2,0,prior,65
15e14378-9a5e-58a5-b38e-966e578b6fe9,hike,action_2,50,posterior,28
15e14378-9a5e-58a5-b38e-966e578b6fe9,hike,action_2,50,prior,36
15e14378-9a5e-58a5-b38e-966e578b6fe9,oysters,action_2,75,posterior,63
15e14378-9a5e-58a5-b38e-966e578b6fe9,oysters,action_2,75,prior,83
15e14378-9a5e-58a5-b38e-966e578b6fe9,social,action_2,100,posterior,55
15e14378-9a5e-58a5-b38e-966e578b6fe9,social,action_2,100,prior,52
15e14378-9a5e-58a5-b38e-966e578b6fe9,soup,action_3,0,posterior,75
15e14378-9a5e-58a5-b38e-966e578b6fe9,soup,action_3,0,prior,50
15e14378-9a5e-58a5-b38e-966e578b6fe9,takeout,action_0,50,posterior,36
15e14378-9a5e-58a5-b38e-966e578b6fe9,takeout,action_0,50,prior,50
15e14378-9a5e-58a5-b38e-966e578b6fe9,wedding,action_3,50,posterior,63
15e14378-9a5e-58a5-b38e-966e578b6fe9,wedding,action_3,50,prior,11
18bdb657-200e-5df2-bf29-8e9c4e8f5c5b,apples,action_1,0,posterior,63
18bdb657-200e-5df2-bf29-8e9c4e8f5c5b,apples,action_1,0,prior,59
18bdb657-200e-5df2-bf29-8e9c4e8f5c5b,basketball,action_2,50,posterior,71
18bdb657-200e-5df2-bf29-8e9c4e8f5c5b,basketball,action_2,50,prior,60
18bdb657-200e-5df2-bf29-8e9c4e8f5c5b,birthday,action_2,75,posterior,54
18bdb657-200e-5df2-bf29-8e9c4e8f5c5b,birthday,action_2,75,prior,50
18bdb657-200e-5df2-bf29-8e9c4e8f5c5b,brunch,action_3,100,posterior,87
18bdb657-200e-5df2-bf29-8e9c4e8f5c5b,brunch,action_3,100,prior,54
18bdb657-200e-5df2-bf29-8e9c4e8f5c5b,cooking,action_2,100,posterior,71
18bdb657-200e-5df2-bf29-8e9c4e8f5c5b,cooking,action_2,100,prior,79
18bdb657-200e-5df2-bf29-8e9c4e8f5c5b,dip,action_1,75,posterior,75
18bdb657-200e-5df2-bf29-8e9c4e8f5c5b,dip,action_1,75,prior,35
18bdb657-200e-5df2-bf29-8e9c4e8f5c5b,drinks,action_0,100,posterior,8
18bdb657-200e-5df2-bf29-8e9c4e8f5c5b,drinks,action_0,100,prior,32
18bdb657-200e-5df2-bf29-8e9c4e8f5c5b,driving,action_1,100,posterior,74
18bdb657-200e-5df2-bf29-8e9c4e8f5c5b,driving,action_1,100,prior,60
18bdb657-200e-5df2-bf29-8e9c4e8f5c5b,fair,action_2,0,posterior,61
18bdb657-200e-5df2-bf29-8e9c4e8f5c5b,fair,action_2,0,prior,62
18bdb657-200e-5df2-bf29-8e9c4e8f5c5b,gala,action_0,0,posterior,4
18bdb657-200e-5df2-bf29-8e9c4e8f5c5b,gala,action_0,0,prior,31
18bdb657-200e-5df2-bf29-8e9c4e8f5c5b,hike,action_3,75,posterior,37
18bdb657-200e-5df2-bf29-8e9c4e8f5c5b,hike,action_3,75,prior,34
18bdb657-200e-5df2-bf29-8e9c4e8f5c5b,oysters,action_3,0,posterior,70
18bdb657-200e-5df2-bf29-8e9c4e8f5c5b,oysters,action_3,0,prior,79
18bdb657-200e-5df2-bf29-8e9c4e8f5c5b,social,action_3,50,posterior,64
18bdb657-200e-5df2-bf29-8e9c4e8f5c5b,social,action_3,50,prior,62
18bdb657-200e-5df2-bf29-8e9c4e8f5c5b,soup,action_1,50,posterior,73
18bdb657-200e-5df2-bf29-8e9c4e8f5c5b,soup,action_1,50,prior,50
18bdb657-200e-5df2-bf29-8e9c4e8f5c5b,takeout,action_0,75,posterior,31
18bdb657-200e-5df2-bf29-8e9c4e8f5c5b,takeout,action_0,75,prior,60
18bdb657-200e-5df2-bf29-8e9c4e8f5c5b,wedding,action_0,50,posterior,8
18bdb657-200e-5df2-bf29-8e9c4e8f5c5b,wedding,action_0,50,prior,55
18e8a2ed-3f84-59d1-b327-a41f555774fd,apples,action_0,75,posterior,3
18e8a2ed-3f84-59d1-b327-a41f555774fd,apples,action_0,75,prior,50
18e8a2ed-3f84-59d1-b327-a41f555774fd,basketball,action_3,50,posterior,99
18e8a2ed-3f84-59d1-b327-a41f555774fd,basketball,action_3,50,prior,99
18e8a2ed-3f84-59d1-b327-a41f555774fd,birthday,action_3,75,posterior,50
18e8a2ed-3f84-59d1-b327-a41f555774fd,birthday,action_3,75,prior,50
18e8a2ed-3f84-59d1-b327-a41f555774fd,brunch,action_3,100,posterior,99
18e8a2ed-3f84-59d1-b327-a41f555774fd,brunch,action_3,100,prior,50
18e8a2ed-3f84-59d1-b327-a41f555774fd,cooking,action_0,50,posterior,2
18e8a2ed-3f84-59d1-b327-a41f555774fd,cooking,action_0,50,prior,99
18e8a2ed-3f84-59d1-b327-a41f555774fd,dip,action_0,100,posterior,2
18e8a2ed-3f84-59d1-b327-a41f555774fd,dip,action_0,100,prior,100
18e8a2ed-3f84-59d1-b327-a41f555774fd,drinks,action_1,0,posterior,98
18e8a2ed-3f84-59d1-b327-a41f555774fd,drinks,action_1,0,prior,50
18e8a2ed-3f84-59d1-b327-a41f555774fd,driving,action_1,50,posterior,92
18e8a2ed-3f84-59d1-b327-a41f555774fd,driving,action_1,50,prior,93
18e8a2ed-3f84-59d1-b327-a41f555774fd,fair,action_1,75,posterior,98
18e8a2ed-3f84-59d1-b327-a41f555774fd,fair,action_1,75,prior,100
18e8a2ed-3f84-59d1-b327-a41f555774fd,gala,action_1,100,posterior,100
18e8a2ed-3f84-59d1-b327-a41f555774fd,gala,action_1,100,prior,0
18e8a2ed-3f84-59d1-b327-a41f555774fd,hike,action_2,0,posterior,51
18e8a2ed-3f84-59d1-b327-a41f555774fd,hike,action_2,0,prior,50
18e8a2ed-3f84-59d1-b327-a41f555774fd,oysters,action_2,50,posterior,100
18e8a2ed-3f84-59d1-b327-a41f555774fd,oysters,action_2,50,prior,100
18e8a2ed-3f84-59d1-b327-a41f555774fd,social,action_2,75,posterior,100
18e8a2ed-3f84-59d1-b327-a41f555774fd,social,action_2,75,prior,93
18e8a2ed-3f84-59d1-b327-a41f555774fd,soup,action_2,100,posterior,100
18e8a2ed-3f84-59d1-b327-a41f555774fd,soup,action_2,100,prior,50
18e8a2ed-3f84-59d1-b327-a41f555774fd,takeout,action_0,0,posterior,2
18e8a2ed-3f84-59d1-b327-a41f555774fd,takeout,action_0,0,prior,5
18e8a2ed-3f84-59d1-b327-a41f555774fd,wedding,action_3,0,posterior,97
18e8a2ed-3f84-59d1-b327-a41f555774fd,wedding,action_3,0,prior,4
303c308b-41a3-5b43-97c3-e7a5db622e5e,apples,action_1,75,posterior,90
303c308b-41a3-5b43-97c3-e7a5db622e5e,apples,action_1,75,prior,89
303c308b-41a3-5b43-97c3-e7a5db622e5e,basketball,action_2,100,posterior,95
303c308b-41a3-5b43-97c3-e7a5db622e5e,basketball,action_2,100,prior,94
303c308b-41a3-5b43-97c3-e7a5db622e5e,birthday,action_3,0,posterior,83
303c308b-41a3-5b43-97c3-e7a5db622e5e,birthday,action_3,0,prior,85
303c308b-41a3-5b43-97c3-e7a5db622e5e,brunch,action_0,50,posterior,12
303c308b-41a3-5b43-97c3-e7a5db622e5e,brunch,action_0,50,prior,16
303c308b-41a3-5b43-97c3-e7a5db622e5e,cooking,action_3,50,posterior,89
303c308b-41a3-5b43-97c3-e7a5db622e5e,cooking,action_3,50,prior,83
303c308b-41a3-5b43-97c3-e7a5db622e5e,dip,action_2,0,posterior,90
303c308b-41a3-5b43-97c3-e7a5db622e5e,dip,action_2,0,prior,6
303c308b-41a3-5b43-97c3-e7a5db622e5e,drinks,action_1,50,posterior,89
303c308b-41a3-5b43-97c3-e7a5db622e5e,drinks,action_1,50,prior,12
303c308b-41a3-5b43-97c3-e7a5db622e5e,driving,action_2,50,posterior,19
303c308b-41a3-5b43-97c3-e7a5db622e5e,driving,action_2,50,prior,96
303c308b-41a3-5b43-97c3-e7a5db622e5e,fair,action_2,75,posterior,88
303c308b-41a3-5b43-97c3-e7a5db622e5e,fair,action_2,75,prior,85
303c308b-41a3-5b43-97c3-e7a5db622e5e,gala,action_0,75,posterior,10
303c308b-41a3-5b43-97c3-e7a5db622e5e,gala,action_0,75,prior,17
303c308b-41a3-5b43-97c3-e7a5db622e5e,hike,action_0,0,posterior,10
303c308b-41a3-5b43-97c3-e7a5db622e5e,hike,action_0,0,prior,13
303c308b-41a3-5b43-97c3-e7a5db622e5e,oysters,action_3,75,posterior,88
303c308b-41a3-5b43-97c3-e7a5db622e5e,oysters,action_3,75,prior,15
303c308b-41a3-5b43-97c3-e7a5db622e5e,social,action_3,100,posterior,89
303c308b-41a3-5b43-97c3-e7a5db622e5e,social,action_3,100,prior,87
303c308b-41a3-5b43-97c3-e7a5db622e5e,soup,action_1,100,posterior,85
303c308b-41a3-5b43-97c3-e7a5db622e5e,soup,action_1,100,prior,8
303c308b-41a3-5b43-97c3-e7a5db622e5e,takeout,action_1,0,posterior,89
303c308b-41a3-5b43-97c3-e7a5db622e5e,takeout,action_1,0,prior,14
303c308b-41a3-5b43-97c3-e7a5db622e5e,wedding,action_0,100,posterior,8
303c308b-41a3-5b43-97c3-e7a5db622e5e,wedding,action_0,100,prior,89
45a48815-1ed4-58cb-8e06-be2bddbf048e,apples,action_2,50,posterior,77
45a48815-1ed4-58cb-8e06-be2bddbf048e,apples,action_2,50,prior,50
45a48815-1ed4-58cb-8e06-be2bddbf048e,basketball,action_3,75,posterior,81
45a48815-1ed4-58cb-8e06-be2bddbf048e,basketball,action_3,75,prior,50
45a48815-1ed4-58cb-8e06-be2bddbf048e,birthday,action_3,100,posterior,88
45a48815-1ed4-58cb-8e06-be2bddbf048e,birthday,action_3,100,prior,50
45a48815-1ed4-58cb-8e06-be2bddbf048e,brunch,action_1,0,posterior,94
45a48815-1ed4-58cb-8e06-be2bddbf048e,brunch,action_1,0,prior,50
45a48815-1ed4-58cb-8e06-be2bddbf048e,cooking,action_0,0,posterior,26
45a48815-1ed4-58cb-8e06-be2bddbf048e,cooking,action_0,0,prior,60
45a48815-1ed4-58cb-8e06-be2bddbf048e,dip,action_2,100,posterior,88
45a48815-1ed4-58cb-8e06-be2bddbf048e,dip,action_2,100,prior,52
45a48815-1ed4-58cb-8e06-be2bddbf048e,drinks,action_2,0,posterior,94
45a48815-1ed4-58cb-8e06-be2bddbf048e,drinks,action_2,0,prior,50
45a48815-1ed4-58cb-8e06-be2bddbf048e,driving,action_3,0,posterior,91
45a48815-1ed4-58cb-8e06-be2bddbf048e,driving,action_3,0,prior,50
45a48815-1ed4-58cb-8e06-be2bddbf048e,fair,action_3,50,posterior,89
45a48815-1ed4-58cb-8e06-be2bddbf048e,fair,action_3,50,prior,50
45a48815-1ed4-58cb-8e06-be2bddbf048e,gala,action_1,50,posterior,87
45a48815-1ed4-58cb-8e06-be2bddbf048e,gala,action_1,50,prior,50
45a48815-1ed4-58cb-8e06-be2bddbf048e,hike,action_0,100,posterior,23
45a48815-1ed4-58cb-8e06-be2bddbf048e,hike,action_0,100,prior,50
45a48815-1ed4-58cb-8e06-be2bddbf048e,oysters,action_0,50,posterior,8
45a48815-1ed4-58cb-8e06-be2bddbf048e,oysters,action_0,50,prior,50
45a48815-1ed4-58cb-8e06-be2bddbf048e,social,action_0,75,posterior,4
45a48815-1ed4-58cb-8e06-be2bddbf048e,social,action_0,75,prior,67
45a48815-1ed4-58cb-8e06-be2bddbf048e,soup,action_2,75,posterior,83
45a48815-1ed4-58cb-8e06-be2bddbf048e,soup,action_2,75,prior,50
45a48815-1ed4-58cb-8e06-be2bddbf048e,takeout,action_1,100,posterior,86
45a48815-1ed4-58cb-8e06-be2bddbf048e,takeout,action_1,100,prior,50
45a48815-1ed4-58cb-8e06-be2bddbf048e,wedding,action_1,75,posterior,89
45a48815-1ed4-58cb-8e06-be2bddbf048e,wedding,action_1,75,prior,50
4b62dba6-bda6-58c3-8170-ff75ec2f015d,apples,action_2,75,posterior,89
4b62dba6-bda6-58c3-8170-ff75ec2f015d,apples,action_2,75,prior,33
4b62dba6-bda6-58c3-8170-ff75ec2f015d,basketball,action_3,100,posterior,97
4b62dba6-bda6-58c3-8170-ff75ec2f015d,basketball,action_3,100,prior,81
4b62dba6-bda6-58c3-8170-ff75ec2f015d,birthday,action_0,0,posterior,19
4b62dba6-bda6-58c3-8170-ff75ec2f015d,birthday,action_0,0,prior,83
4b62dba6-bda6-58c3-8170-ff75ec2f015d,brunch,action_1,50,posterior,87
4b62dba6-bda6-58c3-8170-ff75ec2f015d,brunch,action_1,50,prior,82
4b62dba6-bda6-58c3-8170-ff75ec2f015d,cooking,action_0,50,posterior,83
4b62dba6-bda6-58c3-8170-ff75ec2f015d,cooking,action_0,50,prior,33
4b62dba6-bda6-58c3-8170-ff75ec2f015d,dip,action_3,0,posterior,94
4b62dba6-bda6-58c3-8170-ff75ec2f015d,dip,action_3,0,prior,83
4b62dba6-bda6-58c3-8170-ff75ec2f015d,drinks,action_2,50,posterior,4
4b62dba6-bda6-58c3-8170-ff75ec2f015d,drinks,action_2,50,prior,79
4b62dba6-bda6-58c3-8170-ff75ec2f015d,driving,action_3,50,posterior,72
4b62dba6-bda6-58c3-8170-ff75ec2f015d,driving,action_3,50,prior,27
4b62dba6-bda6-58c3-8170-ff75ec2f015d,fair,action_3,75,posterior,24
4b62dba6-bda6-58c3-8170-ff75ec2f015d,fair,action_3,75,prior,56
4b62dba6-bda6-58c3-8170-ff75ec2f015d,gala,action_1,75,posterior,80
4b62dba6-bda6-58c3-8170-ff75ec2f015d,gala,action_1,75,prior,89
4b62dba6-bda6-58c3-8170-ff75ec2f015d,hike,action_1,0,posterior,82
4b62dba6-bda6-58c3-8170-ff75ec2f015d,hike,action_1,0,prior,87
4b62dba6-bda6-58c3-8170-ff75ec2f015d,oysters,action_0,75,posterior,14
4b62dba6-bda6-58c3-8170-ff75ec2f015d,oysters,action_0,75,prior,83
4b62dba6-bda6-58c3-8170-ff75ec2f015d,social,action_0,100,posterior,19
4b62dba6-bda6-58c3-8170-ff75ec2f015d,social,action_0,100,prior,83
4b62dba6-bda6-58c3-8170-ff75ec2f015d,soup,action_2,100,posterior,77
4b62dba6-bda6-58c3-8170-ff75ec2f015d,soup,action_2,100,prior,60
4b62dba6-bda6-58c3-8170-ff75ec2f015d,takeout,action_2,0,posterior,81
4b62dba6-bda6-58c3-8170-ff75ec2f015d,takeout,action_2,0,prior,84
4b62dba6-bda6-58c3-8170-ff75ec2f015d,wedding,action_1,100,posterior,58
4b62dba6-bda6-58c3-8170-ff75ec2f015d,wedding,action_1,100,prior,41
8741c2d3-2519-515e-abb6-41cbc9f8f700,apples,action_2,100,posterior,100
8741c2d3-2519-515e-abb6-41cbc9f8f700,apples,action_2,100,prior,53
8741c2d3-2519-515e-abb6-41cbc9f8f700,basketball,action_0,0,posterior,0
8741c2d3-2519-515e-abb6-41cbc9f8f700,basketball,action_0,0,prior,54
8741c2d3-2519-515e-abb6-41cbc9f8f700,birthday,action_0,50,posterior,0
8741c2d3-2519-515e-abb6-41cbc9f8f700,birthday,action_0,50,prior,50
8741c2d3-2519-515e-abb6-41cbc9f8f700,brunch,action_1,75,posterior,55
8741c2d3-2519-515e-abb6-41cbc9f8f700,brunch,action_1,75,prior,54
8741c2d3-2519-515e-abb6-41cbc9f8f700,cooking,action_0,75,posterior,0
8741c2d3-2519-515e-abb6-41cbc9f8f700,cooking,action_0,75,prior,54
8741c2d3-2519-515e-abb6-41cbc9f8f700,dip,action_3,50,posterior,100
8741c2d3-2519-515e-abb6-41cbc9f8f700,dip,action_3,50,prior,50
8741c2d3-2519-515e-abb6-41cbc9f8f700,drinks,action_2,75,posterior,100
8741c2d3-2519-515e-abb6-41cbc9f8f700,drinks,action_2,75,prior,50
8741c2d3-2519-515e-abb6-41cbc9f8f700,driving,action_3,75,posterior,100
8741c2d3-2519-515e-abb6-41cbc9f8f700,driving,action_3,75,prior,49
8741c2d3-2519-515e-abb6-41cbc9f8f700,fair,action_3,100,posterior,100
8741c2d3-2519-515e-abb6-41cbc9f8f700,fair,action_3,100,prior,50
8741c2d3-2519-515e-abb6-41cbc9f8f700,gala,action_1,100,posterior,100
8741c2d3-2519-515e-abb6-41cbc9f8f700,gala,action_1,100,prior,52
8741c2d3-2519-515e-abb6-41cbc9f8f700,hike,action_1,50,posterior,50
8741c2d3-2519-515e-abb6-41cbc9f8f700,hike,action_1,50,prior,52
8741c2d3-2519-515e-abb6-41cbc9f8f700,oysters,action_0,100,posterior,0
8741c2d3-2519-515e-abb6-41cbc9f8f700,oysters,action_0,100,prior,54
8741c2d3-2519-515e-abb6-41cbc9f8f700,social,action_1,0,posterior,100
8741c2d3-2519-515e-abb6-41cbc9f8f700,social,action_1,0,prior,53
8741c2d3-2519-515e-abb6-41cbc9f8f700,soup,action_3,0,posterior,100
8741c2d3-2519-515e-abb6-41cbc9f8f700,soup,action_3,0,prior,50
8741c2d3-2519-515e-abb6-41cbc9f8f700,takeout,action_2,50,posterior,100
8741c2d3-2519-515e-abb6-41cbc9f8f700,takeout,action_2,50,prior,53
8741c2d3-2519-515e-abb6-41cbc9f8f700,wedding,action_2,0,posterior,100
8741c2d3-2519-515e-abb6-41cbc9f8f700,wedding,action_2,0,prior,55
ad0136fa-63e0-559c-ae73-05c5cf91e2df,apples,action_3,0,posterior,50
ad0136fa-63e0-559c-ae73-05c5cf91e2df,apples,action_3,0,prior,50
ad0136fa-63e0-559c-ae73-05c5cf91e2df,basketball,action_1,100,posterior,50
ad0136fa-63e0-559c-ae73-05c5cf91e2df,basketball,action_1,100,prior,50
ad0136fa-63e0-559c-ae73-05c5cf91e2df,birthday,action_2,0,posterior,50
ad0136fa-63e0-559c-ae73-05c5cf91e2df,birthday,action_2,0,prior,50
ad0136fa-63e0-559c-ae73-05c5cf91e2df,brunch,action_2,50,posterior,50
ad0136fa-63e0-559c-ae73-05c5cf91e2df,brunch,action_2,50,prior,50
ad0136fa-63e0-559c-ae73-05c5cf91e2df,cooking,action_2,100,posterior,50
ad0136fa-63e0-559c-ae73-05c5cf91e2df,cooking,action_2,100,prior,50
ad0136fa-63e0-559c-ae73-05c5cf91e2df,dip,action_3,50,posterior,50
ad0136fa-63e0-559c-ae73-05c5cf91e2df,dip,action_3,50,prior,50
ad0136fa-63e0-559c-ae73-05c5cf91e2df,drinks,action_3,75,posterior,50
ad0136fa-63e0-559c-ae73-05c5cf91e2df,drinks,action_3,75,prior,50
ad0136fa-63e0-559c-ae73-05c5cf91e2df,driving,action_3,100,posterior,50
ad0136fa-63e0-559c-ae73-05c5cf91e2df,driving,action_3,100,prior,50
ad0136fa-63e0-559c-ae73-05c5cf91e2df,fair,action_0,0,posterior,50
ad0136fa-63e0-559c-ae73-05c5cf91e2df,fair,action_0,0,prior,50
ad0136fa-63e0-559c-ae73-05c5cf91e2df,gala,action_0,50,posterior,6
ad0136fa-63e0-559c-ae73-05c5cf91e2df,gala,action_0,50,prior,74
ad0136fa-63e0-559c-ae73-05c5cf91e2df,hike,action_0,75,posterior,50
ad0136fa-63e0-559c-ae73-05c5cf91e2df,hike,action_0,75,prior,50
ad0136fa-63e0-559c-ae73-05c5cf91e2df,oysters,action_0,100,posterior,50
ad0136fa-63e0-559c-ae73-05c5cf91e2df,oysters,action_0,100,prior,50
ad0136fa-63e0-559c-ae73-05c5cf91e2df,social,action_1,0,posterior,50
ad0136fa-63e0-559c-ae73-05c5cf91e2df,social,action_1,0,prior,50
ad0136fa-63e0-559c-ae73-05c5cf91e2df,soup,action_1,50,posterior,50
ad0136fa-63e0-559c-ae73-05c5cf91e2df,soup,action_1,50,prior,50
ad0136fa-63e0-559c-ae73-05c5cf91e2df,takeout,action_2,75,posterior,50
ad0136fa-63e0-559c-ae73-05c5cf91e2df,takeout,action_2,75,prior,50
ad0136fa-63e0-559c-ae73-05c5cf91e2df,wedding,action_1,75,posterior,50
ad0136fa-63e0-559c-ae73-05c5cf91e2df,wedding,action_1,75,prior,50
ad0329d1-8f33-559a-9f00-9c08bf0f8aab,apples,action_1,100,posterior,100
ad0329d1-8f33-559a-9f00-9c08bf0f8aab,apples,action_1,100,prior,81
ad0329d1-8f33-559a-9f00-9c08bf0f8aab,basketball,action_0,75,posterior,7
ad0329d1-8f33-559a-9f00-9c08bf0f8aab,basketball,action_0,75,prior,78
ad0329d1-8f33-559a-9f00-9c08bf0f8aab,birthday,action_0,100,posterior,27
ad0329d1-8f33-559a-9f00-9c08bf0f8aab,birthday,action_0,100,prior,50
ad0329d1-8f33-559a-9f00-9c08bf0f8aab,brunch,action_1,0,posterior,100
ad0329d1-8f33-559a-9f00-9c08bf0f8aab,brunch,action_1,0,prior,50
ad0329d1-8f33-559a-9f00-9c08bf0f8aab,cooking,action_1,75,posterior,82
ad0329d1-8f33-559a-9f00-9c08bf0f8aab,cooking,action_1,75,prior,50
ad0329d1-8f33-559a-9f00-9c08bf0f8aab,dip,action_2,0,posterior,24
ad0329d1-8f33-559a-9f00-9c08bf0f8aab,dip,action_2,0,prior,25
ad0329d1-8f33-559a-9f00-9c08bf0f8aab,drinks,action_2,50,posterior,99
ad0329d1-8f33-559a-9f00-9c08bf0f8aab,drinks,action_2,50,prior,50
ad0329d1-8f33-559a-9f00-9c08bf0f8aab,driving,action_2,75,posterior,92
ad0329d1-8f33-559a-9f00-9c08bf0f8aab,driving,action_2,75,prior,62
ad0329d1-8f33-559a-9f00-9c08bf0f8aab,fair,action_2,100,posterior,66
ad0329d1-8f33-559a-9f00-9c08bf0f8aab,fair,action_2,100,prior,50
ad0329d1-8f33-559a-9f00-9c08bf0f8aab,gala,action_3,0,posterior,100
ad0329d1-8f33-559a-9f00-9c08bf0f8aab,gala,action_3,0,prior,0
ad0329d1-8f33-559a-9f00-9c08bf0f8aab,hike,action_3,50,posterior,76
ad0329d1-8f33-559a-9f00-9c08bf0f8aab,hike,action_3,50,prior,50
ad0329d1-8f33-559a-9f00-9c08bf0f8aab,oysters,action_3,75,posterior,100
ad0329d1-8f33-559a-9f00-9c08bf0f8aab,oysters,action_3,75,prior,81
ad0329d1-8f33-559a-9f00-9c08bf0f8aab,social,action_3,100,posterior,100
ad0329d1-8f33-559a-9f00-9c08bf0f8aab,social,action_3,100,prior,75
ad0329d1-8f33-559a-9f00-9c08bf0f8aab,soup,action_0,0,posterior,0
ad0329d1-8f33-559a-9f00-9c08bf0f8aab,soup,action_0,0,prior,0
ad0329d1-8f33-559a-9f00-9c08bf0f8aab,takeout,action_1,50,posterior,76
ad0329d1-8f33-559a-9f00-9c08bf0f8aab,takeout,action_1,50,prior,50
ad0329d1-8f33-559a-9f00-9c08bf0f8aab,wedding,action_0,50,posterior,0
ad0329d1-8f33-559a-9f00-9c08bf0f8aab,wedding,action_0,50,prior,78
b251fa3d-f4d3-5b9b-8369-bf15d657f57f,apples,action_2,50,posterior,52
b251fa3d-f4d3-5b9b-8369-bf15d657f57f,apples,action_2,50,prior,63
b251fa3d-f4d3-5b9b-8369-bf15d657f57f,basketball,action_1,0,posterior,50
b251fa3d-f4d3-5b9b-8369-bf15d657f57f,basketball,action_1,0,prior,50
b251fa3d-f4d3-5b9b-8369-bf15d657f57f,birthday,action_1,50,posterior,30
b251fa3d-f4d3-5b9b-8369-bf15d657f57f,birthday,action_1,50,prior,20
b251fa3d-f4d3-5b9b-8369-bf15d657f57f,brunch,action_1,75,posterior,34
b251fa3d-f4d3-5b9b-8369-bf15d657f57f,brunch,action_1,75,prior,32
b251fa3d-f4d3-5b9b-8369-bf15d657f57f,cooking,action_2,0,posterior,77
b251fa3d-f4d3-5b9b-8369-bf15d657f57f,cooking,action_2,0,prior,79
b251fa3d-f4d3-5b9b-8369-bf15d657f57f,dip,action_2,75,posterior,68
b251fa3d-f4d3-5b9b-8369-bf15d657f57f,dip,action_2,75,prior,73
b251fa3d-f4d3-5b9b-8369-bf15d657f57f,drinks,action_2,100,posterior,50
b251fa3d-f4d3-5b9b-8369-bf15d657f57f,drinks,action_2,100,prior,50
b251fa3d-f4d3-5b9b-8369-bf15d657f57f,driving,action_3,0,posterior,71
b251fa3d-f4d3-5b9b-8369-bf15d657f57f,driving,action_3,0,prior,67
b251fa3d-f4d3-5b9b-8369-bf15d657f57f,fair,action_3,50,posterior,54
b251fa3d-f4d3-5b9b-8369-bf15d657f57f,fair,action_3,50,prior,16
b251fa3d-f4d3-5b9b-8369-bf15d657f57f,gala,action_3,75,posterior,72
b251fa3d-f4d3-5b9b-8369-bf15d657f57f,gala,action_3,75,prior,66
b251fa3d-f4d3-5b9b-8369-bf15d657f57f,hike,action_3,100,posterior,35
b251fa3d-f4d3-5b9b-8369-bf15d657f57f,hike,action_3,100,prior,30
b251fa3d-f4d3-5b9b-8369-bf15d657f57f,oysters,action_0,0,posterior,68
b251fa3d-f4d3-5b9b-8369-bf15d657f57f,oysters,action_0,0,prior,76
b251fa3d-f4d3-5b9b-8369-bf15d657f57f,social,action_0,50,posterior,13
b251fa3d-f4d3-5b9b-8369-bf15d657f57f,social,action_0,50,prior,16
b251fa3d-f4d3-5b9b-8369-bf15d657f57f,soup,action_0,75,posterior,50
b251fa3d-f4d3-5b9b-8369-bf15d657f57f,soup,action_0,75,prior,73
b251fa3d-f4d3-5b9b-8369-bf15d657f57f,takeout,action_1,100,posterior,50
b251fa3d-f4d3-5b9b-8369-bf15d657f57f,takeout,action_1,100,prior,34
b251fa3d-f4d3-5b9b-8369-bf15d657f57f,wedding,action_0,100,posterior,50
b251fa3d-f4d3-5b9b-8369-bf15d657f57f,wedding,action_0,100,prior,88
b9ee84f1-da54-5f4a-9468-db3e24067e32,apples,action_1,50,posterior,100
b9ee84f1-da54-5f4a-9468-db3e24067e32,apples,action_1,50,prior,59
b9ee84f1-da54-5f4a-9468-db3e24067e32,basketball,action_2,75,posterior,95
b9ee84f1-da54-5f4a-9468-db3e24067e32,basketball,action_2,75,prior,78
b9ee84f1-da54-5f4a-9468-db3e24067e32,birthday,action_2,100,posterior,95
b9ee84f1-da54-5f4a-9468-db3e24067e32,birthday,action_2,100,prior,50
b9ee84f1-da54-5f4a-9468-db3e24067e32,brunch,action_0,0,posterior,10
b9ee84f1-da54-5f4a-9468-db3e24067e32,brunch,action_0,0,prior,57
b9ee84f1-da54-5f4a-9468-db3e24067e32,cooking,action_3,0,posterior,93
b9ee84f1-da54-5f4a-9468-db3e24067e32,cooking,action_3,0,prior,43
b9ee84f1-da54-5f4a-9468-db3e24067e32,dip,action_1,100,posterior,100
b9ee84f1-da54-5f4a-9468-db3e24067e32,dip,action_1,100,prior,60
b9ee84f1-da54-5f4a-9468-db3e24067e32,drinks,action_1,0,posterior,69
b9ee84f1-da54-5f4a-9468-db3e24067e32,drinks,action_1,0,prior,21
b9ee84f1-da54-5f4a-9468-db3e24067e32,driving,action_2,0,posterior,99
b9ee84f1-da54-5f4a-9468-db3e24067e32,driving,action_2,0,prior,71
b9ee84f1-da54-5f4a-9468-db3e24067e32,fair,action_2,50,posterior,71
b9ee84f1-da54-5f4a-9468-db3e24067e32,fair,action_2,50,prior,32
b9ee84f1-da54-5f4a-9468-db3e24067e32,gala,action_0,50,posterior,18
b9ee84f1-da54-5f4a-9468-db3e24067e32,gala,action_0,50,prior,65
b9ee84f1-da54-5f4a-9468-db3e24067e32,hike,action_3,100,posterior,56
b9ee84f1-da54-5f4a-9468-db3e24067e32,hike,action_3,100,prior,34
b9ee84f1-da54-5f4a-9468-db3e24067e32,oysters,action_3,50,posterior,100
b9ee84f1-da54-5f4a-9468-db3e24067e32,oysters,action_3,50,prior,81
b9ee84f1-da54-5f4a-9468-db3e24067e32,social,action_3,75,posterior,99
b9ee84f1-da54-5f4a-9468-db3e24067e32,social,action_3,75,prior,58
b9ee84f1-da54-5f4a-9468-db3e24067e32,soup,action_1,75,posterior,98
b9ee84f1-da54-5f4a-9468-db3e24067e32,soup,action_1,75,prior,25
b9ee84f1-da54-5f4a-9468-db3e24067e32,takeout,action_0,100,posterior,0
b9ee84f1-da54-5f4a-9468-db3e24067e32,takeout,action_0,100,prior,53
b9ee84f1-da54-5f4a-9468-db3e24067e32,wedding,action_0,75,posterior,19
b9ee84f1-da54-5f4a-9468-db3e24067e32,wedding,action_0,75,prior,73
bd674c71-4ef4-534e-bdca-0738610832a3,apples,action_2,0,posterior,66
bd674c71-4ef4-534e-bdca-0738610832a3,apples,action_2,0,prior,59
bd674c71-4ef4-534e-bdca-0738610832a3,basketball,action_3,50,posterior,64
bd674c71-4ef4-534e-bdca-0738610832a3,basketball,action_3,50,prior,59
bd674c71-4ef4-534e-bdca-0738610832a3,birthday,action_3,75,posterior,56
bd674c71-4ef4-534e-bdca-0738610832a3,birthday,action_3,75,prior,59
bd674c71-4ef4-534e-bdca-0738610832a3,brunch,action_0,100,posterior,42
bd674c71-4ef4-534e-bdca-0738610832a3,brunch,action_0,100,prior,67
bd674c71-4ef4-534e-bdca-0738610832a3,cooking,action_3,100,posterior,60
bd674c71-4ef4-534e-bdca-0738610832a3,cooking,action_3,100,prior,62
bd674c71-4ef4-534e-bdca-0738610832a3,dip,action_2,75,posterior,66
bd674c71-4ef4-534e-bdca-0738610832a3,dip,action_2,75,prior,58
bd674c71-4ef4-534e-bdca-0738610832a3,drinks,action_1,100,posterior,51
bd674c71-4ef4-534e-bdca-0738610832a3,drinks,action_1,100,prior,57
bd674c71-4ef4-534e-bdca-0738610832a3,driving,action_2,100,posterior,70
bd674c71-4ef4-534e-bdca-0738610832a3,driving,action_2,100,prior,57
bd674c71-4ef4-534e-bdca-0738610832a3,fair,action_3,0,posterior,65
bd674c71-4ef4-534e-bdca-0738610832a3,fair,action_3,0,prior,44
bd674c71-4ef4-534e-bdca-0738610832a3,gala,action_1,0,posterior,65
bd674c71-4ef4-534e-bdca-0738610832a3,gala,action_1,0,prior,67
bd674c71-4ef4-534e-bdca-0738610832a3,hike,action_0,75,posterior,60
bd674c71-4ef4-534e-bdca-0738610832a3,hike,action_0,75,prior,56
bd674c71-4ef4-534e-bdca-0738610832a3,oysters,action_0,0,posterior,56
bd674c71-4ef4-534e-bdca-0738610832a3,oysters,action_0,0,prior,57
bd674c71-4ef4-534e-bdca-0738610832a3,social,action_0,50,posterior,60
bd674c71-4ef4-534e-bdca-0738610832a3,social,action_0,50,prior,59
bd674c71-4ef4-534e-bdca-0738610832a3,soup,action_2,50,posterior,62
bd674c71-4ef4-534e-bdca-0738610832a3,soup,action_2,50,prior,65
bd674c71-4ef4-534e-bdca-0738610832a3,takeout,action_1,75,posterior,96
bd674c71-4ef4-534e-bdca-0738610832a3,takeout,action_1,75,prior,64
bd674c71-4ef4-534e-bdca-0738610832a3,wedding,action_1,50,posterior,62
bd674c71-4ef4-534e-bdca-0738610832a3,wedding,action_1,50,prior,59
bfac9234-8d7a-54b0-bbbc-42de99785e13,apples,action_0,50,posterior,100
bfac9234-8d7a-54b0-bbbc-42de99785e13,apples,action_0,50,prior,100
bfac9234-8d7a-54b0-bbbc-42de99785e13,basketball,action_3,0,posterior,100
bfac9234-8d7a-54b0-bbbc-42de99785e13,basketball,action_3,0,prior,50
bfac9234-8d7a-54b0-bbbc-42de99785e13,birthday,action_3,50,posterior,95
bfac9234-8d7a-54b0-bbbc-42de99785e13,birthday,action_3,50,prior,50
bfac9234-8d7a-54b0-bbbc-42de99785e13,brunch,action_3,75,posterior,0
bfac9234-8d7a-54b0-bbbc-42de99785e13,brunch,action_3,75,prior,0
bfac9234-8d7a-54b0-bbbc-42de99785e13,cooking,action_0,0,posterior,50
bfac9234-8d7a-54b0-bbbc-42de99785e13,cooking,action_0,0,prior,50
bfac9234-8d7a-54b0-bbbc-42de99785e13,dip,action_0,75,posterior,50
bfac9234-8d7a-54b0-bbbc-42de99785e13,dip,action_0,75,prior,50
bfac9234-8d7a-54b0-bbbc-42de99785e13,drinks,action_0,100,posterior,50
bfac9234-8d7a-54b0-bbbc-42de99785e13,drinks,action_0,100,prior,50
bfac9234-8d7a-54b0-bbbc-42de99785e13,driving,action_1,0,posterior,50
bfac9234-8d7a-54b0-bbbc-42de99785e13,driving,action_1,0,prior,100
bfac9234-8d7a-54b0-bbbc-42de99785e13,fair,action_1,50,posterior,50
bfac9234-8d7a-54b0-bbbc-42de99785e13,fair,action_1,50,prior,50
bfac9234-8d7a-54b0-bbbc-42de99785e13,gala,action_1,75,posterior,100
bfac9234-8d7a-54b0-bbbc-42de99785e13,gala,action_1,75,prior,100
bfac9234-8d7a-54b0-bbbc-42de99785e13,hike,action_1,100,posterior,0
bfac9234-8d7a-54b0-bbbc-42de99785e13,hike,action_1,100,prior,50
bfac9234-8d7a-54b0-bbbc-42de99785e13,oysters,action_2,0,posterior,50
bfac9234-8d7a-54b0-bbbc-42de99785e13,oysters,action_2,0,prior,51
bfac9234-8d7a-54b0-bbbc-42de99785e13,social,action_2,50,posterior,100
bfac9234-8d7a-54b0-bbbc-42de99785e13,social,action_2,50,prior,49
bfac9234-8d7a-54b0-bbbc-42de99785e13,soup,action_2,75,posterior,100
bfac9234-8d7a-54b0-bbbc-42de99785e13,soup,action_2,75,prior,100
bfac9234-8d7a-54b0-bbbc-42de99785e13,takeout,action_3,100,posterior,50
bfac9234-8d7a-54b0-bbbc-42de99785e13,takeout,action_3,100,prior,50
bfac9234-8d7a-54b0-bbbc-42de99785e13,wedding,action_2,100,posterior,100
bfac9234-8d7a-54b0-bbbc-42de99785e13,wedding,action_2,100,prior,100
cc04dbc9-0a14-5324-95c5-949550f4553a,apples,action_2,100,posterior,100
cc04dbc9-0a14-5324-95c5-949550f4553a,apples,action_2,100,prior,52
cc04dbc9-0a14-5324-95c5-949550f4553a,basketball,action_1,75,posterior,100
cc04dbc9-0a14-5324-95c5-949550f4553a,basketball,action_1,75,prior,73
cc04dbc9-0a14-5324-95c5-949550f4553a,birthday,action_1,100,posterior,100
cc04dbc9-0a14-5324-95c5-949550f4553a,birthday,action_1,100,prior,48
cc04dbc9-0a14-5324-95c5-949550f4553a,brunch,action_2,0,posterior,100
cc04dbc9-0a14-5324-95c5-949550f4553a,brunch,action_2,0,prior,22
cc04dbc9-0a14-5324-95c5-949550f4553a,cooking,action_2,75,posterior,100
cc04dbc9-0a14-5324-95c5-949550f4553a,cooking,action_2,75,prior,60
cc04dbc9-0a14-5324-95c5-949550f4553a,dip,action_3,0,posterior,100
cc04dbc9-0a14-5324-95c5-949550f4553a,dip,action_3,0,prior,15
cc04dbc9-0a14-5324-95c5-949550f4553a,drinks,action_3,50,posterior,73
cc04dbc9-0a14-5324-95c5-949550f4553a,drinks,action_3,50,prior,17
cc04dbc9-0a14-5324-95c5-949550f4553a,driving,action_3,75,posterior,86
cc04dbc9-0a14-5324-95c5-949550f4553a,driving,action_3,75,prior,70
cc04dbc9-0a14-5324-95c5-949550f4553a,fair,action_3,100,posterior,100
cc04dbc9-0a14-5324-95c5-949550f4553a,fair,action_3,100,prior,20
cc04dbc9-0a14-5324-95c5-949550f4553a,gala,action_0,0,posterior,0
cc04dbc9-0a14-5324-95c5-949550f4553a,gala,action_0,0,prior,100
cc04dbc9-0a14-5324-95c5-949550f4553a,hike,action_0,50,posterior,0
cc04dbc9-0a14-5324-95c5-949550f4553a,hike,action_0,50,prior,30
cc04dbc9-0a14-5324-95c5-949550f4553a,oysters,action_0,75,posterior,23
cc04dbc9-0a14-5324-95c5-949550f4553a,oysters,action_0,75,prior,93
cc04dbc9-0a14-5324-95c5-949550f4553a,social,action_0,100,posterior,0
cc04dbc9-0a14-5324-95c5-949550f4553a,social,action_0,100,prior,48
cc04dbc9-0a14-5324-95c5-949550f4553a,soup,action_1,0,posterior,100
cc04dbc9-0a14-5324-95c5-949550f4553a,soup,action_1,0,prior,14
cc04dbc9-0a14-5324-95c5-949550f4553a,takeout,action_2,50,posterior,99
cc04dbc9-0a14-5324-95c5-949550f4553a,takeout,action_2,50,prior,33
cc04dbc9-0a14-5324-95c5-949550f4553a,wedding,action_1,50,posterior,100
cc04dbc9-0a14-5324-95c5-949550f4553a,wedding,action_1,50,prior,53
e59eb9b2-3ba9-50bb-8f72-5014d9db0647,apples,action_2,75,posterior,100
e59eb9b2-3ba9-50bb-8f72-5014d9db0647,apples,action_2,75,prior,62
e59eb9b2-3ba9-50bb-8f72-5014d9db0647,basketball,action_1,50,posterior,100
e59eb9b2-3ba9-50bb-8f72-5014d9db0647,basketball,action_1,50,prior,100
e59eb9b2-3ba9-50bb-8f72-5014d9db0647,birthday,action_1,75,posterior,100
e59eb9b2-3ba9-50bb-8f72-5014d9db0647,birthday,action_1,75,prior,79
e59eb9b2-3ba9-50bb-8f72-5014d9db0647,brunch,action_1,100,posterior,100
e59eb9b2-3ba9-50bb-8f72-5014d9db0647,brunch,action_1,100,prior,70
e59eb9b2-3ba9-50bb-8f72-5014d9db0647,cooking,action_2,50,posterior,82
e59eb9b2-3ba9-50bb-8f72-5014d9db0647,cooking,action_2,50,prior,100
e59eb9b2-3ba9-50bb-8f72-5014d9db0647,dip,action_2,100,posterior,100
e59eb9b2-3ba9-50bb-8f72-5014d9db0647,dip,action_2,100,prior,100
e59eb9b2-3ba9-50bb-8f72-5014d9db0647,drinks,action_3,0,posterior,100
e59eb9b2-3ba9-50bb-8f72-5014d9db0647,drinks,action_3,0,prior,40
e59eb9b2-3ba9-50bb-8f72-5014d9db0647,driving,action_3,50,posterior,75
e59eb9b2-3ba9-50bb-8f72-5014d9db0647,driving,action_3,50,prior,85
e59eb9b2-3ba9-50bb-8f72-5014d9db0647,fair,action_3,75,posterior,81
e59eb9b2-3ba9-50bb-8f72-5014d9db0647,fair,action_3,75,prior,50
e59eb9b2-3ba9-50bb-8f72-5014d9db0647,gala,action_3,100,posterior,100
e59eb9b2-3ba9-50bb-8f72-5014d9db0647,gala,action_3,100,prior,100
e59eb9b2-3ba9-50bb-8f72-5014d9db0647,hike,action_0,0,posterior,0
e59eb9b2-3ba9-50bb-8f72-5014d9db0647,hike,action_0,0,prior,36
e59eb9b2-3ba9-50bb-8f72-5014d9db0647,oysters,action_0,50,posterior,50
e59eb9b2-3ba9-50bb-8f72-5014d9db0647,oysters,action_0,50,prior,89
e59eb9b2-3ba9-50bb-8f72-5014d9db0647,social,action_0,75,posterior,13
e59eb9b2-3ba9-50bb-8f72-5014d9db0647,social,action_0,75,prior,50
e59eb9b2-3ba9-50bb-8f72-5014d9db0647,soup,action_0,100,posterior,29
e59eb9b2-3ba9-50bb-8f72-5014d9db0647,soup,action_0,100,prior,100
e59eb9b2-3ba9-50bb-8f72-5014d9db0647,takeout,action_2,0,posterior,84
e59eb9b2-3ba9-50bb-8f72-5014d9db0647,takeout,action_2,0,prior,20
e59eb9b2-3ba9-50bb-8f72-5014d9db0647,wedding,action_1,0,posterior,100
e59eb9b2-3ba9-50bb-8f72-5014d9db0647,wedding,action_1,0,prior,50
e5cda85a-03bc-5138-8cf1-de2900f69d86,apples,action_1,100,posterior,85
e5cda85a-03bc-5138-8cf1-de2900f69d86,apples,action_1,100,prior,88
e5cda85a-03bc-5138-8cf1-de2900f69d86,basketball,action_3,0,posterior,100
e5cda85a-03bc-5138-8cf1-de2900f69d86,basketball,action_3,0,prior,55
e5cda85a-03bc-5138-8cf1-de2900f69d86,birthday,action_3,50,posterior,100
e5cda85a-03bc-5138-8cf1-de2900f69d86,birthday,action_3,50,prior,68
e5cda85a-03bc-5138-8cf1-de2900f69d86,brunch,action_0,75,posterior,95
e5cda85a-03bc-5138-8cf1-de2900f69d86,brunch,action_0,75,prior,100
e5cda85a-03bc-5138-8cf1-de2900f69d86,cooking,action_3,75,posterior,100
e5cda85a-03bc-5138-8cf1-de2900f69d86,cooking,action_3,75,prior,100
e5cda85a-03bc-5138-8cf1-de2900f69d86,dip,action_2,50,posterior,93
e5cda85a-03bc-5138-8cf1-de2900f69d86,dip,action_2,50,prior,62
e5cda85a-03bc-5138-8cf1-de2900f69d86,drinks,action_1,75,posterior,100
e5cda85a-03bc-5138-8cf1-de2900f69d86,drinks,action_1,75,prior,93
e5cda85a-03bc-5138-8cf1-de2900f69d86,driving,action_2,75,posterior,45
e5cda85a-03bc-5138-8cf1-de2900f69d86,driving,action_2,75,prior,16
e5cda85a-03bc-5138-8cf1-de2900f69d86,fair,action_2,100,posterior,72
e5cda85a-03bc-5138-8cf1-de2900f69d86,fair,action_2,100,prior,49
e5cda85a-03bc-5138-8cf1-de2900f69d86,gala,action_0,100,posterior,2
e5cda85a-03bc-5138-8cf1-de2900f69d86,gala,action_0,100,prior,81
e5cda85a-03bc-5138-8cf1-de2900f69d86,hike,action_0,50,posterior,0
e5cda85a-03bc-5138-8cf1-de2900f69d86,hike,action_0,50,prior,19
e5cda85a-03bc-5138-8cf1-de2900f69d86,oysters,action_3,100,posterior,100
e5cda85a-03bc-5138-8cf1-de2900f69d86,oysters,action_3,100,prior,100
e5cda85a-03bc-5138-8cf1-de2900f69d86,social,action_0,0,posterior,4
e5cda85a-03bc-5138-8cf1-de2900f69d86,social,action_0,0,prior,46
e5cda85a-03bc-5138-8cf1-de2900f69d86,soup,action_2,0,posterior,95
e5cda85a-03bc-5138-8cf1-de2900f69d86,soup,action_2,0,prior,50
e5cda85a-03bc-5138-8cf1-de2900f69d86,takeout,action_1,50,posterior,100
e5cda85a-03bc-5138-8cf1-de2900f69d86,takeout,action_1,50,prior,89
e5cda85a-03bc-5138-8cf1-de2900f69d86,wedding,action_1,0,posterior,100
e5cda85a-03bc-5138-8cf1-de2900f69d86,wedding,action_1,0,prior,3
e7fe3685-574d-53ea-bb9e-9228e646fe92,apples,action_0,0,posterior,50
e7fe3685-574d-53ea-bb9e-9228e646fe92,apples,action_0,0,prior,50
e7fe3685-574d-53ea-bb9e-9228e646fe92,basketball,action_2,100,posterior,95
e7fe3685-574d-53ea-bb9e-9228e646fe92,basketball,action_2,100,prior,50
e7fe3685-574d-53ea-bb9e-9228e646fe92,birthday,action_3,0,posterior,100
e7fe3685-574d-53ea-bb9e-9228e646fe92,birthday,action_3,0,prior,50
e7fe3685-574d-53ea-bb9e-9228e646fe92,brunch,action_3,50,posterior,100
e7fe3685-574d-53ea-bb9e-9228e646fe92,brunch,action_3,50,prior,50
e7fe3685-574d-53ea-bb9e-9228e646fe92,cooking,action_3,100,posterior,100
e7fe3685-574d-53ea-bb9e-9228e646fe92,cooking,action_3,100,prior,96
e7fe3685-574d-53ea-bb9e-9228e646fe92,dip,action_0,50,posterior,0
e7fe3685-574d-53ea-bb9e-9228e646fe92,dip,action_0,50,prior,50
e7fe3685-574d-53ea-bb9e-9228e646fe92,drinks,action_0,75,posterior,50
e7fe3685-574d-53ea-bb9e-9228e646fe92,drinks,action_0,75,prior,50
e7fe3685-574d-53ea-bb9e-9228e646fe92,driving,action_0,100,posterior,70
e7fe3685-574d-53ea-bb9e-9228e646fe92,driving,action_0,100,prior,50
e7fe3685-574d-53ea-bb9e-9228e646fe92,fair,action_1,0,posterior,79
e7fe3685-574d-53ea-bb9e-9228e646fe92,fair,action_1,0,prior,18
e7fe3685-574d-53ea-bb9e-9228e646fe92,gala,action_1,50,posterior,100
e7fe3685-574d-53ea-bb9e-9228e646fe92,gala,action_1,50,prior,21
e7fe3685-574d-53ea-bb9e-9228e646fe92,hike,action_1,75,posterior,83
e7fe3685-574d-53ea-bb9e-9228e646fe92,hike,action_1,75,prior,50
e7fe3685-574d-53ea-bb9e-9228e646fe92,oysters,action_1,100,posterior,93
e7fe3685-574d-53ea-bb9e-9228e646fe92,oysters,action_1,100,prior,19
e7fe3685-574d-53ea-bb9e-9228e646fe92,social,action_2,0,posterior,94
e7fe3685-574d-53ea-bb9e-9228e646fe92,social,action_2,0,prior,50
e7fe3685-574d-53ea-bb9e-9228e646fe92,soup,action_2,50,posterior,50
e7fe3685-574d-53ea-bb9e-9228e646fe92,soup,action_2,50,prior,50
e7fe3685-574d-53ea-bb9e-9228e646fe92,takeout,action_3,75,posterior,50
e7fe3685-574d-53ea-bb9e-9228e646fe92,takeout,action_3,75,prior,50
e7fe3685-574d-53ea-bb9e-9228e646fe92,wedding,action_2,75,posterior,100
e7fe3685-574d-53ea-bb9e-9228e646fe92,wedding,action_2,75,prior,50
f2cf7b4e-af25-5b34-806d-a1c83a9b2dd0,apples,action_3,100,posterior,54
f2cf7b4e-af25-5b34-806d-a1c83a9b2dd0,apples,action_3,100,prior,10
f2cf7b4e-af25-5b34-806d-a1c83a9b2dd0,basketball,action_2,75,posterior,94
f2cf7b4e-af25-5b34-806d-a1c83a9b2dd0,basketball,action_2,75,prior,100
f2cf7b4e-af25-5b34-806d-a1c83a9b2dd0,birthday,action_2,100,posterior,91
f2cf7b4e-af25-5b34-806d-a1c83a9b2dd0,birthday,action_2,100,prior,52
f2cf7b4e-af25-5b34-806d-a1c83a9b2dd0,brunch,action_3,0,posterior,86
f2cf7b4e-af25-5b34-806d-a1c83a9b2dd0,brunch,action_3,0,prior,9
f2cf7b4e-af25-5b34-806d-a1c83a9b2dd0,cooking,action_3,75,posterior,96
f2cf7b4e-af25-5b34-806d-a1c83a9b2dd0,cooking,action_3,75,prior,94
f2cf7b4e-af25-5b34-806d-a1c83a9b2dd0,dip,action_0,0,posterior,7
f2cf7b4e-af25-5b34-806d-a1c83a9b2dd0,dip,action_0,0,prior,90
f2cf7b4e-af25-5b34-806d-a1c83a9b2dd0,drinks,action_0,50,posterior,14
f2cf7b4e-af25-5b34-806d-a1c83a9b2dd0,drinks,action_0,50,prior,7
f2cf7b4e-af25-5b34-806d-a1c83a9b2dd0,driving,action_0,75,posterior,37
f2cf7b4e-af25-5b34-806d-a1c83a9b2dd0,driving,action_0,75,prior,96
f2cf7b4e-af25-5b34-806d-a1c83a9b2dd0,fair,action_0,100,posterior,100
f2cf7b4e-af25-5b34-806d-a1c83a9b2dd0,fair,action_0,100,prior,90
f2cf7b4e-af25-5b34-806d-a1c83a9b2dd0,gala,action_1,0,posterior,95
f2cf7b4e-af25-5b34-806d-a1c83a9b2dd0,gala,action_1,0,prior,91
f2cf7b4e-af25-5b34-806d-a1c83a9b2dd0,hike,action_1,50,posterior,51
f2cf7b4e-af25-5b34-806d-a1c83a9b2dd0,hike,action_1,50,prior,9
f2cf7b4e-af25-5b34-806d-a1c83a9b2dd0,oysters,action_1,75,posterior,89
f2cf7b4e-af25-5b34-806d-a1c83a9b2dd0,oysters,action_1,75,prior,91
f2cf7b4e-af25-5b34-806d-a1c83a9b2dd0,social,action_1,100,posterior,88
f2cf7b4e-af25-5b34-806d-a1c83a9b2dd0,social,action_1,100,prior,85
f2cf7b4e-af25-5b34-806d-a1c83a9b2dd0,soup,action_2,0,posterior,15
f2cf7b4e-af25-5b34-806d-a1c83a9b2dd0,soup,action_2,0,prior,92
f2cf7b4e-af25-5b34-806d-a1c83a9b2dd0,takeout,action_3,50,posterior,95
f2cf7b4e-af25-5b34-806d-a1c83a9b2dd0,takeout,action_3,50,prior,10
f2cf7b4e-af25-5b34-806d-a1c83a9b2dd0,wedding,action_2,50,posterior,87
f2cf7b4e-af25-5b34-806d-a1c83a9b2dd0,wedding,action_2,50,prior,79
