scenario_label,observed_action,intimacy,model,p_high
apples,0,0,full_padded,0.27103984355926514
apples,0,50,full_padded,0.2755662798881531
apples,0,75,full_padded,0.27293330430984497
apples,0,100,full_padded,0.2923840284347534
apples,1,0,full_padded,0.7133964896202087
apples,1,50,full_padded,0.6944529414176941
apples,1,75,full_padded,0.65987229347229
apples,1,100,full_padded,0.6519577503204346
apples,2,0,full_padded,0.7018431425094604
apples,2,50,full_padded,0.7160195112228394
apples,2,75,full_padded,0.762912929058075
apples,2,100,full_padded,0.6983510851860046
apples,3,0,full_padded,0.7637292146682739
apples,3,50,full_padded,0.7050833702087402
apples,3,75,full_padded,0.7262202501296997
apples,3,100,full_padded,0.7381146550178528
basketball,0,0,full_padded,0.19925086200237274
basketball,0,50,full_padded,0.2204369306564331
basketball,0,75,full_padded,0.23486332595348358
basketball,0,100,full_padded,0.2396157681941986
basketball,1,0,full_padded,0.5794341564178467
basketball,1,50,full_padded,0.635333240032196
basketball,1,75,full_padded,0.6060013771057129
basketball,1,100,full_padded,0.6209134459495544
basketball,2,0,full_padded,0.6173403859138489
basketball,2,50,full_padded,0.6014111042022705
basketball,2,75,full_padded,0.6275267601013184
basketball,2,100,full_padded,0.6067953705787659
basketball,3,0,full_padded,0.6153061389923096
basketball,3,50,full_padded,0.6219229698181152
basketball,3,75,full_padded,0.5897853970527649
basketball,3,100,full_padded,0.6371620297431946
birthday,0,0,full_padded,0.2946649491786957
birthday,0,50,full_padded,0.42002275586128235
birthday,0,75,full_padded,0.3493761420249939
birthday,0,100,full_padded,0.29181423783302307
birthday,1,0,full_padded,0.7076370716094971
birthday,1,50,full_padded,0.7283451557159424
birthday,1,75,full_padded,0.7148371338844299
birthday,1,100,full_padded,0.7215138077735901
birthday,2,0,full_padded,0.6752138137817383
birthday,2,50,full_padded,0.6791922450065613
birthday,2,75,full_padded,0.677205502986908
birthday,2,100,full_padded,0.6908215880393982
birthday,3,0,full_padded,0.670129120349884
birthday,3,50,full_padded,0.6683382987976074
birthday,3,75,full_padded,0.6883134841918945
birthday,3,100,full_padded,0.6924458146095276
brunch,0,0,full_padded,0.7217502593994141
brunch,0,50,full_padded,0.7066473960876465
brunch,0,75,full_padded,0.7112065553665161
brunch,0,100,full_padded,0.7154462337493896
brunch,1,0,full_padded,0.7650976777076721
brunch,1,50,full_padded,0.7583014965057373
brunch,1,75,full_padded,0.7561416029930115
brunch,1,100,full_padded,0.7641351819038391
brunch,2,0,full_padded,0.7666164636611938
brunch,2,50,full_padded,0.7268537282943726
brunch,2,75,full_padded,0.7287906408309937
brunch,2,100,full_padded,0.7470482587814331
brunch,3,0,full_padded,0.8158685564994812
brunch,3,50,full_padded,0.7797150611877441
brunch,3,75,full_padded,0.7830629348754883
brunch,3,100,full_padded,0.7825948596000671
cooking,0,0,full_padded,0.22331926226615906
cooking,0,50,full_padded,0.20992517471313477
cooking,0,75,full_padded,0.23033176362514496
cooking,0,100,full_padded,0.22139909863471985
cooking,1,0,full_padded,0.6970798969268799
cooking,1,50,full_padded,0.7902348637580872
cooking,1,75,full_padded,0.7601736783981323
cooking,1,100,full_padded,0.7642393112182617
cooking,2,0,full_padded,0.8911205530166626
cooking,2,50,full_padded,0.8969478011131287
cooking,2,75,full_padded,0.7866133451461792
cooking,2,100,full_padded,0.7585585117340088
cooking,3,0,full_padded,0.9151456952095032
cooking,3,50,full_padded,0.9126904010772705
cooking,3,75,full_padded,0.8618706464767456
cooking,3,100,full_padded,0.8593001365661621
dip,0,0,full_padded,0.21189893782138824
dip,0,50,full_padded,0.1572888195514679
dip,0,75,full_padded,0.16497519612312317
dip,0,100,full_padded,0.1801721602678299
dip,1,0,full_padded,0.8742091059684753
dip,1,50,full_padded,0.906679093837738
dip,1,75,full_padded,0.795455813407898
dip,1,100,full_padded,0.8743083477020264
dip,2,0,full_padded,0.8648579716682434
dip,2,50,full_padded,0.9032739996910095
dip,2,75,full_padded,0.8721727728843689
dip,2,100,full_padded,0.8747496008872986
dip,3,0,full_padded,0.7635599970817566
dip,3,50,full_padded,0.8859589695930481
dip,3,75,full_padded,0.8617125749588013
dip,3,100,full_padded,0.8875207304954529
drinks,0,0,full_padded,0.37401068210601807
drinks,0,50,full_padded,0.37545982003211975
drinks,0,75,full_padded,0.36487844586372375
drinks,0,100,full_padded,0.3657422959804535
drinks,1,0,full_padded,0.86493319272995
drinks,1,50,full_padded,0.8541532158851624
drinks,1,75,full_padded,0.8730964660644531
drinks,1,100,full_padded,0.8653852343559265
drinks,2,0,full_padded,0.8201925158500671
drinks,2,50,full_padded,0.8801652789115906
drinks,2,75,full_padded,0.8934074640274048
drinks,2,100,full_padded,0.8457087278366089
drinks,3,0,full_padded,0.8450446724891663
drinks,3,50,full_padded,0.8610750436782837
drinks,3,75,full_padded,0.8537590503692627
drinks,3,100,full_padded,0.8541116714477539
driving,0,0,full_padded,0.402055948972702
driving,0,50,full_padded,0.35861876606941223
driving,0,75,full_padded,0.38907116651535034
driving,0,100,full_padded,0.3647145628929138
driving,1,0,full_padded,0.7124491333961487
driving,1,50,full_padded,0.7224977612495422
driving,1,75,full_padded,0.7346513271331787
driving,1,100,full_padded,0.7439147233963013
driving,2,0,full_padded,0.7328500151634216
driving,2,50,full_padded,0.7325748205184937
driving,2,75,full_padded,0.7291788458824158
driving,2,100,full_padded,0.7214529514312744
driving,3,0,full_padded,0.7264932990074158
driving,3,50,full_padded,0.7182104587554932
driving,3,75,full_padded,0.7368770241737366
driving,3,100,full_padded,0.7282744646072388
fair,0,0,full_padded,0.2196386456489563
fair,0,50,full_padded,0.20282340049743652
fair,0,75,full_padded,0.2358010858297348
fair,0,100,full_padded,0.23893903195858002
fair,1,0,full_padded,0.456332266330719
fair,1,50,full_padded,0.4894603192806244
fair,1,75,full_padded,0.43583813309669495
fair,1,100,full_padded,0.4668428897857666
fair,2,0,full_padded,0.47400757670402527
fair,2,50,full_padded,0.5485734343528748
fair,2,75,full_padded,0.4848558306694031
fair,2,100,full_padded,0.4577740430831909
fair,3,0,full_padded,0.7966158986091614
fair,3,50,full_padded,0.8097848892211914
fair,3,75,full_padded,0.7441422343254089
fair,3,100,full_padded,0.7543677091598511
gala,0,0,full_padded,0.21252579987049103
gala,0,50,full_padded,0.20729103684425354
gala,0,75,full_padded,0.2256804257631302
gala,0,100,full_padded,0.22749477624893188
gala,1,0,full_padded,0.8510718941688538
gala,1,50,full_padded,0.8680614829063416
gala,1,75,full_padded,0.841106116771698
gala,1,100,full_padded,0.8909623026847839
gala,2,0,full_padded,0.8885661363601685
gala,2,50,full_padded,0.8821218609809875
gala,2,75,full_padded,0.8650097846984863
gala,2,100,full_padded,0.8968924880027771
gala,3,0,full_padded,0.9170796275138855
gala,3,50,full_padded,0.920464038848877
gala,3,75,full_padded,0.9077033996582031
gala,3,100,full_padded,0.9230039715766907
hike,0,0,full_padded,0.3245156705379486
hike,0,50,full_padded,0.32942259311676025
hike,0,75,full_padded,0.3043977916240692
hike,0,100,full_padded,0.29043909907341003
hike,1,0,full_padded,0.7504690885543823
hike,1,50,full_padded,0.7842574119567871
hike,1,75,full_padded,0.7344469428062439
hike,1,100,full_padded,0.7225053310394287
hike,2,0,full_padded,0.6724421977996826
hike,2,50,full_padded,0.6394625306129456
hike,2,75,full_padded,0.6765887141227722
hike,2,100,full_padded,0.6599896550178528
hike,3,0,full_padded,0.7451178431510925
hike,3,50,full_padded,0.7588282227516174
hike,3,75,full_padded,0.7616732120513916
hike,3,100,full_padded,0.7554565668106079
oysters,0,0,full_padded,0.4411402642726898
oysters,0,50,full_padded,0.40173664689064026
oysters,0,75,full_padded,0.37180083990097046
oysters,0,100,full_padded,0.35117438435554504
oysters,1,0,full_padded,0.6998549699783325
oysters,1,50,full_padded,0.7310966849327087
oysters,1,75,full_padded,0.7327595353126526
oysters,1,100,full_padded,0.7343720197677612
oysters,2,0,full_padded,0.6610356569290161
oysters,2,50,full_padded,0.645237386226654
oysters,2,75,full_padded,0.6042805910110474
oysters,2,100,full_padded,0.6650996804237366
oysters,3,0,full_padded,0.7799930572509766
oysters,3,50,full_padded,0.8083231449127197
oysters,3,75,full_padded,0.7914984226226807
oysters,3,100,full_padded,0.7499300241470337
social,0,0,full_padded,0.37945500016212463
social,0,50,full_padded,0.443050742149353
social,0,75,full_padded,0.4524573087692261
social,0,100,full_padded,0.38714978098869324
social,1,0,full_padded,0.7573463916778564
social,1,50,full_padded,0.7454415559768677
social,1,75,full_padded,0.7468221783638
social,1,100,full_padded,0.7309541702270508
social,2,0,full_padded,0.7216038107872009
social,2,50,full_padded,0.6911208629608154
social,2,75,full_padded,0.7233707904815674
social,2,100,full_padded,0.7097235321998596
social,3,0,full_padded,0.7827685475349426
social,3,50,full_padded,0.7878997325897217
social,3,75,full_padded,0.7869002223014832
social,3,100,full_padded,0.7759947180747986
soup,0,0,full_padded,0.40068647265434265
soup,0,50,full_padded,0.41094353795051575
soup,0,75,full_padded,0.410133421421051
soup,0,100,full_padded,0.39711081981658936
soup,1,0,full_padded,0.687587559223175
soup,1,50,full_padded,0.7166494727134705
soup,1,75,full_padded,0.6789714694023132
soup,1,100,full_padded,0.7124589681625366
soup,2,0,full_padded,0.6945024132728577
soup,2,50,full_padded,0.6612935066223145
soup,2,75,full_padded,0.6523230671882629
soup,2,100,full_padded,0.6495894193649292
soup,3,0,full_padded,0.6555181741714478
soup,3,50,full_padded,0.6708885431289673
soup,3,75,full_padded,0.672870397567749
soup,3,100,full_padded,0.6507249474525452
takeout,0,0,full_padded,0.25796329975128174
takeout,0,50,full_padded,0.2630807161331177
takeout,0,75,full_padded,0.26822736859321594
takeout,0,100,full_padded,0.2887454628944397
takeout,1,0,full_padded,0.5885317921638489
takeout,1,50,full_padded,0.5791038274765015
takeout,1,75,full_padded,0.581641435623169
takeout,1,100,full_padded,0.5462076663970947
takeout,2,0,full_padded,0.5835257768630981
takeout,2,50,full_padded,0.5871884822845459
takeout,2,75,full_padded,0.5848569273948669
takeout,2,100,full_padded,0.5918933749198914
takeout,3,0,full_padded,0.4652731120586395
takeout,3,50,full_padded,0.4744901657104492
takeout,3,75,full_padded,0.4517269730567932
takeout,3,100,full_padded,0.4951985776424408
wedding,0,0,full_padded,0.17749778926372528
wedding,0,50,full_padded,0.19448600709438324
wedding,0,75,full_padded,0.19178733229637146
wedding,0,100,full_padded,0.18978561460971832
wedding,1,0,full_padded,0.5784754157066345
wedding,1,50,full_padded,0.5856441855430603
wedding,1,75,full_padded,0.5900270938873291
wedding,1,100,full_padded,0.5856238007545471
wedding,2,0,full_padded,0.617199718952179
wedding,2,50,full_padded,0.6038057208061218
wedding,2,75,full_padded,0.5999736189842224
wedding,2,100,full_padded,0.6168153285980225
wedding,3,0,full_padded,0.7201378345489502
wedding,3,50,full_padded,0.7194609642028809
wedding,3,75,full_padded,0.6934530138969421
wedding,3,100,full_padded,0.7145053744316101
apples,0,0,discomfort_only_padded,0.5
apples,0,50,discomfort_only_padded,0.5
apples,0,75,discomfort_only_padded,0.5
apples,0,100,discomfort_only_padded,0.5
apples,1,0,discomfort_only_padded,0.5
apples,1,50,discomfort_only_padded,0.5
apples,1,75,discomfort_only_padded,0.5
apples,1,100,discomfort_only_padded,0.5
apples,2,0,discomfort_only_padded,0.5
apples,2,50,discomfort_only_padded,0.5
apples,2,75,discomfort_only_padded,0.5
apples,2,100,discomfort_only_padded,0.5
apples,3,0,discomfort_only_padded,0.5
apples,3,50,discomfort_only_padded,0.5
apples,3,75,discomfort_only_padded,0.5
apples,3,100,discomfort_only_padded,0.5
basketball,0,0,discomfort_only_padded,0.5
basketball,0,50,discomfort_only_padded,0.5
basketball,0,75,discomfort_only_padded,0.5
basketball,0,100,discomfort_only_padded,0.5
basketball,1,0,discomfort_only_padded,0.5
basketball,1,50,discomfort_only_padded,0.5
basketball,1,75,discomfort_only_padded,0.5
basketball,1,100,discomfort_only_padded,0.5
basketball,2,0,discomfort_only_padded,0.5
basketball,2,50,discomfort_only_padded,0.5
basketball,2,75,discomfort_only_padded,0.5
basketball,2,100,discomfort_only_padded,0.5
basketball,3,0,discomfort_only_padded,0.5
basketball,3,50,discomfort_only_padded,0.5
basketball,3,75,discomfort_only_padded,0.5
basketball,3,100,discomfort_only_padded,0.5
birthday,0,0,discomfort_only_padded,0.5
birthday,0,50,discomfort_only_padded,0.5
birthday,0,75,discomfort_only_padded,0.5
birthday,0,100,discomfort_only_padded,0.5
birthday,1,0,discomfort_only_padded,0.5
birthday,1,50,discomfort_only_padded,0.5
birthday,1,75,discomfort_only_padded,0.5
birthday,1,100,discomfort_only_padded,0.5
birthday,2,0,discomfort_only_padded,0.5
birthday,2,50,discomfort_only_padded,0.5
birthday,2,75,discomfort_only_padded,0.5
birthday,2,100,discomfort_only_padded,0.5
birthday,3,0,discomfort_only_padded,0.5
birthday,3,50,discomfort_only_padded,0.5
birthday,3,75,discomfort_only_padded,0.5
birthday,3,100,discomfort_only_padded,0.5
brunch,0,0,discomfort_only_padded,0.5
brunch,0,50,discomfort_only_padded,0.5
brunch,0,75,discomfort_only_padded,0.5
brunch,0,100,discomfort_only_padded,0.5
brunch,1,0,discomfort_only_padded,0.5
brunch,1,50,discomfort_only_padded,0.5
brunch,1,75,discomfort_only_padded,0.5
brunch,1,100,discomfort_only_padded,0.5
brunch,2,0,discomfort_only_padded,0.5
brunch,2,50,discomfort_only_padded,0.5
brunch,2,75,discomfort_only_padded,0.5
brunch,2,100,discomfort_only_padded,0.5
brunch,3,0,discomfort_only_padded,0.5
brunch,3,50,discomfort_only_padded,0.5
brunch,3,75,discomfort_only_padded,0.5
brunch,3,100,discomfort_only_padded,0.5
cooking,0,0,discomfort_only_padded,0.5
cooking,0,50,discomfort_only_padded,0.5
cooking,0,75,discomfort_only_padded,0.5
cooking,0,100,discomfort_only_padded,0.5
cooking,1,0,discomfort_only_padded,0.5
cooking,1,50,discomfort_only_padded,0.5
cooking,1,75,discomfort_only_padded,0.5
cooking,1,100,discomfort_only_padded,0.5
cooking,2,0,discomfort_only_padded,0.5
cooking,2,50,discomfort_only_padded,0.5
cooking,2,75,discomfort_only_padded,0.5
cooking,2,100,discomfort_only_padded,0.5
cooking,3,0,discomfort_only_padded,0.5
cooking,3,50,discomfort_only_padded,0.5
cooking,3,75,discomfort_only_padded,0.5
cooking,3,100,discomfort_only_padded,0.5
dip,0,0,discomfort_only_padded,0.5
dip,0,50,discomfort_only_padded,0.5
dip,0,75,discomfort_only_padded,0.5
dip,0,100,discomfort_only_padded,0.5
dip,1,0,discomfort_only_padded,0.5
dip,1,50,discomfort_only_padded,0.5
dip,1,75,discomfort_only_padded,0.5
dip,1,100,discomfort_only_padded,0.5
dip,2,0,discomfort_only_padded,0.5
dip,2,50,discomfort_only_padded,0.5
dip,2,75,discomfort_only_padded,0.5
dip,2,100,discomfort_only_padded,0.5
dip,3,0,discomfort_only_padded,0.5
dip,3,50,discomfort_only_padded,0.5
dip,3,75,discomfort_only_padded,0.5
dip,3,100,discomfort_only_padded,0.5
drinks,0,0,discomfort_only_padded,0.5
drinks,0,50,discomfort_only_padded,0.5
drinks,0,75,discomfort_only_padded,0.5
drinks,0,100,discomfort_only_padded,0.5
drinks,1,0,discomfort_only_padded,0.5
drinks,1,50,discomfort_only_padded,0.5
drinks,1,75,discomfort_only_padded,0.5
drinks,1,100,discomfort_only_padded,0.5
drinks,2,0,discomfort_only_padded,0.5
drinks,2,50,discomfort_only_padded,0.5
drinks,2,75,discomfort_only_padded,0.5
drinks,2,100,discomfort_only_padded,0.5
drinks,3,0,discomfort_only_padded,0.5
drinks,3,50,discomfort_only_padded,0.5
drinks,3,75,discomfort_only_padded,0.5
drinks,3,100,discomfort_only_padded,0.5
driving,0,0,discomfort_only_padded,0.5
driving,0,50,discomfort_only_padded,0.5
driving,0,75,discomfort_only_padded,0.5
driving,0,100,discomfort_only_padded,0.5
driving,1,0,discomfort_only_padded,0.5
driving,1,50,discomfort_only_padded,0.5
driving,1,75,discomfort_only_padded,0.5
driving,1,100,discomfort_only_padded,0.5
driving,2,0,discomfort_only_padded,0.5
driving,2,50,discomfort_only_padded,0.5
driving,2,75,discomfort_only_padded,0.5
driving,2,100,discomfort_only_padded,0.5
driving,3,0,discomfort_only_padded,0.5
driving,3,50,discomfort_only_padded,0.5
driving,3,75,discomfort_only_padded,0.5
driving,3,100,discomfort_only_padded,0.5
fair,0,0,discomfort_only_padded,0.5
fair,0,50,discomfort_only_padded,0.5
fair,0,75,discomfort_only_padded,0.5
fair,0,100,discomfort_only_padded,0.5
fair,1,0,discomfort_only_padded,0.5
fair,1,50,discomfort_only_padded,0.5
fair,1,75,discomfort_only_padded,0.5
fair,1,100,discomfort_only_padded,0.5
fair,2,0,discomfort_only_padded,0.5
fair,2,50,discomfort_only_padded,0.5
fair,2,75,discomfort_only_padded,0.5
fair,2,100,discomfort_only_padded,0.5
fair,3,0,discomfort_only_padded,0.5
fair,3,50,discomfort_only_padded,0.5
fair,3,75,discomfort_only_padded,0.5
fair,3,100,discomfort_only_padded,0.5
gala,0,0,discomfort_only_padded,0.5
gala,0,50,discomfort_only_padded,0.5
gala,0,75,discomfort_only_padded,0.5
gala,0,100,discomfort_only_padded,0.5
gala,1,0,discomfort_only_padded,0.5
gala,1,50,discomfort_only_padded,0.5
gala,1,75,discomfort_only_padded,0.5
gala,1,100,discomfort_only_padded,0.5
gala,2,0,discomfort_only_padded,0.5
gala,2,50,discomfort_only_padded,0.5
gala,2,75,discomfort_only_padded,0.5
gala,2,100,discomfort_only_padded,0.5
gala,3,0,discomfort_only_padded,0.5
gala,3,50,discomfort_only_padded,0.5
gala,3,75,discomfort_only_padded,0.5
gala,3,100,discomfort_only_padded,0.5
hike,0,0,discomfort_only_padded,0.5
hike,0,50,discomfort_only_padded,0.5
hike,0,75,discomfort_only_padded,0.5
hike,0,100,discomfort_only_padded,0.5
hike,1,0,discomfort_only_padded,0.5
hike,1,50,discomfort_only_padded,0.5
hike,1,75,discomfort_only_padded,0.5
hike,1,100,discomfort_only_padded,0.5
hike,2,0,discomfort_only_padded,0.5
hike,2,50,discomfort_only_padded,0.5
hike,2,75,discomfort_only_padded,0.5
hike,2,100,discomfort_only_padded,0.5
hike,3,0,discomfort_only_padded,0.5
hike,3,50,discomfort_only_padded,0.5
hike,3,75,discomfort_only_padded,0.5
hike,3,100,discomfort_only_padded,0.5
oysters,0,0,discomfort_only_padded,0.5
oysters,0,50,discomfort_only_padded,0.5
oysters,0,75,discomfort_only_padded,0.5
oysters,0,100,discomfort_only_padded,0.5
oysters,1,0,discomfort_only_padded,0.5
oysters,1,50,discomfort_only_padded,0.5
oysters,1,75,discomfort_only_padded,0.5
oysters,1,100,discomfort_only_padded,0.5
oysters,2,0,discomfort_only_padded,0.5
oysters,2,50,discomfort_only_padded,0.5
oysters,2,75,discomfort_only_padded,0.5
oysters,2,100,discomfort_only_padded,0.5
oysters,3,0,discomfort_only_padded,0.5
oysters,3,50,discomfort_only_padded,0.5
oysters,3,75,discomfort_only_padded,0.5
oysters,3,100,discomfort_only_padded,0.5
social,0,0,discomfort_only_padded,0.5
social,0,50,discomfort_only_padded,0.5
social,0,75,discomfort_only_padded,0.5
social,0,100,discomfort_only_padded,0.5
social,1,0,discomfort_only_padded,0.5
social,1,50,discomfort_only_padded,0.5
social,1,75,discomfort_only_padded,0.5
social,1,100,discomfort_only_padded,0.5
social,2,0,discomfort_only_padded,0.5
social,2,50,discomfort_only_padded,0.5
social,2,75,discomfort_only_padded,0.5
social,2,100,discomfort_only_padded,0.5
social,3,0,discomfort_only_padded,0.5
social,3,50,discomfort_only_padded,0.5
social,3,75,discomfort_only_padded,0.5
social,3,100,discomfort_only_padded,0.5
soup,0,0,discomfort_only_padded,0.5
soup,0,50,discomfort_only_padded,0.5
soup,0,75,discomfort_only_padded,0.5
soup,0,100,discomfort_only_padded,0.5
soup,1,0,discomfort_only_padded,0.5
soup,1,50,discomfort_only_padded,0.5
soup,1,75,discomfort_only_padded,0.5
soup,1,100,discomfort_only_padded,0.5
soup,2,0,discomfort_only_padded,0.5
soup,2,50,discomfort_only_padded,0.5
soup,2,75,discomfort_only_padded,0.5
soup,2,100,discomfort_only_padded,0.5
soup,3,0,discomfort_only_padded,0.5
soup,3,50,discomfort_only_padded,0.5
soup,3,75,discomfort_only_padded,0.5
soup,3,100,discomfort_only_padded,0.5
takeout,0,0,discomfort_only_padded,0.5
takeout,0,50,discomfort_only_padded,0.5
takeout,0,75,discomfort_only_padded,0.5
takeout,0,100,discomfort_only_padded,0.5
takeout,1,0,discomfort_only_padded,0.5
takeout,1,50,discomfort_only_padded,0.5
takeout,1,75,discomfort_only_padded,0.5
takeout,1,100,discomfort_only_padded,0.5
takeout,2,0,discomfort_only_padded,0.5
takeout,2,50,discomfort_only_padded,0.5
takeout,2,75,discomfort_only_padded,0.5
takeout,2,100,discomfort_only_padded,0.5
takeout,3,0,discomfort_only_padded,0.5
takeout,3,50,discomfort_only_padded,0.5
takeout,3,75,discomfort_only_padded,0.5
takeout,3,100,discomfort_only_padded,0.5
wedding,0,0,discomfort_only_padded,0.5
wedding,0,50,discomfort_only_padded,0.5
wedding,0,75,discomfort_only_padded,0.5
wedding,0,100,discomfort_only_padded,0.5
wedding,1,0,discomfort_only_padded,0.5
wedding,1,50,discomfort_only_padded,0.5
wedding,1,75,discomfort_only_padded,0.5
wedding,1,100,discomfort_only_padded,0.5
wedding,2,0,discomfort_only_padded,0.5
wedding,2,50,discomfort_only_padded,0.5
wedding,2,75,discomfort_only_padded,0.5
wedding,2,100,discomfort_only_padded,0.5
wedding,3,0,discomfort_only_padded,0.5
wedding,3,50,discomfort_only_padded,0.5
wedding,3,75,discomfort_only_padded,0.5
wedding,3,100,discomfort_only_padded,0.5
apples,0,0,base_padded,0.24971476197242737
apples,0,50,base_padded,0.2657221257686615
apples,0,75,base_padded,0.24977374076843262
apples,0,100,base_padded,0.2851213216781616
apples,1,0,base_padded,0.7318028807640076
apples,1,50,base_padded,0.6802049279212952
apples,1,75,base_padded,0.6793051958084106
apples,1,100,base_padded,0.6598849296569824
apples,2,0,base_padded,0.7135664224624634
apples,2,50,base_padded,0.7429352402687073
apples,2,75,base_padded,0.783338725566864
apples,2,100,base_padded,0.7085830569267273
apples,3,0,base_padded,0.7786588072776794
apples,3,50,base_padded,0.7144827842712402
apples,3,75,base_padded,0.7303754091262817
apples,3,100,base_padded,0.7303081750869751
basketball,0,0,base_padded,0.19728654623031616
basketball,0,50,base_padded,0.23161400854587555
basketball,0,75,base_padded,0.2467784285545349
basketball,0,100,base_padded,0.24374781548976898
basketball,1,0,base_padded,0.5800991654396057
basketball,1,50,base_padded,0.6340811252593994
basketball,1,75,base_padded,0.5982773303985596
basketball,1,100,base_padded,0.616603434085846
basketball,2,0,base_padded,0.6180737614631653
basketball,2,50,base_padded,0.6035012006759644
basketball,2,75,base_padded,0.6078366041183472
basketball,2,100,base_padded,0.5948135256767273
basketball,3,0,base_padded,0.5967505574226379
basketball,3,50,base_padded,0.6092888712882996
basketball,3,75,base_padded,0.5619694590568542
basketball,3,100,base_padded,0.6083583831787109
birthday,0,0,base_padded,0.28144416213035583
birthday,0,50,base_padded,0.4044434428215027
birthday,0,75,base_padded,0.33748385310173035
birthday,0,100,base_padded,0.28922876715660095
birthday,1,0,base_padded,0.7104827165603638
birthday,1,50,base_padded,0.7351898550987244
birthday,1,75,base_padded,0.7302525043487549
birthday,1,100,base_padded,0.7131077647209167
birthday,2,0,base_padded,0.679530918598175
birthday,2,50,base_padded,0.6762701272964478
birthday,2,75,base_padded,0.6673585772514343
birthday,2,100,base_padded,0.679994523525238
birthday,3,0,base_padded,0.6606435179710388
birthday,3,50,base_padded,0.6796968579292297
birthday,3,75,base_padded,0.6861359477043152
birthday,3,100,base_padded,0.6834268569946289
brunch,0,0,base_padded,0.7232399582862854
brunch,0,50,base_padded,0.722553551197052
brunch,0,75,base_padded,0.7267852425575256
brunch,0,100,base_padded,0.7340019941329956
brunch,1,0,base_padded,0.7727174162864685
brunch,1,50,base_padded,0.7602251172065735
brunch,1,75,base_padded,0.7577916383743286
brunch,1,100,base_padded,0.7702212333679199
brunch,2,0,base_padded,0.7568618059158325
brunch,2,50,base_padded,0.7364397644996643
brunch,2,75,base_padded,0.741195559501648
brunch,2,100,base_padded,0.7503552436828613
brunch,3,0,base_padded,0.8200704455375671
brunch,3,50,base_padded,0.7750545144081116
brunch,3,75,base_padded,0.7785957455635071
brunch,3,100,base_padded,0.771672248840332
cooking,0,0,base_padded,0.19687311351299286
cooking,0,50,base_padded,0.16424016654491425
cooking,0,75,base_padded,0.1886557936668396
cooking,0,100,base_padded,0.20897814631462097
cooking,1,0,base_padded,0.6538496613502502
cooking,1,50,base_padded,0.7403591871261597
cooking,1,75,base_padded,0.7239174842834473
cooking,1,100,base_padded,0.7331291437149048
cooking,2,0,base_padded,0.8741922378540039
cooking,2,50,base_padded,0.8846714496612549
cooking,2,75,base_padded,0.7478525042533875
cooking,2,100,base_padded,0.7095638513565063
cooking,3,0,base_padded,0.9042983651161194
cooking,3,50,base_padded,0.9008749723434448
cooking,3,75,base_padded,0.8173679113388062
cooking,3,100,base_padded,0.8181987404823303
dip,0,0,base_padded,0.199372798204422
dip,0,50,base_padded,0.13993090391159058
dip,0,75,base_padded,0.1411956548690796
dip,0,100,base_padded,0.1607363373041153
dip,1,0,base_padded,0.901094913482666
dip,1,50,base_padded,0.9227867126464844
dip,1,75,base_padded,0.853071391582489
dip,1,100,base_padded,0.8929504156112671
dip,2,0,base_padded,0.8781829476356506
dip,2,50,base_padded,0.9125012755393982
dip,2,75,base_padded,0.8867319226264954
dip,2,100,base_padded,0.8947712779045105
dip,3,0,base_padded,0.7417098879814148
dip,3,50,base_padded,0.8958992958068848
dip,3,75,base_padded,0.8654270172119141
dip,3,100,base_padded,0.893807590007782
drinks,0,0,base_padded,0.2728728652000427
drinks,0,50,base_padded,0.28627291321754456
drinks,0,75,base_padded,0.29482609033584595
drinks,0,100,base_padded,0.2714117169380188
drinks,1,0,base_padded,0.8337209224700928
drinks,1,50,base_padded,0.8228045105934143
drinks,1,75,base_padded,0.8702857494354248
drinks,1,100,base_padded,0.8253817558288574
drinks,2,0,base_padded,0.7484235763549805
drinks,2,50,base_padded,0.8515579104423523
drinks,2,75,base_padded,0.8658814430236816
drinks,2,100,base_padded,0.7959404587745667
drinks,3,0,base_padded,0.7686055302619934
drinks,3,50,base_padded,0.804886519908905
drinks,3,75,base_padded,0.7936897277832031
drinks,3,100,base_padded,0.809836745262146
driving,0,0,base_padded,0.40820470452308655
driving,0,50,base_padded,0.4024786353111267
driving,0,75,base_padded,0.4154244363307953
driving,0,100,base_padded,0.40446844696998596
driving,1,0,base_padded,0.7550609707832336
driving,1,50,base_padded,0.7732661366462708
driving,1,75,base_padded,0.7657828330993652
driving,1,100,base_padded,0.7815868854522705
driving,2,0,base_padded,0.7603040337562561
driving,2,50,base_padded,0.7601392865180969
driving,2,75,base_padded,0.7613221406936646
driving,2,100,base_padded,0.7586551308631897
driving,3,0,base_padded,0.6901236772537231
driving,3,50,base_padded,0.7302045822143555
driving,3,75,base_padded,0.7219367623329163
driving,3,100,base_padded,0.7209881544113159
fair,0,0,base_padded,0.22174577414989471
fair,0,50,base_padded,0.19778209924697876
fair,0,75,base_padded,0.2171926349401474
fair,0,100,base_padded,0.22127752006053925
fair,1,0,base_padded,0.45260050892829895
fair,1,50,base_padded,0.4844134747982025
fair,1,75,base_padded,0.4381953179836273
fair,1,100,base_padded,0.45312127470970154
fair,2,0,base_padded,0.490043580532074
fair,2,50,base_padded,0.5575945973396301
fair,2,75,base_padded,0.4936197102069855
fair,2,100,base_padded,0.4778826832771301
fair,3,0,base_padded,0.8203509449958801
fair,3,50,base_padded,0.8246022462844849
fair,3,75,base_padded,0.7561783790588379
fair,3,100,base_padded,0.760703444480896
gala,0,0,base_padded,0.16601312160491943
gala,0,50,base_padded,0.1657285839319229
gala,0,75,base_padded,0.1628759801387787
gala,0,100,base_padded,0.18231353163719177
gala,1,0,base_padded,0.8305516839027405
gala,1,50,base_padded,0.8620909452438354
gala,1,75,base_padded,0.821417510509491
gala,1,100,base_padded,0.8927428722381592
gala,2,0,base_padded,0.8757575154304504
gala,2,50,base_padded,0.870835542678833
gala,2,75,base_padded,0.8466805219650269
gala,2,100,base_padded,0.8811802268028259
gala,3,0,base_padded,0.8956165313720703
gala,3,50,base_padded,0.9009581208229065
gala,3,75,base_padded,0.8857539296150208
gala,3,100,base_padded,0.8999833464622498
hike,0,0,base_padded,0.2980739176273346
hike,0,50,base_padded,0.2912319302558899
hike,0,75,base_padded,0.2526280879974365
hike,0,100,base_padded,0.25912320613861084
hike,1,0,base_padded,0.7378543019294739
hike,1,50,base_padded,0.7746831178665161
hike,1,75,base_padded,0.7054605484008789
hike,1,100,base_padded,0.6921723484992981
hike,2,0,base_padded,0.6431751847267151
hike,2,50,base_padded,0.6070935130119324
hike,2,75,base_padded,0.6572455763816833
hike,2,100,base_padded,0.6297647356987
hike,3,0,base_padded,0.7239527106285095
hike,3,50,base_padded,0.7490969300270081
hike,3,75,base_padded,0.7504072189331055
hike,3,100,base_padded,0.7317311763763428
oysters,0,0,base_padded,0.42948397994041443
oysters,0,50,base_padded,0.39676982164382935
oysters,0,75,base_padded,0.38934996724128723
oysters,0,100,base_padded,0.368427038192749
oysters,1,0,base_padded,0.7485875487327576
oysters,1,50,base_padded,0.7762930393218994
oysters,1,75,base_padded,0.7843400239944458
oysters,1,100,base_padded,0.7671672701835632
oysters,2,0,base_padded,0.6986858248710632
oysters,2,50,base_padded,0.6834816336631775
oysters,2,75,base_padded,0.6516081690788269
oysters,2,100,base_padded,0.6827259063720703
oysters,3,0,base_padded,0.8274753093719482
oysters,3,50,base_padded,0.8438127040863037
oysters,3,75,base_padded,0.8240340948104858
oysters,3,100,base_padded,0.7975190281867981
social,0,0,base_padded,0.41829413175582886
social,0,50,base_padded,0.4527296721935272
social,0,75,base_padded,0.4577190577983856
social,0,100,base_padded,0.4113817512989044
social,1,0,base_padded,0.788477897644043
social,1,50,base_padded,0.7651203870773315
social,1,75,base_padded,0.7592648863792419
social,1,100,base_padded,0.7532001733779907
social,2,0,base_padded,0.7334461808204651
social,2,50,base_padded,0.709151029586792
social,2,75,base_padded,0.7457576990127563
social,2,100,base_padded,0.7126070857048035
social,3,0,base_padded,0.8006040453910828
social,3,50,base_padded,0.8032304644584656
social,3,75,base_padded,0.8071693778038025
social,3,100,base_padded,0.7962077260017395
soup,0,0,base_padded,0.38433223962783813
soup,0,50,base_padded,0.3940028250217438
soup,0,75,base_padded,0.3934009075164795
soup,0,100,base_padded,0.38112112879753113
soup,1,0,base_padded,0.6956132650375366
soup,1,50,base_padded,0.7203962206840515
soup,1,75,base_padded,0.6879640817642212
soup,1,100,base_padded,0.7174848318099976
soup,2,0,base_padded,0.6921922564506531
soup,2,50,base_padded,0.6472804546356201
soup,2,75,base_padded,0.6370528340339661
soup,2,100,base_padded,0.6431604027748108
soup,3,0,base_padded,0.6362655162811279
soup,3,50,base_padded,0.6474714875221252
soup,3,75,base_padded,0.6521384716033936
soup,3,100,base_padded,0.6253383159637451
takeout,0,0,base_padded,0.2511635720729828
takeout,0,50,base_padded,0.2641325294971466
takeout,0,75,base_padded,0.2617274224758148
takeout,0,100,base_padded,0.2811545431613922
takeout,1,0,base_padded,0.5924604535102844
takeout,1,50,base_padded,0.5791689157485962
takeout,1,75,base_padded,0.5834778547286987
takeout,1,100,base_padded,0.5526096224784851
takeout,2,0,base_padded,0.5768673419952393
takeout,2,50,base_padded,0.5842194557189941
takeout,2,75,base_padded,0.5734242796897888
takeout,2,100,base_padded,0.5811880826950073
takeout,3,0,base_padded,0.4647218585014343
takeout,3,50,base_padded,0.47099655866622925
takeout,3,75,base_padded,0.44013282656669617
takeout,3,100,base_padded,0.49365612864494324
wedding,0,0,base_padded,0.15111887454986572
wedding,0,50,base_padded,0.17544135451316833
wedding,0,75,base_padded,0.1694336086511612
wedding,0,100,base_padded,0.16698653995990753
wedding,1,0,base_padded,0.5782357454299927
wedding,1,50,base_padded,0.5869501829147339
wedding,1,75,base_padded,0.5909504294395447
wedding,1,100,base_padded,0.5857427716255188
wedding,2,0,base_padded,0.6050338745117188
wedding,2,50,base_padded,0.6062764525413513
wedding,2,75,base_padded,0.598857581615448
wedding,2,100,base_padded,0.6161700487136841
wedding,3,0,base_padded,0.7130236029624939
wedding,3,50,base_padded,0.7116166949272156
wedding,3,75,base_padded,0.6887056231498718
wedding,3,100,base_padded,0.7046656012535095
